{
    "timestamps": [
        0.0,
        0.5,
        1.0,
        1.5,
        2.0,
        2.5,
        3.0,
        3.5,
        4.0,
        4.5,
        5.0,
        5.5,
        6.0,
        6.5,
        7.0,
        7.5,
        8.0,
        8.5,
        9.0,
        9.5,
        10.0,
        10.5,
        11.0,
        11.5,
        12.0,
        12.5,
        13.0,
        13.5,
        14.0,
        14.5,
        15.0,
        15.5,
        16.0,
        16.5,
        17.0,
        17.5,
        18.0,
        18.5,
        19.0,
        19.5,
        20.0,
        20.5,
        21.0,
        21.5,
        22.0,
        22.5,
        23.0,
        23.5,
        24.0,
        24.5,
        25.0,
        25.5,
        26.0,
        26.5,
        27.0,
        27.5,
        28.0,
        28.5,
        29.0,
        29.5,
        30.0
    ],
    "bandwidths": [
        0.1,
        11.546944,
        27.792,
        20.928,
        19.608,
        24.12,
        23.256,
        13.8,
        11.808,
        8.808,
        9.264,
        17.328,
        20.256,
        13.92,
        23.952,
        26.088,
        32.52,
        29.808,
        29.04,
        23.4,
        18.84,
        24.648,
        24.192,
        18.624,
        15.936,
        16.368,
        18.456,
        14.472,
        10.848,
        17.928,
        18.48,
        16.68,
        12.432,
        3.528,
        5.856,
        7.248,
        6.288,
        9.528,
        7.584,
        5.88,
        6.936,
        6.816,
        9.672,
        11.04,
        11.496,
        9.624,
        9.648,
        8.664,
        9.504,
        5.592,
        6.888,
        10.656,
        9.24,
        11.664,
        12.24,
        12.552,
        13.296,
        8.064,
        13.104,
        11.952,
        17.88
    ],
    "delays": [
        14.786999999999999
    ],
    "loss": 0,
    "queue": 10,
    "delay_noise": 0,
    "T_s": 0
}