{
    "timestamps": [
        0.0,
        0.5,
        1.0,
        1.5,
        2.0,
        2.5,
        3.0,
        3.5,
        4.0,
        4.5,
        5.0,
        5.5,
        6.0,
        6.5,
        7.0,
        7.5,
        8.0,
        8.5,
        9.0,
        9.5,
        10.0,
        10.5,
        11.0,
        11.5,
        12.0,
        12.5,
        13.0,
        13.5,
        14.0,
        14.5,
        15.0,
        15.5,
        16.0,
        16.5,
        17.0,
        17.5,
        18.0,
        18.5,
        19.0,
        19.5,
        20.0,
        20.5,
        21.0,
        21.5,
        22.0,
        22.5,
        23.0,
        23.5,
        24.0,
        24.5,
        25.0,
        25.5,
        26.0,
        26.5,
        27.0,
        27.5,
        28.0,
        28.5,
        29.0,
        29.5,
        30.0,
        30.5
    ],
    "bandwidths": [
        0.1,
        0.212448,
        1.64192,
        5.488704,
        8.186144,
        11.071232,
        16.043904,
        17.592,
        21.040032,
        16.677216,
        15.621696,
        18.483328,
        7.435552,
        8.881312,
        10.953952,
        8.186144,
        6.4504,
        8.2096,
        10.391008,
        11.37616,
        12.361312,
        17.498176,
        15.903168,
        10.297184,
        12.384768,
        10.883584,
        5.019584,
        7.763936,
        8.749088,
        6.4504,
        10.78976,
        7.717024,
        5.488704,
        7.780064,
        7.365184,
        6.262752,
        9.03056,
        6.473856,
        6.380032,
        10.484832,
        5.16032,
        7.325088,
        7.951584,
        7.97504,
        11.37616,
        11.446528,
        8.772544,
        8.749088,
        7.247904,
        9.828064,
        9.100928,
        7.318272,
        5.957824,
        7.27136,
        10.039168,
        9.14784,
        7.810848,
        13.182272,
        13.182272,
        8.303424,
        8.139232,
        0.258016
    ],
    "delays": [
        17.5245
    ],
    "loss": 0,
    "queue": 10,
    "delay_noise": 0,
    "T_s": 0
}