{
    "timestamps": [
        0.0,
        0.5,
        1.0,
        1.5,
        2.0,
        2.5,
        3.0,
        3.5,
        4.0,
        4.5,
        5.0,
        5.5,
        6.0,
        6.5,
        7.0,
        7.5,
        8.0,
        8.5,
        9.0,
        9.5,
        10.0,
        10.5,
        11.0,
        11.5,
        12.0,
        12.5,
        13.0,
        13.5,
        14.0,
        14.5,
        15.0,
        15.5,
        16.0,
        16.5,
        17.0,
        17.5,
        18.0,
        18.5,
        19.0,
        19.5,
        20.0,
        20.5,
        21.0,
        21.5,
        22.0,
        22.5,
        23.0,
        23.5,
        24.0,
        24.5,
        25.0,
        25.5,
        26.0,
        26.5,
        27.0,
        27.5,
        28.0,
        28.5,
        29.0,
        29.5,
        30.0,
        30.5
    ],
    "bandwidths": [
        0.1,
        0.211648,
        2.791264,
        6.145472,
        10.367552,
        14.331616,
        19.82032,
        21.81408,
        7.928128,
        5.315552,
        11.118144,
        12.806976,
        16.372288,
        19.093184,
        21.040032,
        11.165056,
        18.670976,
        16.630304,
        13.158816,
        17.990752,
        7.670112,
        8.128512,
        15.973536,
        15.176032,
        18.154944,
        22.51776,
        24.675712,
        16.794496,
        10.813216,
        19.257376,
        13.651392,
        12.971168,
        13.557568,
        2.682048,
        5.433632,
        6.872608,
        10.20336,
        8.936736,
        10.578656,
        15.903168,
        8.631808,
        9.945344,
        19.140096,
        18.717888,
        12.78352,
        10.649024,
        13.36992,
        15.12912,
        14.753824,
        19.796864,
        13.416832,
        17.967296,
        21.790624,
        24.136224,
        19.3512,
        19.914144,
        20.195616,
        20.500544,
        16.231552,
        20.688192,
        14.120512,
        0.422208
    ],
    "delays": [
        14.9765
    ],
    "loss": 0,
    "queue": 10,
    "delay_noise": 0,
    "T_s": 0
}