{
    "timestamps": [
        0.0,
        0.5,
        1.0,
        1.5,
        2.0,
        2.5,
        3.0,
        3.5,
        4.0,
        4.5,
        5.0,
        5.5,
        6.0,
        6.5,
        7.0,
        7.5,
        8.0,
        8.5,
        9.0,
        9.5,
        10.0,
        10.5,
        11.0,
        11.5,
        12.0,
        12.5,
        13.0,
        13.5,
        14.0,
        14.5,
        15.0,
        15.5,
        16.0,
        16.5,
        17.0,
        17.5,
        18.0,
        18.5,
        19.0,
        19.5,
        20.0,
        20.5,
        21.0,
        21.5,
        22.0,
        22.5,
        23.0,
        23.5,
        24.0,
        24.5,
        25.0,
        25.5,
        26.0,
        26.5,
        27.0,
        27.5,
        28.0,
        28.5,
        29.0,
        29.5,
        30.0,
        30.5
    ],
    "bandwidths": [
        0.1,
        0.1,
        2.415968,
        4.644288,
        7.318272,
        10.250272,
        14.753824,
        15.152576,
        18.928992,
        20.899296,
        25.91888,
        27.983008,
        24.417696,
        26.481824,
        23.456,
        17.850016,
        30.047136,
        20.148704,
        14.237792,
        16.372288,
        19.3512,
        16.724128,
        26.03616,
        30.25824,
        21.6968,
        20.617824,
        21.086944,
        12.689696,
        7.070272,
        8.866368,
        14.143968,
        9.570048,
        8.068864,
        11.322848,
        14.824192,
        8.749088,
        10.344096,
        15.785888,
        19.984512,
        24.183136,
        19.163552,
        26.15344,
        12.713152,
        15.59824,
        20.359808,
        21.391872,
        21.790624,
        27.466976,
        17.310528,
        17.732736,
        17.24016,
        9.898432,
        13.83904,
        16.020448,
        17.82656,
        12.736608,
        16.114272,
        12.713152,
        12.19712,
        15.95008,
        24.230048,
        1.05552
    ],
    "delays": [
        17.448999999999998
    ],
    "loss": 0,
    "queue": 10,
    "delay_noise": 0,
    "T_s": 0
}