{
    "timestamps": [
        0.0,
        0.5,
        1.0,
        1.5,
        2.0,
        2.5,
        3.0,
        3.5,
        4.0,
        4.5,
        5.0,
        5.5,
        6.0,
        6.5,
        7.0,
        7.5,
        8.0,
        8.5,
        9.0,
        9.5,
        10.0,
        10.5,
        11.0,
        11.5,
        12.0,
        12.5,
        13.0,
        13.5,
        14.0,
        14.5,
        15.0,
        15.5,
        16.0,
        16.5,
        17.0,
        17.5,
        18.0,
        18.5,
        19.0,
        19.5,
        20.0,
        20.5,
        21.0,
        21.5,
        22.0,
        22.5,
        23.0,
        23.5,
        24.0,
        24.5,
        25.0,
        25.5,
        26.0,
        26.5,
        27.0,
        27.5,
        28.0,
        28.5,
        29.0,
        29.5,
        30.0
    ],
    "bandwidths": [
        0.1,
        0.1,
        0.1,
        0.1,
        0.1,
        0.1,
        1.295216,
        7.601664,
        7.375424,
        12.126464,
        12.78256,
        12.194336,
        8.891232,
        6.379968,
        4.592672,
        4.5248,
        4.389056,
        6.854784,
        7.601664,
        5.248768,
        6.2216,
        4.86416,
        7.646912,
        6.470464,
        7.375424,
        8.484,
        8.59712,
        12.126464,
        11.017888,
        7.217056,
        7.3528,
        10.429664,
        8.393504,
        12.66944,
        11.040512,
        11.76448,
        13.144544,
        14.863968,
        12.626112,
        8.845984,
        14.434112,
        13.46128,
        14.728224,
        10.610128,
        12.4432,
        11.289376,
        10.384416,
        6.809824,
        8.234608,
        10.135552,
        6.085856,
        5.678624,
        5.950112,
        3.597216,
        7.601664,
        10.63328,
        8.25776,
        11.063136,
        14.999712,
        13.664896,
        6.538336
    ],
    "delays": [
        17.6635
    ],
    "loss": 0,
    "queue": 10,
    "delay_noise": 0,
    "T_s": 0
}