{
    "timestamps": [
        0.0,
        0.5,
        1.0,
        1.5,
        2.0,
        2.5,
        3.0,
        3.5,
        4.0,
        4.5,
        5.0,
        5.5,
        6.0,
        6.5,
        7.0,
        7.5,
        8.0,
        8.5,
        9.0,
        9.5,
        10.0,
        10.5,
        11.0,
        11.5,
        12.0,
        12.5,
        13.0,
        13.5,
        14.0,
        14.5,
        15.0,
        15.5,
        16.0,
        16.5,
        17.0,
        17.5,
        18.0,
        18.5,
        19.0,
        19.5,
        20.0,
        20.5,
        21.0,
        21.5,
        22.0,
        22.5,
        23.0,
        23.5,
        24.0,
        24.5,
        25.0,
        25.5,
        26.0,
        26.5,
        27.0,
        27.5,
        28.0,
        28.5,
        29.0,
        29.5,
        30.0
    ],
    "bandwidths": [
        0.1,
        0.256,
        7.309184,
        10.814272,
        5.226144,
        11.357248,
        11.696608,
        19.637632,
        23.709952,
        23.98144,
        23.461088,
        28.302624,
        27.307168,
        18.981536,
        11.696608,
        11.447744,
        14.298368,
        12.262208,
        18.008704,
        18.21232,
        19.434016,
        28.008512,
        21.357056,
        24.049312,
        22.691872,
        22.646624,
        25.044768,
        14.47936,
        21.243936,
        28.777728,
        25.384128,
        17.87296,
        27.60128,
        22.420384,
        13.529152,
        9.660448,
        4.97728,
        5.859616,
        6.673696,
        10.361792,
        13.46128,
        13.370784,
        11.606112,
        8.959104,
        13.778016,
        15.587936,
        12.375328,
        10.85952,
        18.053952,
        5.20352,
        17.284736,
        25.859232,
        27.872768,
        24.366048,
        7.23968,
        7.420384,
        5.746496,
        7.013152,
        6.696704,
        8.393504,
        3.84608
    ],
    "delays": [
        17.512
    ],
    "loss": 0,
    "queue": 10,
    "delay_noise": 0,
    "T_s": 0
}