{
    "timestamps": [
        0.0,
        0.5,
        1.0,
        1.5,
        2.0,
        2.5,
        3.0,
        3.5,
        4.0,
        4.5,
        5.0,
        5.5,
        6.0,
        6.5,
        7.0,
        7.5,
        8.0,
        8.5,
        9.0,
        9.5,
        10.0,
        10.5,
        11.0,
        11.5,
        12.0,
        12.5,
        13.0,
        13.5,
        14.0,
        14.5,
        15.0,
        15.5,
        16.0,
        16.5,
        17.0,
        17.5,
        18.0,
        18.5,
        19.0,
        19.5,
        20.0,
        20.5,
        21.0,
        21.5,
        22.0,
        22.5,
        23.0,
        23.5,
        24.0,
        24.5,
        25.0,
        25.5,
        26.0,
        26.5,
        27.0,
        27.5,
        28.0,
        28.5,
        29.0,
        29.5,
        30.0
    ],
    "bandwidths": [
        0.1,
        0.256,
        7.695376,
        12.646816,
        15.474816,
        15.882048,
        7.57904,
        5.76912,
        4.027072,
        5.045152,
        6.764576,
        6.719328,
        7.488544,
        7.398048,
        12.873056,
        12.035968,
        15.022336,
        13.212416,
        24.049312,
        17.284736,
        14.049504,
        17.510976,
        22.759744,
        18.529056,
        19.615008,
        23.687328,
        19.705504,
        11.289376,
        9.524464,
        17.08112,
        15.112832,
        14.954464,
        15.316448,
        13.732768,
        14.637728,
        13.755392,
        9.547328,
        9.298464,
        8.687616,
        10.022432,
        10.723776,
        12.578944,
        16.62864,
        15.18272,
        13.144544,
        8.03152,
        12.126464,
        16.673888,
        7.941024,
        10.135552,
        18.280192,
        18.574304,
        20.044864,
        27.510784,
        20.429472,
        25.406752,
        23.664704,
        23.166976,
        19.479264,
        9.637824,
        6.809536
    ],
    "delays": [
        17.4135
    ],
    "loss": 0,
    "queue": 10,
    "delay_noise": 0,
    "T_s": 0
}