{
    "timestamps": [
        0.0,
        0.5,
        1.0,
        1.5,
        2.0,
        2.5,
        3.0,
        3.5,
        4.0,
        4.5,
        5.0,
        5.5,
        6.0,
        6.5,
        7.0,
        7.5,
        8.0,
        8.5,
        9.0,
        9.5,
        10.0,
        10.5,
        11.0,
        11.5,
        12.0,
        12.5,
        13.0,
        13.5,
        14.0,
        14.5,
        15.0,
        15.5,
        16.0,
        16.5,
        17.0,
        17.5,
        18.0,
        18.5,
        19.0,
        19.5,
        20.0,
        20.5,
        21.0,
        21.5,
        22.0,
        22.5,
        23.0,
        23.5,
        24.0,
        24.5,
        25.0,
        25.5,
        26.0,
        26.5,
        27.0,
        27.5,
        28.0,
        28.5,
        29.0,
        29.5,
        30.0,
        30.5
    ],
    "bandwidths": [
        0.1,
        5.666944,
        4.896,
        7.032,
        6.24,
        3.36,
        3.24,
        3.552,
        2.856,
        2.952,
        2.28,
        4.728,
        5.352,
        6.456,
        6.0,
        2.64,
        3.888,
        2.904,
        3.36,
        3.408,
        5.736,
        3.024,
        3.192,
        2.328,
        4.656,
        4.92,
        6.576,
        6.24,
        5.808,
        2.304,
        4.08,
        5.088,
        4.032,
        5.304,
        5.832,
        1.608,
        3.936,
        7.608,
        6.384,
        6.96,
        7.656,
        5.184,
        4.128,
        0.984,
        3.264,
        6.504,
        5.616,
        5.256,
        3.36,
        3.696,
        6.624,
        7.992,
        4.776,
        2.64,
        4.728,
        6.672,
        4.344,
        3.264,
        7.2,
        8.352,
        6.6,
        0.24
    ],
    "delays": [
        14.774000000000001
    ],
    "loss": 0,
    "queue": 10,
    "delay_noise": 0
}