{
    "timestamps": [
        0.0,
        0.5,
        1.0,
        1.5,
        2.0,
        2.5,
        3.0,
        3.5,
        4.0,
        4.5,
        5.0,
        5.5,
        6.0,
        6.5,
        7.0,
        7.5,
        8.0,
        8.5,
        9.0,
        9.5,
        10.0,
        10.5,
        11.0,
        11.5,
        12.0,
        12.5,
        13.0,
        13.5,
        14.0,
        14.5,
        15.0,
        15.5,
        16.0,
        16.5,
        17.0,
        17.5,
        18.0,
        18.5,
        19.0,
        19.5,
        20.0,
        20.5,
        21.0,
        21.5,
        22.0,
        22.5,
        23.0,
        23.5,
        24.0,
        24.5,
        25.0,
        25.5,
        26.0,
        26.5,
        27.0,
        27.5,
        28.0,
        28.5,
        29.0,
        29.5,
        30.0,
        30.5
    ],
    "bandwidths": [
        0.1,
        0.329728,
        3.541856,
        4.667744,
        5.371424,
        2.978912,
        3.354208,
        5.089952,
        3.682592,
        1.149344,
        3.98752,
        2.955456,
        1.970304,
        1.64192,
        2.298688,
        1.125888,
        2.040672,
        2.46288,
        2.650528,
        2.369056,
        2.838176,
        2.204864,
        2.040672,
        2.767808,
        3.190016,
        0.727136,
        0.647488,
        0.1,
        0.1,
        0.1,
        1.383104,
        2.58016,
        1.360448,
        1.735744,
        2.744352,
        3.002368,
        2.81472,
        2.673984,
        2.978912,
        3.565312,
        1.40736,
        2.603616,
        2.955456,
        3.63568,
        4.128256,
        3.190016,
        2.81472,
        3.096192,
        3.096192,
        2.509792,
        1.571552,
        1.196256,
        2.603616,
        1.595008,
        3.002368,
        2.298688,
        2.556704,
        2.3456,
        2.46288,
        1.7592,
        2.791264,
        0.140736
    ],
    "delays": [
        14.544
    ],
    "loss": 0,
    "queue": 10,
    "delay_noise": 0
}