{
    "timestamps": [
        0.0,
        0.5,
        1.0,
        1.5,
        2.0,
        2.5,
        3.0,
        3.5,
        4.0,
        4.5,
        5.0,
        5.5,
        6.0,
        6.5,
        7.0,
        7.5,
        8.0,
        8.5,
        9.0,
        9.5,
        10.0,
        10.5,
        11.0,
        11.5,
        12.0,
        12.5,
        13.0,
        13.5,
        14.0,
        14.5,
        15.0,
        15.5,
        16.0,
        16.5,
        17.0,
        17.5,
        18.0,
        18.5,
        19.0,
        19.5,
        20.0,
        20.5,
        21.0,
        21.5,
        22.0,
        22.5,
        23.0,
        23.5,
        24.0,
        24.5,
        25.0,
        25.5,
        26.0,
        26.5,
        27.0,
        27.5,
        28.0,
        28.5,
        29.0,
        29.5,
        30.0,
        30.5
    ],
    "bandwidths": [
        0.1,
        0.353184,
        2.556704,
        7.951584,
        4.480096,
        8.09232,
        7.928128,
        9.828064,
        10.930496,
        10.32064,
        10.273728,
        7.50592,
        3.60944,
        7.904672,
        9.03056,
        8.819456,
        7.459008,
        7.951584,
        7.787392,
        3.494944,
        2.292224,
        3.565312,
        6.051648,
        5.136864,
        7.107168,
        10.695936,
        7.670112,
        7.130624,
        3.036192,
        5.864,
        6.91952,
        6.778784,
        5.864,
        5.51216,
        7.15408,
        6.075104,
        5.39488,
        6.825696,
        12.689696,
        12.43168,
        6.755328,
        7.74048,
        9.007104,
        9.945344,
        8.983648,
        4.409728,
        3.77232,
        6.80224,
        6.473856,
        4.1048,
        4.714656,
        5.089952,
        5.371424,
        4.620832,
        5.74672,
        4.409728,
        8.256512,
        6.145472,
        5.62944,
        2.275232,
        4.969728,
        0.164192
    ],
    "delays": [
        14.7275
    ],
    "loss": 0,
    "queue": 10,
    "delay_noise": 0
}