{
    "timestamps": [
        0.0,
        0.5,
        1.0,
        1.5,
        2.0,
        2.5,
        3.0,
        3.5,
        4.0,
        4.5,
        5.0,
        5.5,
        6.0,
        6.5,
        7.0,
        7.5,
        8.0,
        8.5,
        9.0,
        9.5,
        10.0,
        10.5,
        11.0,
        11.5,
        12.0,
        12.5,
        13.0,
        13.5,
        14.0,
        14.5,
        15.0,
        15.5,
        16.0,
        16.5,
        17.0,
        17.5,
        18.0,
        18.5,
        19.0,
        19.5,
        20.0,
        20.5,
        21.0,
        21.5,
        22.0,
        22.5,
        23.0,
        23.5,
        24.0,
        24.5,
        25.0,
        25.5,
        26.0,
        26.5,
        27.0,
        27.5,
        28.0,
        28.5,
        29.0,
        29.5,
        30.0,
        30.5
    ],
    "bandwidths": [
        0.1,
        0.1,
        2.064128,
        3.917152,
        1.735744,
        2.908544,
        2.978912,
        4.034432,
        3.025824,
        3.04928,
        2.885088,
        5.51216,
        5.793632,
        4.386272,
        3.799872,
        4.010976,
        4.738112,
        4.33936,
        5.676352,
        5.887456,
        5.418336,
        6.004736,
        5.230688,
        3.706048,
        4.386272,
        2.509792,
        2.968224,
        4.503552,
        3.541856,
        3.119648,
        4.315904,
        4.362816,
        3.260384,
        1.899936,
        1.336992,
        2.58016,
        3.28384,
        5.019584,
        3.940608,
        4.761568,
        4.92576,
        5.51216,
        3.63568,
        4.57696,
        7.083712,
        4.362816,
        7.060256,
        6.473856,
        7.599744,
        7.013344,
        5.699808,
        6.497312,
        6.825696,
        6.309664,
        4.503552,
        3.253952,
        4.620832,
        4.362816,
        2.3456,
        3.776416,
        3.04928,
        0.1
    ],
    "delays": [
        14.788
    ],
    "loss": 0,
    "queue": 10,
    "delay_noise": 0
}