{
    "timestamps": [
        0.0,
        0.5,
        1.0,
        1.5,
        2.0,
        2.5,
        3.0,
        3.5,
        4.0,
        4.5,
        5.0,
        5.5,
        6.0,
        6.5,
        7.0,
        7.5,
        8.0,
        8.5,
        9.0,
        9.5,
        10.0,
        10.5,
        11.0,
        11.5,
        12.0,
        12.5,
        13.0,
        13.5,
        14.0,
        14.5,
        15.0,
        15.5,
        16.0,
        16.5,
        17.0,
        17.5,
        18.0,
        18.5,
        19.0,
        19.5,
        20.0,
        20.5,
        21.0,
        21.5,
        22.0,
        22.5,
        23.0,
        23.5,
        24.0,
        24.5,
        25.0,
        25.5,
        26.0,
        26.5,
        27.0,
        27.5,
        28.0,
        28.5,
        29.0,
        29.5,
        30.0
    ],
    "bandwidths": [
        0.1,
        0.278624,
        4.775296,
        3.235232,
        5.610752,
        4.909408,
        4.434304,
        3.21232,
        3.597216,
        5.497632,
        3.84608,
        3.597216,
        5.339264,
        5.565504,
        7.103936,
        6.176352,
        6.085856,
        4.728416,
        6.922656,
        8.59712,
        7.307552,
        9.207968,
        7.760032,
        9.750944,
        8.461376,
        10.474912,
        6.244224,
        5.452384,
        5.090112,
        4.479552,
        4.140192,
        4.932032,
        9.072224,
        7.262304,
        8.687616,
        3.800832,
        5.20352,
        6.515712,
        7.782656,
        3.3936,
        5.226144,
        8.167264,
        10.135552,
        7.760032,
        3.936576,
        2.873248,
        4.63792,
        6.2216,
        9.343712,
        12.511072,
        7.760032,
        8.664992,
        5.113024,
        3.325392,
        2.669632,
        1.289568,
        3.506432,
        4.570048,
        4.954656,
        4.886784,
        5.31664
    ],
    "delays": [
        15.004
    ],
    "loss": 0,
    "queue": 10,
    "delay_noise": 0
}