{
    "timestamps": [
        0.0,
        0.5,
        1.0,
        1.5,
        2.0,
        2.5,
        3.0,
        3.5,
        4.0,
        4.5,
        5.0,
        5.5,
        6.0,
        6.5,
        7.0,
        7.5,
        8.0,
        8.5,
        9.0,
        9.5,
        10.0,
        10.5,
        11.0,
        11.5,
        12.0,
        12.5,
        13.0,
        13.5,
        14.0,
        14.5,
        15.0,
        15.5,
        16.0,
        16.5,
        17.0,
        17.5,
        18.0,
        18.5,
        19.0,
        19.5,
        20.0,
        20.5,
        21.0,
        21.5,
        22.0,
        22.5,
        23.0,
        23.5,
        24.0,
        24.5,
        25.0,
        25.5,
        26.0,
        26.5,
        27.0,
        27.5,
        28.0,
        28.5,
        29.0,
        29.5,
        30.0
    ],
    "bandwidths": [
        0.1,
        0.278624,
        6.381648,
        6.7872,
        5.76912,
        7.737408,
        11.470368,
        13.710144,
        9.366336,
        7.601664,
        5.20352,
        4.434304,
        5.384512,
        5.950112,
        5.452384,
        5.565504,
        5.656,
        9.117472,
        14.81872,
        2.60176,
        5.42976,
        14.275744,
        11.153632,
        9.27584,
        6.651456,
        5.972736,
        6.312096,
        7.171808,
        5.950112,
        7.624288,
        5.656,
        7.782656,
        13.778016,
        9.456832,
        6.402592,
        7.57904,
        11.357248,
        9.864064,
        6.968192,
        7.262304,
        6.493088,
        11.040512,
        10.497536,
        10.678528,
        13.642272,
        15.972544,
        13.597024,
        16.696512,
        12.692064,
        12.262208,
        9.343712,
        13.868512,
        15.927296,
        14.320992,
        11.108384,
        15.995168,
        8.461376,
        6.153728,
        11.357248,
        7.556416,
        2.262112
    ],
    "delays": [
        17.3795
    ],
    "loss": 0,
    "queue": 10,
    "delay_noise": 0
}