{
    "timestamps": [
        0.0,
        0.5,
        1.0,
        1.5,
        2.0,
        2.5,
        3.0,
        3.5,
        4.0,
        4.5,
        5.0,
        5.5,
        6.0,
        6.5,
        7.0,
        7.5,
        8.0,
        8.5,
        9.0,
        9.5,
        10.0,
        10.5,
        11.0,
        11.5,
        12.0,
        12.5,
        13.0,
        13.5,
        14.0,
        14.5,
        15.0,
        15.5,
        16.0,
        16.5,
        17.0,
        17.5,
        18.0,
        18.5,
        19.0,
        19.5,
        20.0,
        20.5,
        21.0,
        21.5,
        22.0,
        22.5,
        23.0,
        23.5,
        24.0,
        24.5,
        25.0,
        25.5,
        26.0,
        26.5,
        27.0,
        27.5,
        28.0,
        28.5,
        29.0,
        29.5,
        30.0
    ],
    "bandwidths": [
        0.1,
        0.278624,
        15.634816,
        17.284736,
        8.732864,
        12.375328,
        9.38896,
        8.031232,
        7.963648,
        9.026592,
        8.348256,
        5.723584,
        4.909408,
        11.153632,
        16.945376,
        15.995168,
        17.5336,
        8.348256,
        5.022528,
        11.289376,
        12.89568,
        9.185344,
        19.2304,
        17.963456,
        19.366144,
        15.49744,
        13.302912,
        14.524608,
        11.379872,
        8.959104,
        6.719328,
        7.9184,
        7.941024,
        4.909408,
        9.004352,
        12.035968,
        5.950112,
        5.950112,
        10.429664,
        8.14464,
        6.628832,
        5.475008,
        10.226048,
        5.384512,
        5.927488,
        3.529344,
        6.040608,
        3.16736,
        5.42976,
        4.683168,
        8.416128,
        11.606112,
        7.942656,
        9.16272,
        10.112928,
        14.230496,
        13.054048,
        11.741856,
        6.2216,
        8.461376,
        7.556416
    ],
    "delays": [
        14.8555
    ],
    "loss": 0,
    "queue": 10,
    "delay_noise": 0
}