{
    "timestamps": [
        0.0,
        0.5,
        1.0,
        1.5,
        2.0,
        2.5,
        3.0,
        3.5,
        4.0,
        4.5,
        5.0,
        5.5,
        6.0,
        6.5,
        7.0,
        7.5,
        8.0,
        8.5,
        9.0,
        9.5,
        10.0,
        10.5,
        11.0,
        11.5,
        12.0,
        12.5,
        13.0,
        13.5,
        14.0,
        14.5,
        15.0,
        15.5,
        16.0,
        16.5,
        17.0,
        17.5,
        18.0,
        18.5,
        19.0,
        19.5,
        20.0,
        20.5,
        21.0,
        21.5,
        22.0,
        22.5,
        23.0,
        23.5,
        24.0,
        24.5,
        25.0,
        25.5,
        26.0,
        26.5,
        27.0,
        27.5,
        28.0,
        28.5,
        29.0,
        29.5,
        30.0
    ],
    "bandwidths": [
        0.1,
        438.652352,
        630.864,
        601.872,
        643.944,
        697.488,
        735.504,
        698.76,
        682.824,
        660.096,
        678.744,
        665.808,
        706.08,
        668.88,
        673.393408,
        702.792,
        752.568,
        727.824,
        651.576,
        679.728,
        683.112,
        362.592,
        710.808,
        683.256,
        704.16,
        707.664,
        694.248,
        686.544,
        697.776,
        682.272,
        699.432,
        707.256,
        653.904,
        670.92,
        660.408,
        692.208,
        652.08,
        683.112,
        690.072,
        670.32,
        684.577408,
        644.04,
        411.792,
        745.368,
        638.352,
        589.944,
        609.792,
        633.912,
        652.2,
        672.816,
        664.008,
        743.208,
        772.848,
        746.544,
        775.272,
        764.64,
        775.488,
        742.152,
        778.416,
        798.048,
        763.368
    ],
    "delays": [
        9.896
    ],
    "loss": 0,
    "queue": 10,
    "delay_noise": 0
}