{
    "timestamps": [
        0.0,
        0.5,
        1.0,
        1.5,
        2.0,
        2.5,
        3.0,
        3.5,
        4.0,
        4.5,
        5.0,
        5.5,
        6.0,
        6.5,
        7.0,
        7.5,
        8.0,
        8.5,
        9.0,
        9.5,
        10.0,
        10.5,
        11.0,
        11.5,
        12.0,
        12.5,
        13.0,
        13.5,
        14.0,
        14.5,
        15.0,
        15.5,
        16.0,
        16.5,
        17.0,
        17.5,
        18.0,
        18.5,
        19.0,
        19.5,
        20.0,
        20.5,
        21.0,
        21.5,
        22.0,
        22.5,
        23.0,
        23.5,
        24.0,
        24.5,
        25.0,
        25.5,
        26.0,
        26.5,
        27.0,
        27.5,
        28.0,
        28.5,
        29.0,
        29.5,
        30.0
    ],
    "bandwidths": [
        0.1,
        452.88576,
        746.568,
        744.289408,
        730.056,
        699.144,
        696.217408,
        727.704,
        714.048,
        687.408,
        747.288,
        677.328,
        697.849408,
        697.825408,
        701.352,
        703.608,
        676.392,
        754.68,
        715.44,
        689.162816,
        692.808,
        350.304,
        634.44,
        669.84,
        634.2,
        602.376,
        612.096,
        587.376,
        614.04,
        623.712,
        548.064,
        598.584,
        603.048,
        576.289408,
        635.376,
        759.0,
        646.897408,
        683.856,
        687.552,
        753.216,
        779.304,
        718.536,
        372.984,
        677.088,
        706.224,
        698.928,
        682.873408,
        663.84,
        711.048,
        692.281408,
        720.697408,
        742.464,
        713.664,
        745.584,
        771.504,
        746.496,
        768.144,
        797.28,
        698.16,
        760.248,
        662.28
    ],
    "delays": [
        9.7715
    ],
    "loss": 0,
    "queue": 10,
    "delay_noise": 0
}