{
    "timestamps": [
        0.0,
        0.5,
        1.0,
        1.5,
        2.0,
        2.5,
        3.0,
        3.5,
        4.0,
        4.5,
        5.0,
        5.5,
        6.0,
        6.5,
        7.0,
        7.5,
        8.0,
        8.5,
        9.0,
        9.5,
        10.0,
        10.5,
        11.0,
        11.5,
        12.0,
        12.5,
        13.0,
        13.5,
        14.0,
        14.5,
        15.0,
        15.5,
        16.0,
        16.5,
        17.0,
        17.5,
        18.0,
        18.5,
        19.0,
        19.5,
        20.0,
        20.5,
        21.0,
        21.5,
        22.0,
        22.5,
        23.0,
        23.5,
        24.0,
        24.5,
        25.0,
        25.5,
        26.0,
        26.5,
        27.0,
        27.5,
        28.0,
        28.5,
        29.0,
        29.5,
        30.0
    ],
    "bandwidths": [
        0.1,
        541.178944,
        676.128,
        613.248,
        585.097408,
        705.408,
        788.208,
        728.136,
        714.048,
        685.944,
        761.736,
        667.992,
        768.624,
        757.728,
        821.928,
        828.144,
        835.152,
        731.064,
        759.408,
        703.536,
        741.264,
        787.344,
        745.968,
        688.608,
        653.76,
        701.016,
        730.632,
        696.096,
        630.432,
        628.272,
        598.848,
        678.672,
        700.56,
        720.36,
        721.656,
        681.816,
        733.008,
        724.632,
        603.912,
        656.568,
        541.176,
        618.696,
        585.792,
        605.712,
        620.112,
        611.616,
        563.328,
        606.912,
        660.864,
        656.952,
        588.744,
        588.528,
        585.48,
        566.04,
        589.56,
        568.68,
        584.544,
        617.208,
        651.264,
        636.6,
        577.44
    ],
    "delays": [
        0.738
    ],
    "loss": 0,
    "queue": 10,
    "delay_noise": 0
}