{
    "timestamps": [
        0.0,
        0.5,
        1.0,
        1.5,
        2.0,
        2.5,
        3.0,
        3.5,
        4.0,
        4.5,
        5.0,
        5.5,
        6.0,
        6.5,
        7.0,
        7.5,
        8.0,
        8.5,
        9.0,
        9.5,
        10.0,
        10.5,
        11.0,
        11.5,
        12.0,
        12.5,
        13.0,
        13.5,
        14.0,
        14.5,
        15.0,
        15.5,
        16.0,
        16.5,
        17.0,
        17.5,
        18.0,
        18.5,
        19.0,
        19.5,
        20.0,
        20.5,
        21.0,
        21.5,
        22.0,
        22.5,
        23.0,
        23.5,
        24.0,
        24.5,
        25.0,
        25.5,
        26.0,
        26.5,
        27.0,
        27.5,
        28.0,
        28.5,
        29.0,
        29.5,
        30.0
    ],
    "bandwidths": [
        0.1,
        93.622032,
        200.184,
        200.328,
        205.344,
        214.416,
        196.296,
        204.336,
        211.488,
        209.28,
        209.04,
        209.352,
        211.68,
        207.72,
        213.696,
        209.136,
        214.584,
        195.264,
        236.52,
        237.432,
        237.912,
        237.864,
        211.2,
        204.552,
        217.224,
        223.392,
        225.72,
        224.976,
        226.08,
        225.648,
        225.768,
        224.64,
        187.272,
        208.776,
        209.184,
        211.344,
        210.168,
        209.952,
        209.712,
        208.92,
        207.864,
        211.848,
        215.136,
        204.264,
        208.92,
        206.688,
        215.88,
        209.304,
        215.856,
        195.576,
        224.304,
        232.272,
        206.88,
        209.184,
        211.512,
        213.072,
        211.08,
        209.112,
        212.208,
        213.456,
        103.632
    ],
    "delays": [
        9.510499999999999
    ],
    "loss": 0,
    "queue": 10,
    "delay_noise": 0
}