{
    "timestamps": [
        0.0,
        0.5,
        1.0,
        1.5,
        2.0,
        2.5,
        3.0,
        3.5,
        4.0,
        4.5,
        5.0,
        5.5,
        6.0,
        6.5,
        7.0,
        7.5,
        8.0,
        8.5,
        9.0,
        9.5,
        10.0,
        10.5,
        11.0,
        11.5,
        12.0,
        12.5,
        13.0,
        13.5,
        14.0,
        14.5,
        15.0,
        15.5,
        16.0,
        16.5,
        17.0,
        17.5,
        18.0,
        18.5,
        19.0,
        19.5,
        20.0,
        20.5,
        21.0,
        21.5,
        22.0,
        22.5,
        23.0,
        23.5,
        24.0,
        24.5,
        25.0,
        25.5,
        26.0,
        26.5,
        27.0,
        27.5,
        28.0,
        28.5,
        29.0,
        29.5,
        30.0
    ],
    "bandwidths": [
        0.1,
        77.374032,
        177.072,
        197.376,
        199.728,
        203.856,
        199.872,
        205.32,
        210.84,
        211.2,
        205.848,
        211.056,
        210.0,
        211.08,
        208.704,
        210.936,
        206.928,
        209.736,
        210.912,
        211.104,
        210.552,
        198.864,
        211.464,
        211.488,
        210.144,
        208.728,
        210.84,
        211.464,
        211.368,
        211.056,
        210.456,
        208.296,
        210.552,
        210.096,
        211.248,
        212.016,
        210.456,
        211.392,
        211.752,
        210.768,
        209.16,
        209.664,
        211.08,
        211.248,
        211.392,
        208.176,
        210.528,
        210.984,
        211.752,
        211.872,
        211.248,
        211.704,
        211.536,
        211.104,
        211.032,
        211.968,
        211.488,
        211.584,
        211.128,
        196.128,
        122.952
    ],
    "delays": [
        9.767000000000001
    ],
    "loss": 0,
    "queue": 10,
    "delay_noise": 0
}