{
    "timestamps": [
        0.0,
        0.5,
        1.0,
        1.5,
        2.0,
        2.5,
        3.0,
        3.5,
        4.0,
        4.5,
        5.0,
        5.5,
        6.0,
        6.5,
        7.0,
        7.5,
        8.0,
        8.5,
        9.0,
        9.5,
        10.0,
        10.5,
        11.0,
        11.5,
        12.0,
        12.5,
        13.0,
        13.5,
        14.0,
        14.5,
        15.0,
        15.5,
        16.0,
        16.5,
        17.0,
        17.5,
        18.0,
        18.5,
        19.0,
        19.5,
        20.0,
        20.5,
        21.0,
        21.5,
        22.0,
        22.5,
        23.0,
        23.5,
        24.0,
        24.5,
        25.0,
        25.5,
        26.0,
        26.5,
        27.0,
        27.5,
        28.0,
        28.5,
        29.0,
        29.5,
        30.0
    ],
    "bandwidths": [
        0.1,
        87.550032,
        178.776,
        192.024,
        202.824,
        185.784,
        203.376,
        208.584,
        199.104,
        209.088,
        209.184,
        208.344,
        209.232,
        207.768,
        205.728,
        206.736,
        206.304,
        207.984,
        205.416,
        207.624,
        209.376,
        203.448,
        211.272,
        207.264,
        206.256,
        201.192,
        207.6,
        217.8,
        191.712,
        211.584,
        207.744,
        211.056,
        222.624,
        194.304,
        223.56,
        223.728,
        187.704,
        230.832,
        230.496,
        229.128,
        230.76,
        228.576,
        194.088,
        207.72,
        208.68,
        201.0,
        208.848,
        200.4,
        211.152,
        209.016,
        196.68,
        224.952,
        224.784,
        224.856,
        225.264,
        190.632,
        199.872,
        204.672,
        208.008,
        203.232,
        115.08
    ],
    "delays": [
        9.212499999999999
    ],
    "loss": 0,
    "queue": 10,
    "delay_noise": 0
}