{
    "timestamps": [
        0.0,
        0.5,
        1.0,
        1.5,
        2.0,
        2.5,
        3.0,
        3.5,
        4.0,
        4.5,
        5.0,
        5.5,
        6.0,
        6.5,
        7.0,
        7.5,
        8.0,
        8.5,
        9.0,
        9.5,
        10.0,
        10.5,
        11.0,
        11.5,
        12.0,
        12.5,
        13.0,
        13.5,
        14.0,
        14.5,
        15.0,
        15.5,
        16.0,
        16.5,
        17.0,
        17.5,
        18.0,
        18.5,
        19.0,
        19.5,
        20.0,
        20.5,
        21.0,
        21.5,
        22.0,
        22.5,
        23.0,
        23.5,
        24.0,
        24.5,
        25.0,
        25.5,
        26.0,
        26.5,
        27.0,
        27.5,
        28.0,
        28.5,
        29.0,
        29.5,
        30.0,
        30.5
    ],
    "bandwidths": [
        0.1,
        478.370432,
        556.915808,
        578.028,
        587.174048,
        538.448288,
        591.521728,
        451.741056,
        495.836384,
        469.7064,
        526.5872,
        537.118944,
        580.4064,
        512.302496,
        427.13376,
        513.006176,
        508.737184,
        450.144096,
        498.838752,
        545.866272,
        499.096768,
        486.248576,
        537.151808,
        477.235776,
        667.20592,
        542.50528,
        455.210592,
        523.299424,
        545.492736,
        517.90848,
        527.924192,
        408.485952,
        459.038624,
        614.383008,
        580.763776,
        574.707616,
        495.085792,
        414.373696,
        530.856192,
        555.273888,
        509.323584,
        523.66656,
        596.579904,
        639.504384,
        654.868064,
        665.071424,
        598.465024,
        576.07936,
        602.005344,
        471.076672,
        446.742976,
        546.947008,
        506.41504,
        519.519424,
        519.697536,
        428.06944,
        446.01584,
        544.53104,
        551.356736,
        549.433344,
        548.815552,
        15.738976
    ],
    "delays": [
        0.687
    ],
    "loss": 0,
    "queue": 10,
    "delay_noise": 0
}