{
    "timestamps": [
        0.0,
        0.5,
        1.0,
        1.5,
        2.0,
        2.5,
        3.0,
        3.5,
        4.0,
        4.5,
        5.0,
        5.5,
        6.0,
        6.5,
        7.0,
        7.5,
        8.0,
        8.5,
        9.0,
        9.5,
        10.0,
        10.5,
        11.0,
        11.5,
        12.0,
        12.5,
        13.0,
        13.5,
        14.0,
        14.5,
        15.0,
        15.5,
        16.0,
        16.5,
        17.0,
        17.5,
        18.0,
        18.5,
        19.0,
        19.5,
        20.0,
        20.5,
        21.0,
        21.5,
        22.0,
        22.5,
        23.0,
        23.5,
        24.0,
        24.5,
        25.0,
        25.5,
        26.0,
        26.5,
        27.0,
        27.5,
        28.0,
        28.5,
        29.0,
        29.5,
        30.0,
        30.5
    ],
    "bandwidths": [
        0.1,
        529.471424,
        534.022752,
        598.104544,
        591.067744,
        529.9248,
        539.886752,
        535.781952,
        525.4144,
        530.22288,
        533.647456,
        510.824768,
        511.004928,
        556.094848,
        510.63712,
        513.265728,
        571.833824,
        564.914304,
        519.19856,
        518.307232,
        512.208672,
        550.488864,
        515.070304,
        528.909344,
        548.213632,
        562.086944,
        501.559648,
        516.332832,
        525.878912,
        541.774496,
        495.573312,
        538.526304,
        533.014144,
        607.651136,
        503.011616,
        518.81856,
        566.202144,
        492.716736,
        689.465664,
        545.23472,
        485.375008,
        485.257728,
        521.215776,
        490.441504,
        585.156832,
        557.358656,
        500.55104,
        497.26592,
        503.18128,
        532.052448,
        508.103872,
        502.21472,
        480.387424,
        492.30496,
        521.520704,
        456.242656,
        491.895776,
        577.22512,
        511.294112,
        517.040608,
        541.857056,
        18.858624
    ],
    "delays": [
        0.7195
    ],
    "loss": 0,
    "queue": 10,
    "delay_noise": 0
}