{
    "timestamps": [
        0.0,
        0.5,
        1.0,
        1.5,
        2.0,
        2.5,
        3.0,
        3.5,
        4.0,
        4.5,
        5.0,
        5.5,
        6.0,
        6.5,
        7.0,
        7.5,
        8.0,
        8.5,
        9.0,
        9.5,
        10.0,
        10.5,
        11.0,
        11.5,
        12.0,
        12.5,
        13.0,
        13.5,
        14.0,
        14.5,
        15.0,
        15.5,
        16.0,
        16.5,
        17.0,
        17.5,
        18.0,
        18.5,
        19.0,
        19.5,
        20.0,
        20.5,
        21.0,
        21.5,
        22.0,
        22.5,
        23.0,
        23.5,
        24.0,
        24.5,
        25.0,
        25.5,
        26.0,
        26.5,
        27.0,
        27.5,
        28.0,
        28.5,
        29.0,
        29.5,
        30.0,
        30.5
    ],
    "bandwidths": [
        0.1,
        542.432928,
        625.266592,
        561.489728,
        565.313056,
        552.201152,
        541.669408,
        543.029856,
        548.377824,
        521.66144,
        539.183072,
        499.190592,
        559.54288,
        554.992416,
        597.565056,
        557.126912,
        592.287456,
        578.07312,
        590.27024,
        589.871488,
        653.859456,
        654.07056,
        659.7,
        651.95952,
        642.131456,
        650.66944,
        606.478336,
        621.584,
        653.437248,
        654.516224,
        667.20592,
        620.012448,
        658.76176,
        496.951264,
        588.206112,
        585.8136,
        587.150592,
        588.815968,
        579.3632,
        581.020544,
        617.338464,
        643.703008,
        663.45296,
        657.3544,
        664.109728,
        669.246592,
        670.13792,
        648.79296,
        668.824384,
        588.909792,
        642.248736,
        555.836832,
        552.998656,
        569.27712,
        656.556896,
        665.352896,
        653.13232,
        636.689664,
        609.89248,
        430.18304,
        554.241824,
        13.299552
    ],
    "delays": [
        0.7110000000000001
    ],
    "loss": 0,
    "queue": 10,
    "delay_noise": 0
}