{
    "timestamps": [
        0.0,
        0.5,
        1.0,
        1.5,
        2.0,
        2.5,
        3.0,
        3.5,
        4.0,
        4.5,
        5.0,
        5.5,
        6.0,
        6.5,
        7.0,
        7.5,
        8.0,
        8.5,
        9.0,
        9.5,
        10.0,
        10.5,
        11.0,
        11.5,
        12.0,
        12.5,
        13.0,
        13.5,
        14.0,
        14.5,
        15.0,
        15.5,
        16.0,
        16.5,
        17.0,
        17.5,
        18.0,
        18.5,
        19.0,
        19.5,
        20.0,
        20.5,
        21.0,
        21.5,
        22.0,
        22.5,
        23.0,
        23.5,
        24.0,
        24.5,
        25.0,
        25.5,
        26.0,
        26.5,
        27.0,
        27.5,
        28.0,
        28.5,
        29.0,
        29.5,
        30.0
    ],
    "bandwidths": [
        0.1,
        0.1,
        0.1,
        2.543376,
        86.5368,
        88.210976,
        89.59104,
        86.016448,
        89.47792,
        89.500256,
        78.369536,
        89.636288,
        85.563968,
        87.645376,
        87.984736,
        89.998272,
        87.057152,
        73.18864,
        89.25168,
        89.998272,
        89.274304,
        89.161184,
        89.161184,
        89.70416,
        86.582048,
        82.306112,
        86.468928,
        90.020896,
        89.296928,
        84.61376,
        51.198112,
        93.866976,
        89.3648,
        89.81728,
        89.274304,
        89.726784,
        89.3648,
        89.975648,
        89.432672,
        90.224512,
        89.500544,
        90.201888,
        89.681536,
        90.790112,
        90.201888,
        85.880704,
        84.817376,
        83.211072,
        81.084416,
        82.306112,
        87.125024,
        90.134016,
        86.76304,
        84.319648,
        88.12048,
        86.898784,
        89.387424,
        19.026784,
        92.87152,
        82.35136,
        59.003392
    ],
    "delays": [
        0.694
    ],
    "loss": 0,
    "queue": 10,
    "delay_noise": 0
}