{
    "timestamps": [
        0.0,
        0.5,
        1.0,
        1.5,
        2.0,
        2.5,
        3.0,
        3.5,
        4.0,
        4.5,
        5.0,
        5.5,
        6.0,
        6.5,
        7.0,
        7.5,
        8.0,
        8.5,
        9.0,
        9.5,
        10.0,
        10.5,
        11.0,
        11.5,
        12.0,
        12.5,
        13.0,
        13.5,
        14.0,
        14.5,
        15.0,
        15.5,
        16.0,
        16.5,
        17.0,
        17.5,
        18.0,
        18.5,
        19.0,
        19.5,
        20.0,
        20.5,
        21.0,
        21.5,
        22.0,
        22.5,
        23.0,
        23.5,
        24.0,
        24.5,
        25.0,
        25.5,
        26.0,
        26.5,
        27.0,
        27.5,
        28.0,
        28.5,
        29.0,
        29.5,
        30.0
    ],
    "bandwidths": [
        0.1,
        11.818496,
        73.505376,
        78.437408,
        73.595872,
        76.288128,
        75.745152,
        79.772224,
        76.310752,
        63.980672,
        70.903616,
        72.442048,
        69.976032,
        79.613856,
        79.726976,
        77.419328,
        70.066528,
        57.46496,
        72.645664,
        74.862816,
        70.36064,
        70.451136,
        76.9216,
        73.889984,
        74.138848,
        74.455584,
        73.912608,
        76.672736,
        80.677184,
        73.120768,
        83.188448,
        83.754048,
        72.917152,
        63.57344,
        83.957664,
        77.962304,
        84.04816,
        83.573056,
        83.799296,
        83.233696,
        83.82192,
        75.971392,
        79.319744,
        76.310752,
        82.079872,
        75.518912,
        80.42832,
        83.82192,
        83.640928,
        82.46448,
        83.392064,
        83.550432,
        84.025536,
        82.600224,
        76.401248,
        80.066336,
        82.735968,
        79.29712,
        76.333376,
        77.215712,
        55.926528
    ],
    "delays": [
        10.125499999999999
    ],
    "loss": 0,
    "queue": 10,
    "delay_noise": 0
}