{
    "timestamps": [
        0.0,
        0.5,
        1.0,
        1.5,
        2.0,
        2.5,
        3.0,
        3.5,
        4.0,
        4.5,
        5.0,
        5.5,
        6.0,
        6.5,
        7.0,
        7.5,
        8.0,
        8.5,
        9.0,
        9.5,
        10.0,
        10.5,
        11.0,
        11.5,
        12.0,
        12.5,
        13.0,
        13.5,
        14.0,
        14.5,
        15.0,
        15.5,
        16.0,
        16.5,
        17.0,
        17.5,
        18.0,
        18.5,
        19.0,
        19.5,
        20.0,
        20.5,
        21.0,
        21.5,
        22.0,
        22.5,
        23.0,
        23.5,
        24.0,
        24.5,
        25.0,
        25.5,
        26.0,
        26.5,
        27.0,
        27.5,
        28.0,
        28.5,
        29.0,
        29.5,
        30.0
    ],
    "bandwidths": [
        0.1,
        15.144224,
        91.717696,
        79.63648,
        83.301568,
        81.55952,
        67.125408,
        94.839808,
        77.217456,
        83.505184,
        74.025728,
        80.677184,
        83.437312,
        83.754048,
        82.532352,
        80.948672,
        63.437696,
        82.758592,
        83.889792,
        83.640928,
        82.849088,
        82.735968,
        81.514272,
        82.170368,
        81.740512,
        79.048256,
        82.079872,
        74.840192,
        88.505088,
        83.754048,
        51.220736,
        83.1432,
        83.165824,
        82.962208,
        80.8808,
        78.437408,
        85.156736,
        80.383072,
        86.491552,
        83.776672,
        75.360544,
        82.012,
        80.99392,
        77.82656,
        78.663648,
        82.283488,
        82.80384,
        75.33792,
        76.312512,
        84.002912,
        78.980384,
        82.46448,
        81.650016,
        78.550208,
        84.116032,
        79.63648,
        75.7904,
        81.355904,
        81.853632,
        15.474816,
        65.903712
    ],
    "delays": [
        9.552999999999999
    ],
    "loss": 0,
    "queue": 10,
    "delay_noise": 0
}