{
    "timestamps": [
        0.0,
        0.5,
        1.0,
        1.5,
        2.0,
        2.5,
        3.0,
        3.5,
        4.0,
        4.5,
        5.0,
        5.5,
        6.0,
        6.5,
        7.0,
        7.5,
        8.0,
        8.5,
        9.0,
        9.5,
        10.0,
        10.5,
        11.0,
        11.5,
        12.0,
        12.5,
        13.0,
        13.5,
        14.0,
        14.5,
        15.0,
        15.5,
        16.0,
        16.5,
        17.0,
        17.5,
        18.0,
        18.5,
        19.0,
        19.5,
        20.0,
        20.5,
        21.0,
        21.5,
        22.0,
        22.5,
        23.0,
        23.5,
        24.0,
        24.5,
        25.0,
        25.5,
        26.0,
        26.5,
        27.0,
        27.5,
        28.0,
        28.5,
        29.0,
        29.5,
        30.0,
        30.5
    ],
    "bandwidths": [
        0.1,
        507.626944,
        376.776,
        326.424,
        269.64,
        27.552,
        28.512,
        30.024,
        29.208,
        33.24,
        30.648,
        29.064,
        27.6,
        27.624,
        27.84,
        33.384,
        28.584,
        42.12,
        42.672,
        43.008,
        41.736,
        35.592,
        35.472,
        42.768,
        42.288,
        42.768,
        43.248,
        43.44,
        39.048,
        31.248,
        31.128,
        35.592,
        31.848,
        31.944,
        27.744,
        35.328,
        29.544,
        34.176,
        28.824,
        28.344,
        35.328,
        35.808,
        27.528,
        32.424,
        41.64,
        41.88,
        42.528,
        34.584,
        27.696,
        31.032,
        28.68,
        31.224,
        29.4,
        30.552,
        35.832,
        28.704,
        27.768,
        41.952,
        40.68,
        27.888,
        28.848,
        0.984
    ],
    "delays": [
        0.7064999999999999
    ],
    "loss": 0,
    "queue": 10,
    "delay_noise": 0
}