{
    "timestamps": [
        0.0,
        0.5,
        1.0,
        1.5,
        2.0,
        2.5,
        3.0,
        3.5,
        4.0,
        4.5,
        5.0,
        5.5,
        6.0,
        6.5,
        7.0,
        7.5,
        8.0,
        8.5,
        9.0,
        9.5,
        10.0,
        10.5,
        11.0,
        11.5,
        12.0,
        12.5,
        13.0,
        13.5,
        14.0,
        14.5,
        15.0,
        15.5,
        16.0,
        16.5,
        17.0,
        17.5,
        18.0,
        18.5,
        19.0,
        19.5,
        20.0,
        20.5,
        21.0,
        21.5,
        22.0,
        22.5,
        23.0,
        23.5,
        24.0,
        24.5,
        25.0,
        25.5,
        26.0,
        26.5,
        27.0,
        27.5,
        28.0,
        28.5,
        29.0,
        29.5,
        30.0
    ],
    "bandwidths": [
        0.1,
        92.277248,
        96.857376,
        95.677184,
        96.32192,
        96.32992,
        95.694272,
        96.302208,
        96.263808,
        96.19344,
        95.68016,
        96.337376,
        96.281408,
        96.299008,
        95.697216,
        96.305664,
        96.307264,
        96.282208,
        95.740384,
        96.304064,
        96.283008,
        49.652192,
        48.248992,
        48.342816,
        48.55392,
        47.920608,
        48.272448,
        48.460096,
        47.85024,
        48.31936,
        48.43664,
        47.990976,
        48.0992,
        48.222912,
        48.1984,
        48.413184,
        48.272448,
        48.131712,
        48.272448,
        48.178624,
        48.178624,
        33.119872,
        32.36928,
        32.298912,
        32.36928,
        32.298912,
        32.322368,
        32.345824,
        32.36928,
        32.322368,
        32.345824,
        32.345824,
        32.322368,
        32.322368,
        32.36928,
        32.36928,
        32.322368,
        32.322368,
        32.345824,
        32.322368,
        30.915008
    ],
    "delays": [
        1.331
    ],
    "loss": 0,
    "queue": 10,
    "delay_noise": 0,
    "T_s": 0
}