{
    "timestamps": [
        0.0,
        0.5,
        1.0,
        1.5,
        2.0,
        2.5,
        3.0,
        3.5,
        4.0,
        4.5,
        5.0,
        5.5,
        6.0,
        6.5,
        7.0,
        7.5,
        8.0,
        8.5,
        9.0,
        9.5,
        10.0,
        10.5,
        11.0,
        11.5,
        12.0,
        12.5,
        13.0,
        13.5,
        14.0,
        14.5,
        15.0,
        15.5,
        16.0,
        16.5,
        17.0,
        17.5,
        18.0,
        18.5,
        19.0,
        19.5,
        20.0,
        20.5,
        21.0,
        21.5,
        22.0,
        22.5,
        23.0,
        23.5,
        24.0,
        24.5,
        25.0,
        25.5,
        26.0,
        26.5,
        27.0,
        27.5,
        28.0,
        28.5,
        29.0,
        29.5,
        30.0
    ],
    "bandwidths": [
        0.1,
        92.066144,
        96.273344,
        96.299616,
        96.310208,
        96.283008,
        95.733984,
        96.303264,
        96.305664,
        95.718528,
        96.301664,
        96.32992,
        96.264608,
        96.31312,
        95.687872,
        96.32992,
        96.283008,
        95.695072,
        96.307264,
        96.292864,
        96.310208,
        51.448,
        48.701984,
        48.624288,
        48.372416,
        48.703296,
        49.046496,
        48.401632,
        48.718112,
        48.694656,
        48.6864,
        48.679648,
        48.741568,
        48.718112,
        48.835392,
        48.299168,
        48.72032,
        48.6712,
        48.741568,
        48.766592,
        47.900512,
        33.847008,
        32.439648,
        32.439648,
        32.439648,
        32.439648,
        32.510016,
        32.510016,
        32.463104,
        32.439648,
        32.439648,
        32.463104,
        32.463104,
        32.533472,
        32.48656,
        32.463104,
        32.439648,
        32.510016,
        32.416192,
        32.463104,
        31.173024
    ],
    "delays": [
        1.3450000000000002
    ],
    "loss": 0,
    "queue": 10,
    "delay_noise": 0,
    "T_s": 0
}