{
    "timestamps": [
        0.0,
        0.5,
        1.0,
        1.5,
        2.0,
        2.5,
        3.0,
        3.5,
        4.0,
        4.5,
        5.0,
        5.5,
        6.0,
        6.5,
        7.0,
        7.5,
        8.0,
        8.5,
        9.0,
        9.5,
        10.0,
        10.5,
        11.0,
        11.5,
        12.0,
        12.5,
        13.0,
        13.5,
        14.0,
        14.5,
        15.0,
        15.5,
        16.0,
        16.5,
        17.0,
        17.5,
        18.0,
        18.5,
        19.0,
        19.5,
        20.0,
        20.5,
        21.0,
        21.5,
        22.0,
        22.5,
        23.0,
        23.5,
        24.0,
        24.5,
        25.0,
        25.5,
        26.0,
        26.5,
        27.0,
        27.5,
        28.0,
        28.5,
        29.0,
        29.5,
        30.0
    ],
    "bandwidths": [
        0.1,
        0.1,
        0.1,
        20.166752,
        97.39632,
        97.373696,
        95.36016,
        97.373696,
        93.708608,
        89.681536,
        97.373696,
        96.989088,
        97.351072,
        97.328448,
        97.373696,
        82.894336,
        84.206528,
        95.450656,
        94.387328,
        96.875968,
        97.373696,
        49.65968,
        44.930976,
        48.708192,
        49.2748,
        48.708928,
        48.686304,
        50.631968,
        48.686304,
        48.686576,
        48.686848,
        48.686576,
        48.686304,
        54.183936,
        39.749552,
        35.180048,
        48.7092,
        48.686848,
        48.686576,
        48.686576,
        48.7092,
        40.429088,
        32.441456,
        32.487792,
        32.441728,
        32.487248,
        35.768272,
        32.984976,
        32.442544,
        32.487792,
        33.143344,
        32.442,
        32.464528,
        32.464528,
        32.46544,
        32.464832,
        32.464224,
        32.533008,
        32.465136,
        34.070832,
        26.94488
    ],
    "delays": [
        0.5954999999999999
    ],
    "loss": 0,
    "queue": 10,
    "delay_noise": 0,
    "T_s": 0
}