{
    "timestamps": [
        0.0,
        0.5,
        1.0,
        1.5,
        2.0,
        2.5,
        3.0,
        3.5,
        4.0,
        4.5,
        5.0,
        5.5,
        6.0,
        6.5,
        7.0,
        7.5,
        8.0,
        8.5,
        9.0,
        9.5,
        10.0,
        10.5,
        11.0,
        11.5,
        12.0,
        12.5,
        13.0,
        13.5,
        14.0,
        14.5,
        15.0,
        15.5,
        16.0,
        16.5,
        17.0,
        17.5,
        18.0,
        18.5,
        19.0,
        19.5,
        20.0,
        20.5,
        21.0,
        21.5,
        22.0,
        22.5,
        23.0,
        23.5,
        24.0,
        24.5,
        25.0,
        25.5,
        26.0,
        26.5,
        27.0,
        27.5,
        28.0,
        28.5,
        29.0,
        29.5,
        30.0
    ],
    "bandwidths": [
        0.1,
        0.1,
        0.1,
        16.954144,
        97.373696,
        92.351168,
        87.735872,
        95.69952,
        94.500448,
        90.337632,
        75.382592,
        97.147456,
        91.152096,
        94.998176,
        95.201792,
        88.7992,
        70.654752,
        93.143008,
        97.39632,
        97.373696,
        97.39632,
        51.786336,
        43.505952,
        48.685696,
        49.138784,
        48.664224,
        48.686304,
        50.677216,
        48.686576,
        48.7092,
        48.686576,
        48.686032,
        48.686848,
        53.075088,
        48.686576,
        47.012672,
        26.062848,
        48.686576,
        48.686576,
        48.844944,
        48.686576,
        37.171232,
        32.464336,
        32.464896,
        32.464896,
        32.442816,
        36.174688,
        32.464896,
        32.464896,
        32.442544,
        33.076016,
        32.464896,
        32.464352,
        32.464896,
        32.464528,
        32.464528,
        32.442816,
        32.46544,
        32.4416,
        33.98064,
        27.170512
    ],
    "delays": [
        1.3375
    ],
    "loss": 0,
    "queue": 10,
    "delay_noise": 0,
    "T_s": 0
}