{
    "timestamps": [
        0.0,
        0.5,
        1.0,
        1.5,
        2.0,
        2.5,
        3.0,
        3.5,
        4.0,
        4.5,
        5.0,
        5.5,
        6.0,
        6.5,
        7.0,
        7.5,
        8.0,
        8.5,
        9.0,
        9.5,
        10.0,
        10.5,
        11.0,
        11.5,
        12.0,
        12.5,
        13.0,
        13.5,
        14.0,
        14.5,
        15.0,
        15.5,
        16.0,
        16.5,
        17.0,
        17.5,
        18.0,
        18.5,
        19.0,
        19.5,
        20.0,
        20.5,
        21.0,
        21.5,
        22.0,
        22.5,
        23.0,
        23.5,
        24.0,
        24.5,
        25.0,
        25.5,
        26.0,
        26.5,
        27.0,
        27.5,
        28.0,
        28.5,
        29.0,
        29.5,
        30.0,
        30.5
    ],
    "bandwidths": [
        0.1,
        0.1,
        0.1,
        0.1,
        0.1,
        0.258016,
        0.422208,
        0.398752,
        0.46912,
        0.656768,
        0.797504,
        0.961696,
        1.078976,
        0.93824,
        1.125888,
        1.078976,
        1.29008,
        1.383904,
        1.266624,
        1.1728,
        1.313536,
        0.867872,
        1.032064,
        1.05552,
        1.336992,
        1.05552,
        1.219712,
        1.078976,
        1.078976,
        1.1728,
        1.102432,
        1.1728,
        1.336992,
        1.032064,
        1.336992,
        1.29008,
        1.360448,
        1.360448,
        1.501184,
        1.501184,
        1.454272,
        0.985152,
        1.266624,
        1.336992,
        1.336992,
        1.360448,
        1.243168,
        1.243168,
        1.336992,
        1.360448,
        1.266624,
        1.29008,
        1.219712,
        1.29008,
        1.454272,
        1.266624,
        1.266624,
        1.078976,
        1.219712,
        1.196256,
        0.844416,
        0.398752
    ],
    "delays": [
        119.062
    ],
    "loss": 0,
    "queue": 10,
    "delay_noise": 0,
    "T_s": 0
}