{
    "timestamps": [
        0.0,
        0.5,
        1.0,
        1.5,
        2.0,
        2.5,
        3.0,
        3.5,
        4.0,
        4.5,
        5.0,
        5.5,
        6.0,
        6.5,
        7.0,
        7.5,
        8.0,
        8.5,
        9.0,
        9.5,
        10.0,
        10.5,
        11.0,
        11.5,
        12.0,
        12.5,
        13.0,
        13.5,
        14.0,
        14.5,
        15.0,
        15.5,
        16.0,
        16.5,
        17.0,
        17.5,
        18.0,
        18.5,
        19.0,
        19.5,
        20.0,
        20.5,
        21.0,
        21.5,
        22.0,
        22.5,
        23.0,
        23.5,
        24.0,
        24.5,
        25.0,
        25.5,
        26.0,
        26.5,
        27.0,
        27.5,
        28.0,
        28.5,
        29.0,
        29.5,
        30.0
    ],
    "bandwidths": [
        0.1,
        0.1,
        0.1,
        0.1,
        0.1,
        0.1,
        0.1,
        0.1,
        0.1,
        0.298624,
        0.267968,
        0.205552,
        0.324624,
        0.209088,
        0.441408,
        0.34848,
        0.162624,
        0.185856,
        0.139392,
        0.23232,
        0.162624,
        0.209088,
        0.209088,
        0.278784,
        0.418176,
        0.23232,
        0.325248,
        0.441408,
        0.418176,
        0.371712,
        0.11616,
        0.1,
        0.1,
        0.1,
        0.1,
        0.1,
        0.139392,
        0.23232,
        0.139392,
        0.185856,
        0.1,
        0.1,
        0.1,
        0.1,
        0.255552,
        0.11616,
        0.302016,
        0.325248,
        0.302016,
        0.418176,
        0.302016,
        0.557568,
        0.371712,
        0.371712,
        0.302016,
        0.209088,
        0.325248,
        0.1,
        0.1,
        0.1,
        0.1
    ],
    "delays": [
        138.8945
    ],
    "loss": 0,
    "queue": 10,
    "delay_noise": 0
}