{
    "timestamps": [
        0.0,
        0.5,
        1.0,
        1.5,
        2.0,
        2.5,
        3.0,
        3.5,
        4.0,
        4.5,
        5.0,
        5.5,
        6.0,
        6.5,
        7.0,
        7.5,
        8.0,
        8.5,
        9.0,
        9.5,
        10.0,
        10.5,
        11.0,
        11.5,
        12.0,
        12.5,
        13.0,
        13.5,
        14.0,
        14.5,
        15.0,
        15.5,
        16.0,
        16.5,
        17.0,
        17.5,
        18.0,
        18.5,
        19.0,
        19.5,
        20.0,
        20.5,
        21.0,
        21.5,
        22.0,
        22.5,
        23.0,
        23.5,
        24.0,
        24.5,
        25.0,
        25.5,
        26.0,
        26.5,
        27.0,
        27.5,
        28.0,
        28.5,
        29.0
    ],
    "bandwidths": [
        0.1,
        0.1,
        0.254256,
        0.7708,
        1.176448,
        1.289312,
        1.312192,
        1.199072,
        1.289024,
        1.01776,
        0.655824,
        0.610576,
        0.633472,
        0.656096,
        0.678448,
        0.655776,
        0.701056,
        0.655808,
        0.655824,
        0.700976,
        0.45248,
        0.497728,
        0.271488,
        0.22624,
        0.407232,
        0.205264,
        0.361984,
        0.49696,
        0.45248,
        0.542976,
        0.316736,
        0.318384,
        0.33904,
        0.203616,
        0.316464,
        0.317792,
        0.248864,
        0.384608,
        0.407232,
        0.339088,
        0.384608,
        0.33936,
        0.271488,
        0.316464,
        0.339088,
        0.316736,
        0.316736,
        0.338816,
        0.316736,
        0.339088,
        0.316736,
        0.182368,
        0.180992,
        0.158368,
        0.203616,
        0.316736,
        0.22624,
        0.25056,
        0.1
    ],
    "delays": [
        137.03300000000002
    ],
    "loss": 0,
    "queue": 10,
    "delay_noise": 0
}