{
    "timestamps": [
        0.0,
        0.5,
        1.0,
        1.5,
        2.0,
        2.5,
        3.0,
        3.5,
        4.0,
        4.5,
        5.0,
        5.5,
        6.0,
        6.5,
        7.0,
        7.5,
        8.0,
        8.5,
        9.0,
        9.5,
        10.0,
        10.5,
        11.0,
        11.5,
        12.0,
        12.5,
        13.0,
        13.5,
        14.0,
        14.5,
        15.0,
        15.5,
        16.0,
        16.5,
        17.0,
        17.5,
        18.0,
        18.5,
        19.0,
        19.5,
        20.0,
        20.5,
        21.0,
        21.5,
        22.0,
        22.5,
        23.0,
        23.5,
        24.0,
        24.5,
        25.0,
        25.5,
        26.0,
        26.5,
        27.0,
        27.5,
        28.0,
        28.5,
        29.0
    ],
    "bandwidths": [
        0.1,
        0.1,
        0.165344,
        0.612432,
        1.085952,
        0.769216,
        1.153824,
        0.769216,
        1.08568,
        1.153824,
        1.24432,
        1.243776,
        1.221696,
        0.814464,
        1.040704,
        0.90496,
        0.859424,
        1.06304,
        0.950208,
        0.837088,
        0.723424,
        0.1,
        0.429584,
        0.180672,
        0.180992,
        0.158368,
        0.248864,
        0.22624,
        0.33936,
        0.135744,
        0.316736,
        0.294112,
        0.182416,
        0.180992,
        0.271488,
        0.294112,
        0.33936,
        0.294112,
        0.475104,
        0.45248,
        0.474832,
        0.112848,
        0.316736,
        0.180992,
        0.203616,
        0.180992,
        0.158368,
        0.384608,
        0.22624,
        0.11312,
        0.316736,
        0.22624,
        0.180992,
        0.158368,
        0.180992,
        0.384608,
        0.341008,
        0.248864,
        0.1
    ],
    "delays": [
        138.889
    ],
    "loss": 0,
    "queue": 10,
    "delay_noise": 0
}