{
    "timestamps": [
        0.0,
        0.5,
        1.0,
        1.5,
        2.0,
        2.5,
        3.0,
        3.5,
        4.0,
        4.5,
        5.0,
        5.5,
        6.0,
        6.5,
        7.0,
        7.5,
        8.0,
        8.5,
        9.0,
        9.5,
        10.0,
        10.5,
        11.0,
        11.5,
        12.0,
        12.5,
        13.0,
        13.5,
        14.0,
        14.5,
        15.0,
        15.5,
        16.0,
        16.5,
        17.0,
        17.5,
        18.0,
        18.5,
        19.0,
        19.5,
        20.0,
        20.5,
        21.0,
        21.5,
        22.0,
        22.5,
        23.0,
        23.5,
        24.0,
        24.5,
        25.0,
        25.5,
        26.0,
        26.5,
        27.0,
        27.5,
        28.0,
        28.5,
        29.0,
        29.5,
        30.0,
        30.5
    ],
    "bandwidths": [
        0.1,
        94.178944,
        97.536,
        97.512,
        97.536,
        97.512,
        97.536,
        97.536,
        97.536,
        97.536,
        97.536,
        97.512,
        97.536,
        97.512,
        97.536,
        97.512,
        97.536,
        97.512,
        97.512,
        97.488,
        97.536,
        80.688,
        74.232,
        72.6,
        65.088,
        61.968,
        60.864,
        55.728,
        50.592,
        50.52,
        54.48,
        57.456,
        56.568,
        56.28,
        55.944,
        55.032,
        54.384,
        52.224,
        52.368,
        52.176,
        51.72,
        43.056,
        46.032,
        45.48,
        39.432,
        38.496,
        34.896,
        33.408,
        36.144,
        40.272,
        37.704,
        31.416,
        27.432,
        27.552,
        31.368,
        27.432,
        24.888,
        25.776,
        26.424,
        29.784,
        32.208,
        1.584
    ],
    "delays": [
        1.4369999999999998
    ],
    "loss": 0,
    "queue": 10,
    "delay_noise": 0
}