{
    "timestamps": [
        0.0,
        0.5,
        1.0,
        1.5,
        2.0,
        2.5,
        3.0,
        3.5,
        4.0,
        4.5,
        5.0,
        5.5,
        6.0,
        6.5,
        7.0,
        7.5,
        8.0,
        8.5,
        9.0,
        9.5,
        10.0,
        10.5,
        11.0,
        11.5,
        12.0,
        12.5,
        13.0,
        13.5,
        14.0,
        14.5,
        15.0,
        15.5,
        16.0,
        16.5,
        17.0,
        17.5,
        18.0,
        18.5,
        19.0,
        19.5,
        20.0,
        20.5,
        21.0,
        21.5,
        22.0,
        22.5,
        23.0,
        23.5,
        24.0,
        24.5,
        25.0,
        25.5,
        26.0,
        26.5,
        27.0,
        27.5,
        28.0,
        28.5,
        29.0,
        29.5,
        30.0,
        30.5
    ],
    "bandwidths": [
        0.1,
        96.794944,
        97.536,
        97.512,
        97.536,
        97.56,
        97.536,
        97.512,
        97.536,
        97.512,
        97.536,
        97.512,
        97.536,
        97.512,
        97.536,
        97.536,
        97.56,
        97.512,
        97.536,
        97.512,
        97.392,
        86.952,
        81.888,
        79.32,
        77.112,
        68.784,
        66.864,
        65.616,
        60.12,
        55.344,
        54.72,
        58.92,
        61.464,
        60.432,
        60.624,
        59.592,
        58.968,
        59.424,
        64.416,
        63.048,
        63.24,
        49.728,
        43.872,
        45.048,
        40.992,
        39.36,
        40.92,
        43.296,
        41.376,
        36.144,
        44.04,
        42.816,
        37.656,
        36.024,
        32.736,
        31.056,
        27.936,
        26.64,
        30.984,
        33.456,
        36.12,
        1.176
    ],
    "delays": [
        0.7020000000000001
    ],
    "loss": 0,
    "queue": 10,
    "delay_noise": 0
}