{
    "timestamps": [
        0.0,
        0.5,
        1.0,
        1.5,
        2.0,
        2.5,
        3.0,
        3.5,
        4.0,
        4.5,
        5.0,
        5.5,
        6.0,
        6.5,
        7.0,
        7.5,
        8.0,
        8.5,
        9.0,
        9.5,
        10.0,
        10.5,
        11.0,
        11.5,
        12.0,
        12.5,
        13.0,
        13.5,
        14.0,
        14.5,
        15.0,
        15.5,
        16.0,
        16.5,
        17.0,
        17.5,
        18.0,
        18.5,
        19.0,
        19.5,
        20.0,
        20.5,
        21.0,
        21.5,
        22.0,
        22.5,
        23.0,
        23.5,
        24.0,
        24.5,
        25.0,
        25.5,
        26.0,
        26.5,
        27.0,
        27.5,
        28.0,
        28.5,
        29.0,
        29.5,
        30.0,
        30.5
    ],
    "bandwidths": [
        0.1,
        95.889472,
        97.45968,
        97.45968,
        97.45968,
        97.45968,
        97.131296,
        97.483136,
        97.483136,
        97.45968,
        97.178208,
        97.483136,
        97.45968,
        97.45968,
        97.201664,
        97.45968,
        97.483136,
        97.45968,
        97.154752,
        97.45968,
        97.483136,
        92.0648,
        78.905984,
        71.88544,
        65.371872,
        61.188672,
        58.64,
        54.980864,
        40.625792,
        33.354432,
        33.917376,
        40.086304,
        44.073824,
        45.7392,
        41.493664,
        33.940832,
        40.836896,
        43.472768,
        45.809568,
        46.958912,
        48.858848,
        47.14656,
        40.086304,
        38.58512,
        43.51088,
        42.361536,
        34.925984,
        35.30128,
        33.166784,
        33.354432,
        33.4176,
        33.143328,
        33.304608,
        29.742208,
        26.059616,
        25.44976,
        28.827424,
        29.578016,
        28.92,
        25.660864,
        30.42144,
        0.492576
    ],
    "delays": [
        0.6845
    ],
    "loss": 0,
    "queue": 10,
    "delay_noise": 0
}