{
    "timestamps": [
        0.0,
        0.5,
        1.0,
        1.5,
        2.0,
        2.5,
        3.0,
        3.5,
        4.0,
        4.5,
        5.0,
        5.5,
        6.0,
        6.5,
        7.0,
        7.5,
        8.0,
        8.5,
        9.0,
        9.5,
        10.0,
        10.5,
        11.0,
        11.5,
        12.0,
        12.5,
        13.0,
        13.5,
        14.0,
        14.5,
        15.0,
        15.5,
        16.0,
        16.5,
        17.0,
        17.5,
        18.0,
        18.5,
        19.0,
        19.5,
        20.0,
        20.5,
        21.0,
        21.5,
        22.0,
        22.5,
        23.0,
        23.5,
        24.0,
        24.5,
        25.0,
        25.5,
        26.0,
        26.5,
        27.0,
        27.5,
        28.0,
        28.5,
        29.0,
        29.5,
        30.0,
        30.5
    ],
    "bandwidths": [
        0.1,
        91.948864,
        97.483136,
        97.45968,
        97.45968,
        97.483136,
        96.849824,
        97.483136,
        97.45968,
        97.45968,
        97.45968,
        96.87328,
        97.483136,
        97.45968,
        97.45968,
        96.849824,
        97.483136,
        97.45968,
        97.45968,
        96.263424,
        97.45968,
        90.493248,
        85.074912,
        78.131936,
        68.444608,
        73.980224,
        81.579968,
        84.954336,
        72.338304,
        66.005184,
        58.475808,
        58.17088,
        67.389088,
        60.141184,
        56.669696,
        68.116224,
        62.517568,
        57.138816,
        66.873056,
        74.00368,
        79.117088,
        63.80032,
        50.608992,
        48.037888,
        44.378752,
        42.619552,
        49.539072,
        45.879936,
        44.425664,
        44.382688,
        37.666816,
        34.0112,
        44.378752,
        51.110624,
        51.532832,
        57.93632,
        44.44912,
        48.483552,
        31.806336,
        35.342496,
        33.119872,
        1.548096
    ],
    "delays": [
        1.4235
    ],
    "loss": 0,
    "queue": 10,
    "delay_noise": 0
}