{
    "timestamps": [
        0.0,
        0.5,
        1.0,
        1.5,
        2.0,
        2.5,
        3.0,
        3.5,
        4.0,
        4.5,
        5.0,
        5.5,
        6.0,
        6.5,
        7.0,
        7.5,
        8.0,
        8.5,
        9.0,
        9.5,
        10.0,
        10.5,
        11.0,
        11.5,
        12.0,
        12.5,
        13.0,
        13.5,
        14.0,
        14.5,
        15.0,
        15.5,
        16.0,
        16.5,
        17.0,
        17.5,
        18.0,
        18.5,
        19.0,
        19.5,
        20.0,
        20.5,
        21.0,
        21.5,
        22.0,
        22.5,
        23.0,
        23.5,
        24.0,
        24.5,
        25.0,
        25.5,
        26.0,
        26.5,
        27.0,
        27.5,
        28.0,
        28.5,
        29.0,
        29.5,
        30.0,
        30.5
    ],
    "bandwidths": [
        0.1,
        91.808128,
        97.483136,
        97.45968,
        97.45968,
        97.45968,
        96.87328,
        97.483136,
        97.483136,
        97.45968,
        97.483136,
        96.826368,
        97.45968,
        97.483136,
        97.45968,
        96.826368,
        97.45968,
        97.45968,
        97.45968,
        96.87328,
        97.483136,
        90.446336,
        76.810752,
        66.521216,
        62.04112,
        56.224032,
        54.163168,
        50.594592,
        49.594688,
        48.600832,
        48.483552,
        47.334208,
        49.116864,
        61.665824,
        69.734688,
        91.83024,
        97.45968,
        93.143776,
        76.654208,
        72.854336,
        80.782464,
        68.6088,
        54.632672,
        44.824416,
        51.884672,
        40.062848,
        28.815744,
        36.896288,
        47.990976,
        37.857984,
        28.100288,
        34.855616,
        45.223168,
        41.365088,
        31.700352,
        32.392736,
        37.864672,
        34.621056,
        45.85648,
        35.626976,
        36.990112,
        1.806112
    ],
    "delays": [
        1.4015
    ],
    "loss": 0,
    "queue": 10,
    "delay_noise": 0
}