{
    "timestamps": [
        0.0,
        0.5,
        1.0,
        1.5,
        2.0,
        2.5,
        3.0,
        3.5,
        4.0,
        4.5,
        5.0,
        5.5,
        6.0,
        6.5,
        7.0,
        7.5,
        8.0,
        8.5,
        9.0,
        9.5,
        10.0,
        10.5,
        11.0,
        11.5,
        12.0,
        12.5,
        13.0,
        13.5,
        14.0,
        14.5,
        15.0,
        15.5,
        16.0,
        16.5,
        17.0,
        17.5,
        18.0,
        18.5,
        19.0,
        19.5,
        20.0,
        20.5,
        21.0,
        21.5,
        22.0,
        22.5,
        23.0,
        23.5,
        24.0,
        24.5,
        25.0,
        25.5,
        26.0,
        26.5,
        27.0,
        27.5,
        28.0,
        28.5,
        29.0,
        29.5,
        30.0
    ],
    "bandwidths": [
        0.1,
        16.47976,
        82.034624,
        83.075328,
        84.84,
        82.034624,
        84.681632,
        77.82656,
        71.242976,
        80.971296,
        80.903424,
        80.450944,
        83.663552,
        80.65456,
        79.364992,
        79.116128,
        65.38336,
        78.84464,
        78.143296,
        77.14784,
        80.066336,
        73.912608,
        65.02392,
        69.522112,
        74.81728,
        72.84928,
        70.270144,
        68.1432,
        63.596064,
        57.84928,
        56.469504,
        56.763616,
        53.256896,
        33.551392,
        53.573632,
        52.82704,
        52.37456,
        52.759168,
        52.465056,
        52.238816,
        49.568896,
        48.008128,
        41.672544,
        43.370208,
        40.134976,
        40.813408,
        38.664416,
        38.23456,
        37.352224,
        38.34768,
        34.999328,
        32.01296,
        32.2392,
        31.130624,
        31.266368,
        34.637344,
        37.510592,
        36.08528,
        37.057792,
        34.456032,
        29.479072
    ],
    "delays": [
        0.6739999999999999
    ],
    "loss": 0,
    "queue": 10,
    "delay_noise": 0
}