{
    "timestamps": [
        0.0,
        0.5,
        1.0,
        1.5,
        2.0,
        2.5,
        3.0,
        3.5,
        4.0,
        4.5,
        5.0,
        5.5,
        6.0,
        6.5,
        7.0,
        7.5,
        8.0,
        8.5,
        9.0,
        9.5,
        10.0,
        10.5,
        11.0,
        11.5,
        12.0,
        12.5,
        13.0,
        13.5,
        14.0,
        14.5,
        15.0,
        15.5,
        16.0,
        16.5,
        17.0,
        17.5,
        18.0,
        18.5,
        19.0,
        19.5,
        20.0,
        20.5,
        21.0,
        21.5,
        22.0,
        22.5,
        23.0,
        23.5,
        24.0,
        24.5,
        25.0,
        25.5,
        26.0,
        26.5,
        27.0,
        27.5,
        28.0,
        28.5,
        29.0,
        29.5,
        30.0
    ],
    "bandwidths": [
        0.1,
        15.258016,
        87.509632,
        86.582048,
        88.776576,
        82.758592,
        89.319552,
        89.183808,
        79.885344,
        87.668,
        87.758496,
        89.183808,
        89.048064,
        88.663456,
        88.867072,
        72.238432,
        89.002816,
        88.934944,
        88.980192,
        88.889696,
        86.604672,
        76.24288,
        57.829776,
        73.73104,
        72.238432,
        68.754336,
        68.392352,
        66.243072,
        63.641312,
        65.224992,
        37.012864,
        62.826848,
        61.53728,
        59.523744,
        57.894816,
        58.867648,
        58.188928,
        56.718368,
        54.501216,
        56.67312,
        57.216096,
        53.370016,
        45.789472,
        41.243232,
        37.465344,
        36.221024,
        36.356768,
        36.469888,
        34.071744,
        32.714304,
        31.831968,
        28.596736,
        28.325248,
        27.26192,
        29.026592,
        25.474624,
        29.207584,
        28.73248,
        29.162016,
        25.135264,
        21.221312
    ],
    "delays": [
        1.4045
    ],
    "loss": 0,
    "queue": 10,
    "delay_noise": 0
}