{
    "timestamps": [
        0.0,
        0.5,
        1.0,
        1.5,
        2.0,
        2.5,
        3.0,
        3.5,
        4.0,
        4.5,
        5.0,
        5.5,
        6.0,
        6.5,
        7.0,
        7.5,
        8.0,
        8.5,
        9.0,
        9.5,
        10.0,
        10.5,
        11.0,
        11.5,
        12.0,
        12.5,
        13.0,
        13.5,
        14.0,
        14.5,
        15.0,
        15.5,
        16.0,
        16.5,
        17.0,
        17.5,
        18.0,
        18.5,
        19.0,
        19.5,
        20.0,
        20.5,
        21.0,
        21.5,
        22.0,
        22.5,
        23.0,
        23.5,
        24.0,
        24.5,
        25.0,
        25.5,
        26.0,
        26.5,
        27.0,
        27.5,
        28.0,
        28.5,
        29.0,
        29.5,
        30.0
    ],
    "bandwidths": [
        0.1,
        14.71504,
        83.550432,
        78.686272,
        85.586592,
        80.42832,
        84.591136,
        83.505184,
        74.794944,
        87.351264,
        83.731424,
        80.812928,
        84.04816,
        82.781216,
        84.681632,
        70.948864,
        81.242784,
        83.36944,
        82.962208,
        85.586592,
        78.324288,
        68.4376,
        70.883536,
        71.287648,
        75.021184,
        70.7,
        67.442144,
        64.70464,
        59.817856,
        57.374464,
        55.813408,
        58.731904,
        36.062656,
        58.392544,
        57.035104,
        55.406176,
        54.614336,
        53.596256,
        52.442432,
        51.854208,
        49.99904,
        48.008128,
        38.504896,
        31.9448,
        29.139712,
        32.261824,
        31.56048,
        30.519456,
        33.82256,
        34.411104,
        35.542304,
        33.958624,
        34.27536,
        35.85872,
        32.420192,
        31.44704,
        33.415328,
        33.234656,
        32.850048,
        32.781856,
        27.691776
    ],
    "delays": [
        1.4000000000000001
    ],
    "loss": 0,
    "queue": 10,
    "delay_noise": 0
}