{
    "timestamps": [
        0.0,
        0.5,
        1.0,
        1.5,
        2.0,
        2.5,
        3.0,
        3.5,
        4.0,
        4.5,
        5.0,
        5.5,
        6.0,
        6.5,
        7.0,
        7.5,
        8.0,
        8.5,
        9.0,
        9.5,
        10.0,
        10.5,
        11.0,
        11.5,
        12.0,
        12.5,
        13.0,
        13.5,
        14.0,
        14.5,
        15.0,
        15.5,
        16.0,
        16.5,
        17.0,
        17.5,
        18.0,
        18.5,
        19.0,
        19.5,
        20.0,
        20.5,
        21.0,
        21.5,
        22.0,
        22.5,
        23.0,
        23.5,
        24.0,
        24.5,
        25.0,
        25.5,
        26.0,
        26.5,
        27.0,
        27.5,
        28.0,
        28.5,
        29.0,
        29.5,
        30.0,
        30.5
    ],
    "bandwidths": [
        0.1,
        0.586944,
        4.315904,
        5.864,
        7.294816,
        4.644288,
        6.966432,
        4.996128,
        4.057888,
        4.933056,
        8.115776,
        5.301056,
        7.763936,
        6.755328,
        10.273728,
        8.819456,
        6.239296,
        9.687328,
        18.319136,
        12.971168,
        9.288576,
        9.241664,
        7.787392,
        12.595872,
        5.605984,
        9.086816,
        15.762432,
        16.18464,
        12.9008,
        20.75856,
        17.075968,
        26.763296,
        16.395744,
        12.150208,
        16.606848,
        15.903168,
        15.879712,
        17.803104,
        19.374656,
        14.143968,
        12.9008,
        9.945344,
        15.410592,
        18.553696,
        11.96256,
        20.946208,
        20.75856,
        18.7648,
        16.466112,
        21.6968,
        13.323008,
        8.584896,
        12.689696,
        10.883584,
        21.180768,
        17.263616,
        15.668608,
        21.016576,
        23.948576,
        22.16592,
        18.64752,
        0.516032
    ],
    "delays": [
        14.662
    ],
    "loss": 0,
    "queue": 10,
    "delay_noise": 0
}