{
    "timestamps": [
        0.0,
        0.5,
        1.0,
        1.5,
        2.0,
        2.5,
        3.0,
        3.5,
        4.0,
        4.5,
        5.0,
        5.5,
        6.0,
        6.5,
        7.0,
        7.5,
        8.0,
        8.5,
        9.0,
        9.5,
        10.0,
        10.5,
        11.0,
        11.5,
        12.0,
        12.5,
        13.0,
        13.5,
        14.0,
        14.5,
        15.0,
        15.5,
        16.0,
        16.5,
        17.0,
        17.5,
        18.0,
        18.5,
        19.0,
        19.5,
        20.0,
        20.5,
        21.0,
        21.5,
        22.0,
        22.5,
        23.0,
        23.5,
        24.0,
        24.5,
        25.0,
        25.5,
        26.0,
        26.5,
        27.0,
        27.5,
        28.0,
        28.5,
        29.0,
        29.5,
        30.0,
        30.5
    ],
    "bandwidths": [
        0.1,
        0.188992,
        2.157952,
        3.612224,
        4.45664,
        6.356576,
        4.292448,
        4.081344,
        4.409728,
        5.04304,
        4.996128,
        3.28384,
        3.119648,
        3.75296,
        7.482464,
        8.021952,
        10.43792,
        5.465248,
        4.996128,
        4.177152,
        5.301056,
        5.98128,
        7.576288,
        3.494944,
        2.758176,
        2.978912,
        3.494944,
        3.565312,
        5.652896,
        3.096192,
        3.143104,
        3.424576,
        2.415968,
        4.33936,
        3.236928,
        4.33936,
        4.597376,
        3.588768,
        3.096192,
        5.2776,
        6.80224,
        6.778784,
        5.441792,
        6.872608,
        4.855392,
        8.373792,
        8.186144,
        8.303424,
        6.262752,
        8.021952,
        6.192384,
        4.268992,
        4.274112,
        5.699808,
        6.21584,
        6.09856,
        4.714656,
        3.98752,
        4.386272,
        3.846784,
        5.019584,
        0.1
    ],
    "delays": [
        17.383
    ],
    "loss": 0,
    "queue": 10,
    "delay_noise": 0
}