{
    "timestamps": [
        0.0,
        0.5,
        1.0,
        1.5,
        2.0,
        2.5,
        3.0,
        3.5,
        4.0,
        4.5,
        5.0,
        5.5,
        6.0,
        6.5,
        7.0,
        7.5,
        8.0,
        8.5,
        9.0,
        9.5,
        10.0,
        10.5,
        11.0,
        11.5,
        12.0,
        12.5,
        13.0,
        13.5,
        14.0,
        14.5,
        15.0,
        15.5,
        16.0,
        16.5,
        17.0,
        17.5,
        18.0,
        18.5,
        19.0,
        19.5,
        20.0,
        20.5,
        21.0,
        21.5,
        22.0,
        22.5,
        23.0,
        23.5,
        24.0,
        24.5,
        25.0,
        25.5,
        26.0,
        26.5,
        27.0,
        27.5,
        28.0,
        28.5,
        29.0,
        29.5,
        30.0,
        30.5
    ],
    "bandwidths": [
        0.1,
        0.774592,
        4.1048,
        4.175168,
        2.650528,
        2.181408,
        2.767808,
        2.204864,
        2.673984,
        2.650528,
        2.157952,
        1.899936,
        3.448032,
        2.767808,
        3.471488,
        3.87024,
        2.46288,
        3.494944,
        3.143104,
        3.471488,
        3.330752,
        2.908544,
        3.63568,
        3.213472,
        4.6912,
        3.98752,
        4.92576,
        5.723264,
        3.63568,
        6.286208,
        4.057888,
        4.386272,
        3.799872,
        5.04304,
        3.213472,
        3.155392,
        3.565312,
        3.119648,
        3.190016,
        3.729504,
        3.940608,
        4.45664,
        3.002368,
        2.509792,
        3.799872,
        2.81472,
        2.767808,
        3.917152,
        2.3456,
        2.767808,
        3.330752,
        3.424576,
        3.494944,
        2.556704,
        1.712288,
        2.369056,
        3.424576,
        2.791264,
        6.028192,
        6.028192,
        6.145472,
        0.11728
    ],
    "delays": [
        14.9815
    ],
    "loss": 0,
    "queue": 10,
    "delay_noise": 0
}