{
    "timestamps": [
        0.0,
        0.5,
        1.0,
        1.5,
        2.0,
        2.5,
        3.0,
        3.5,
        4.0,
        4.5,
        5.0,
        5.5,
        6.0,
        6.5,
        7.0,
        7.5,
        8.0,
        8.5,
        9.0,
        9.5,
        10.0,
        10.5,
        11.0,
        11.5,
        12.0,
        12.5,
        13.0,
        13.5,
        14.0,
        14.5,
        15.0,
        15.5,
        16.0,
        16.5,
        17.0,
        17.5,
        18.0,
        18.5,
        19.0,
        19.5,
        20.0,
        20.5,
        21.0,
        21.5,
        22.0,
        22.5,
        23.0,
        23.5,
        24.0,
        24.5,
        25.0,
        25.5,
        26.0,
        26.5,
        27.0,
        27.5,
        28.0,
        28.5,
        29.0,
        29.5,
        30.0
    ],
    "bandwidths": [
        0.1,
        0.1,
        0.1,
        0.1,
        0.1,
        0.1,
        1.455216,
        14.863968,
        10.361792,
        10.06768,
        5.791744,
        10.158176,
        7.80528,
        9.16272,
        7.443056,
        6.877696,
        8.755488,
        9.117472,
        10.836896,
        13.642272,
        12.624192,
        11.741856,
        8.438752,
        10.045056,
        10.248672,
        12.307456,
        10.271296,
        12.850432,
        8.438752,
        10.972304,
        12.262208,
        11.244128,
        9.117472,
        8.079024,
        11.719232,
        15.090208,
        17.42048,
        12.918304,
        18.302816,
        14.479072,
        14.615104,
        20.067488,
        18.529056,
        22.194144,
        13.212416,
        13.23504,
        19.773376,
        18.55168,
        15.429568,
        18.483808,
        14.14,
        19.411392,
        23.121728,
        18.77792,
        20.3616,
        23.393216,
        18.43856,
        12.89568,
        18.913664,
        25.836608,
        12.013344
    ],
    "delays": [
        14.6915
    ],
    "loss": 0,
    "queue": 10,
    "delay_noise": 0
}