{
    "timestamps": [
        0.0,
        0.5,
        1.0,
        1.5,
        2.0,
        2.5,
        3.0,
        3.5,
        4.0,
        4.5,
        5.0,
        5.5,
        6.0,
        6.5,
        7.0,
        7.5,
        8.0,
        8.5,
        9.0,
        9.5,
        10.0,
        10.5,
        11.0,
        11.5,
        12.0,
        12.5,
        13.0,
        13.5,
        14.0,
        14.5,
        15.0,
        15.5,
        16.0,
        16.5,
        17.0,
        17.5,
        18.0,
        18.5,
        19.0,
        19.5,
        20.0,
        20.5,
        21.0,
        21.5,
        22.0,
        22.5,
        23.0,
        23.5,
        24.0,
        24.5,
        25.0,
        25.5,
        26.0,
        26.5,
        27.0,
        27.5,
        28.0,
        28.5,
        29.0,
        29.5,
        30.0
    ],
    "bandwidths": [
        0.1,
        0.256,
        8.644048,
        10.497536,
        8.981728,
        12.171712,
        7.9184,
        8.325632,
        11.583488,
        1.945664,
        12.1488,
        17.75984,
        15.112832,
        14.072128,
        15.746304,
        17.827712,
        16.787008,
        11.221504,
        13.416032,
        6.651456,
        8.347968,
        6.628832,
        6.10848,
        9.796192,
        7.01344,
        11.402496,
        9.321088,
        7.12656,
        5.768832,
        6.2216,
        8.82336,
        7.262304,
        7.986272,
        9.886688,
        5.904864,
        9.524704,
        5.836992,
        5.452096,
        6.402016,
        9.569952,
        9.50208,
        15.904672,
        14.02688,
        10.63328,
        9.38896,
        5.045152,
        6.67408,
        4.547424,
        5.54288,
        4.547136,
        6.063232,
        5.633376,
        8.212512,
        9.140096,
        7.601664,
        5.816288,
        5.904864,
        7.262304,
        6.583584,
        6.855072,
        8.71024
    ],
    "delays": [
        17.5185
    ],
    "loss": 0,
    "queue": 10,
    "delay_noise": 0
}