{
    "timestamps": [
        0.0,
        0.5,
        1.0,
        1.5,
        2.0,
        2.5,
        3.0,
        3.5,
        4.0,
        4.5,
        5.0,
        5.5,
        6.0,
        6.5,
        7.0,
        7.5,
        8.0,
        8.5,
        9.0,
        9.5,
        10.0,
        10.5,
        11.0,
        11.5,
        12.0,
        12.5,
        13.0,
        13.5,
        14.0,
        14.5,
        15.0,
        15.5,
        16.0,
        16.5,
        17.0,
        17.5,
        18.0,
        18.5,
        19.0,
        19.5,
        20.0,
        20.5,
        21.0,
        21.5,
        22.0,
        22.5,
        23.0,
        23.5,
        24.0,
        24.5,
        25.0,
        25.5,
        26.0,
        26.5,
        27.0,
        27.5,
        28.0,
        28.5,
        29.0,
        29.5,
        30.0
    ],
    "bandwidths": [
        0.1,
        0.256,
        8.05736,
        11.53824,
        11.673984,
        9.912048,
        13.416032,
        6.515712,
        6.877696,
        4.818912,
        4.728416,
        7.9184,
        8.416128,
        4.86416,
        6.085856,
        9.321088,
        6.357344,
        7.262304,
        6.493088,
        6.7872,
        4.909408,
        5.0904,
        5.497632,
        7.9184,
        10.655904,
        11.945472,
        6.922944,
        4.049696,
        6.990528,
        7.103936,
        6.741952,
        6.085856,
        5.76912,
        6.10848,
        5.610752,
        6.10848,
        5.972736,
        7.986272,
        6.719328,
        15.452192,
        10.135552,
        11.334624,
        11.628736,
        8.732864,
        7.986272,
        9.682784,
        7.963648,
        10.497536,
        6.44784,
        6.131104,
        3.325728,
        4.253312,
        5.022528,
        2.669632,
        3.845792,
        4.660544,
        8.664992,
        10.06768,
        4.18544,
        9.592576,
        4.841536
    ],
    "delays": [
        17.345
    ],
    "loss": 0,
    "queue": 10,
    "delay_noise": 0
}