{
    "timestamps": [
        0.0,
        0.5,
        1.0,
        1.5,
        2.0,
        2.5,
        3.0,
        3.5,
        4.0,
        4.5,
        5.0,
        5.5,
        6.0,
        6.5,
        7.0,
        7.5,
        8.0,
        8.5,
        9.0,
        9.5,
        10.0,
        10.5,
        11.0,
        11.5,
        12.0,
        12.5,
        13.0,
        13.5,
        14.0,
        14.5,
        15.0,
        15.5,
        16.0,
        16.5,
        17.0,
        17.5,
        18.0,
        18.5,
        19.0,
        19.5,
        20.0,
        20.5,
        21.0,
        21.5,
        22.0,
        22.5,
        23.0,
        23.5,
        24.0,
        24.5,
        25.0,
        25.5,
        26.0,
        26.5,
        27.0,
        27.5,
        28.0,
        28.5,
        29.0,
        29.5,
        30.0,
        30.5
    ],
    "bandwidths": [
        0.1,
        3.794944,
        5.424,
        8.376,
        8.352,
        9.0,
        7.536,
        6.168,
        4.92,
        4.728,
        4.32,
        4.56,
        4.008,
        3.648,
        4.656,
        2.568,
        2.04,
        2.136,
        2.064,
        2.712,
        2.76,
        2.472,
        2.184,
        2.064,
        1.872,
        2.304,
        2.856,
        3.36,
        3.624,
        3.12,
        3.096,
        3.072,
        3.072,
        2.784,
        2.952,
        2.664,
        2.76,
        3.36,
        2.928,
        2.784,
        2.616,
        1.536,
        1.872,
        1.968,
        2.16,
        1.968,
        1.848,
        2.064,
        1.608,
        1.92,
        1.944,
        2.04,
        2.064,
        2.16,
        2.208,
        2.208,
        2.208,
        2.112,
        2.04,
        2.064,
        1.968,
        0.1
    ],
    "delays": [
        14.777999999999999
    ],
    "loss": 0,
    "queue": 10,
    "delay_noise": 0
}