{
    "timestamps": [
        0.0,
        0.5,
        1.0,
        1.5,
        2.0,
        2.5,
        3.0,
        3.5,
        4.0,
        4.5,
        5.0,
        5.5,
        6.0,
        6.5,
        7.0,
        7.5,
        8.0,
        8.5,
        9.0,
        9.5,
        10.0,
        10.5,
        11.0,
        11.5,
        12.0,
        12.5,
        13.0,
        13.5,
        14.0,
        14.5,
        15.0,
        15.5,
        16.0,
        16.5,
        17.0,
        17.5,
        18.0,
        18.5,
        19.0,
        19.5,
        20.0,
        20.5,
        21.0,
        21.5,
        22.0,
        22.5,
        23.0,
        23.5,
        24.0,
        24.5,
        25.0,
        25.5,
        26.0,
        26.5,
        27.0,
        27.5,
        28.0,
        28.5,
        29.0,
        29.5,
        30.0
    ],
    "bandwidths": [
        0.1,
        0.626944,
        3.672,
        4.224,
        3.192,
        3.672,
        3.864,
        4.008,
        4.2,
        2.088,
        2.304,
        2.28,
        2.496,
        2.712,
        2.592,
        3.0,
        2.88,
        2.664,
        2.736,
        2.568,
        1.968,
        1.536,
        1.488,
        1.272,
        1.704,
        2.04,
        2.28,
        2.568,
        2.664,
        2.544,
        2.928,
        3.816,
        3.6,
        3.024,
        2.712,
        2.616,
        2.904,
        3.408,
        3.456,
        3.096,
        3.24,
        2.736,
        2.664,
        2.328,
        2.208,
        2.256,
        2.16,
        2.304,
        2.304,
        2.568,
        2.952,
        3.696,
        3.84,
        2.64,
        2.472,
        2.208,
        2.616,
        2.592,
        2.616,
        2.712,
        3.0
    ],
    "delays": [
        14.841999999999999
    ],
    "loss": 0,
    "queue": 10,
    "delay_noise": 0
}