{
    "timestamps": [
        0.0,
        0.5,
        1.0,
        1.5,
        2.0,
        2.5,
        3.0,
        3.5,
        4.0,
        4.5,
        5.0,
        5.5,
        6.0,
        6.5,
        7.0,
        7.5,
        8.0,
        8.5,
        9.0,
        9.5,
        10.0,
        10.5,
        11.0,
        11.5,
        12.0,
        12.5,
        13.0,
        13.5,
        14.0,
        14.5,
        15.0,
        15.5,
        16.0,
        16.5,
        17.0,
        17.5,
        18.0,
        18.5,
        19.0,
        19.5,
        20.0,
        20.5,
        21.0,
        21.5,
        22.0,
        22.5,
        23.0,
        23.5,
        24.0,
        24.5,
        25.0,
        25.5,
        26.0,
        26.5,
        27.0,
        27.5,
        28.0,
        28.5,
        29.0,
        29.5,
        30.0,
        30.5
    ],
    "bandwidths": [
        0.1,
        37.442944,
        97.536,
        97.536,
        97.536,
        97.488,
        97.488,
        97.536,
        97.536,
        97.56,
        97.512,
        97.536,
        97.536,
        97.536,
        97.512,
        97.488,
        97.56,
        97.512,
        97.488,
        97.152,
        97.488,
        34.968,
        55.656,
        55.728,
        53.232,
        52.872,
        53.4,
        53.112,
        51.288,
        51.624,
        51.48,
        48.84,
        46.608,
        46.464,
        47.088,
        49.44,
        48.792,
        48.792,
        47.808,
        48.528,
        49.488,
        43.824,
        13.992,
        19.68,
        27.096,
        28.752,
        27.408,
        25.968,
        26.016,
        25.992,
        25.944,
        25.944,
        26.88,
        27.192,
        25.632,
        27.216,
        30.672,
        33.912,
        35.304,
        35.976,
        37.896,
        3.312
    ],
    "delays": [
        24.241999999999997
    ],
    "loss": 0,
    "queue": 10,
    "delay_noise": 0
}