{
    "timestamps": [
        0.0,
        0.5,
        1.0,
        1.5,
        2.0,
        2.5,
        3.0,
        3.5,
        4.0,
        4.5,
        5.0,
        5.5,
        6.0,
        6.5,
        7.0,
        7.5,
        8.0,
        8.5,
        9.0,
        9.5,
        10.0,
        10.5,
        11.0,
        11.5,
        12.0,
        12.5,
        13.0,
        13.5,
        14.0,
        14.5,
        15.0,
        15.5,
        16.0,
        16.5,
        17.0,
        17.5,
        18.0,
        18.5,
        19.0,
        19.5,
        20.0,
        20.5,
        21.0,
        21.5,
        22.0,
        22.5,
        23.0,
        23.5,
        24.0,
        24.5,
        25.0,
        25.5,
        26.0,
        26.5,
        27.0,
        27.5,
        28.0,
        28.5,
        29.0,
        29.5,
        30.0,
        30.5
    ],
    "bandwidths": [
        0.1,
        32.546944,
        97.488,
        97.512,
        97.536,
        97.512,
        97.536,
        97.536,
        97.488,
        97.56,
        97.512,
        97.488,
        97.512,
        97.536,
        97.512,
        97.56,
        97.536,
        97.488,
        97.536,
        97.536,
        97.512,
        85.488,
        57.552,
        52.92,
        57.576,
        57.264,
        55.296,
        56.424,
        56.184,
        57.0,
        56.712,
        55.824,
        55.008,
        55.32,
        56.52,
        56.664,
        57.12,
        57.792,
        57.72,
        60.024,
        58.584,
        20.664,
        32.496,
        35.832,
        27.528,
        30.456,
        30.672,
        30.432,
        30.912,
        31.488,
        31.488,
        30.0,
        28.848,
        29.04,
        29.256,
        32.76,
        33.792,
        35.544,
        34.92,
        36.696,
        36.312,
        2.736
    ],
    "delays": [
        25.838500000000003
    ],
    "loss": 0,
    "queue": 10,
    "delay_noise": 0
}