{
    "timestamps": [
        0.0,
        0.5,
        1.0,
        1.5,
        2.0,
        2.5,
        3.0,
        3.5,
        4.0,
        4.5,
        5.0,
        5.5,
        6.0,
        6.5,
        7.0,
        7.5,
        8.0,
        8.5,
        9.0,
        9.5,
        10.0,
        10.5,
        11.0,
        11.5,
        12.0,
        12.5,
        13.0,
        13.5,
        14.0,
        14.5,
        15.0,
        15.5,
        16.0,
        16.5,
        17.0,
        17.5,
        18.0,
        18.5,
        19.0,
        19.5,
        20.0,
        20.5,
        21.0,
        21.5,
        22.0,
        22.5,
        23.0,
        23.5,
        24.0,
        24.5,
        25.0,
        25.5,
        26.0,
        26.5,
        27.0,
        27.5,
        28.0,
        28.5,
        29.0,
        29.5,
        30.0,
        30.5
    ],
    "bandwidths": [
        0.1,
        1.737088,
        6.33312,
        11.1416,
        16.4192,
        22.822688,
        26.481824,
        31.290304,
        36.192608,
        41.352928,
        47.944064,
        52.89328,
        57.303008,
        61.032512,
        66.919968,
        72.877792,
        77.615904,
        82.635488,
        87.25632,
        92.369728,
        37.506144,
        15.082208,
        20.570912,
        25.637408,
        30.938464,
        35.840768,
        40.086304,
        45.598464,
        50.66496,
        55.285792,
        55.59072,
        31.793056,
        39.40608,
        42.92448,
        47.709504,
        51.36864,
        52.65872,
        51.48592,
        52.001952,
        52.494528,
        51.204448,
        51.274816,
        50.829152,
        49.234144,
        48.460096,
        48.366272,
        22.8696,
        0.1,
        0.375296,
        4.972672,
        7.247904,
        11.704544,
        16.583392,
        21.391872,
        25.191744,
        26.85712,
        27.466976,
        27.983008,
        28.194112,
        28.38176,
        28.7336,
        3.025824
    ],
    "delays": [
        24.227999999999998
    ],
    "loss": 0,
    "queue": 10,
    "delay_noise": 0
}