{
    "timestamps": [
        0.0,
        0.5,
        1.0,
        1.5,
        2.0,
        2.5,
        3.0,
        3.5,
        4.0,
        4.5,
        5.0,
        5.5,
        6.0,
        6.5,
        7.0,
        7.5,
        8.0,
        8.5,
        9.0,
        9.5,
        10.0,
        10.5,
        11.0,
        11.5,
        12.0,
        12.5,
        13.0,
        13.5,
        14.0,
        14.5,
        15.0,
        15.5,
        16.0,
        16.5,
        17.0,
        17.5,
        18.0,
        18.5,
        19.0,
        19.5,
        20.0,
        20.5,
        21.0,
        21.5,
        22.0,
        22.5,
        23.0,
        23.5,
        24.0,
        24.5,
        25.0,
        25.5,
        26.0,
        26.5,
        27.0,
        27.5,
        28.0,
        28.5,
        29.0,
        29.5,
        30.0
    ],
    "bandwidths": [
        0.1,
        1.90048,
        6.56768,
        11.37616,
        16.278464,
        21.204224,
        26.129984,
        31.055744,
        35.958048,
        40.836896,
        45.7392,
        50.641504,
        55.47344,
        41.059744,
        18.788256,
        23.878208,
        28.7336,
        33.682816,
        38.58512,
        43.51088,
        36.098784,
        28.49904,
        33.377888,
        38.46784,
        43.135584,
        48.108256,
        53.01056,
        57.4672,
        61.947296,
        63.9176,
        62.97936,
        62.064576,
        61.243616,
        60.962144,
        60.375744,
        59.906624,
        59.8128,
        59.2264,
        59.085664,
        58.851104,
        58.593088,
        58.311616,
        47.334208,
        0.1,
        0.1,
        2.673984,
        6.778784,
        9.73424,
        14.613088,
        19.515392,
        24.417696,
        27.748448,
        28.405216,
        29.460736,
        28.170656,
        29.953312,
        29.742208,
        30.14096,
        29.765664,
        30.047136,
        24.816448
    ],
    "delays": [
        24.732999999999997
    ],
    "loss": 0,
    "queue": 10,
    "delay_noise": 0
}