{
    "timestamps": [
        0.0,
        0.5,
        1.0,
        1.5,
        2.0,
        2.5,
        3.0,
        3.5,
        4.0,
        4.5,
        5.0,
        5.5,
        6.0,
        6.5,
        7.0,
        7.5,
        8.0,
        8.5,
        9.0,
        9.5,
        10.0,
        10.5,
        11.0,
        11.5,
        12.0,
        12.5,
        13.0,
        13.5,
        14.0,
        14.5,
        15.0,
        15.5,
        16.0,
        16.5,
        17.0,
        17.5,
        18.0,
        18.5,
        19.0,
        19.5,
        20.0,
        20.5,
        21.0,
        21.5,
        22.0,
        22.5,
        23.0,
        23.5,
        24.0,
        24.5,
        25.0,
        25.5,
        26.0,
        26.5,
        27.0,
        27.5,
        28.0,
        28.5,
        29.0,
        29.5,
        30.0
    ],
    "bandwidths": [
        0.1,
        1.90048,
        6.56768,
        11.37616,
        16.278464,
        21.204224,
        25.496672,
        30.234784,
        35.53584,
        40.34432,
        45.199712,
        50.125472,
        54.793216,
        59.93008,
        64.762016,
        69.711232,
        74.402432,
        79.351648,
        84.230496,
        89.085888,
        93.495616,
        95.747392,
        92.627744,
        89.906848,
        88.31184,
        85.37984,
        84.347776,
        83.339168,
        81.345408,
        81.110848,
        79.820768,
        78.999808,
        78.319584,
        77.310976,
        76.888768,
        76.654208,
        33.588992,
        0.1,
        0.680224,
        4.45664,
        7.459008,
        10.930496,
        15.809344,
        20.500544,
        23.667104,
        29.882944,
        34.785248,
        36.028416,
        35.7704,
        36.051872,
        35.371648,
        35.395104,
        35.230912,
        35.019808,
        35.113632,
        35.254368,
        19.515392,
        0.1,
        0.398752,
        4.527008,
        7.341728
    ],
    "delays": [
        24.7605
    ],
    "loss": 0,
    "queue": 10,
    "delay_noise": 0
}