{
    "timestamps": [
        0.0,
        0.5,
        1.0,
        1.5,
        2.0,
        2.5,
        3.0,
        3.5,
        4.0,
        4.5,
        5.0,
        5.5,
        6.0,
        6.5,
        7.0,
        7.5,
        8.0,
        8.5,
        9.0,
        9.5,
        10.0,
        10.5,
        11.0,
        11.5,
        12.0,
        12.5,
        13.0,
        13.5,
        14.0,
        14.5,
        15.0,
        15.5,
        16.0,
        16.5,
        17.0,
        17.5,
        18.0,
        18.5,
        19.0,
        19.5,
        20.0,
        20.5,
        21.0,
        21.5,
        22.0,
        22.5,
        23.0,
        23.5,
        24.0,
        24.5,
        25.0,
        25.5,
        26.0,
        26.5,
        27.0,
        27.5,
        28.0,
        28.5,
        29.0,
        29.5,
        30.0
    ],
    "bandwidths": [
        0.1,
        0.278624,
        59.360032,
        22.802736,
        16.74176,
        51.707168,
        51.387712,
        69.998656,
        97.373696,
        97.373696,
        97.373696,
        94.274208,
        72.102384,
        97.373696,
        97.373696,
        97.39632,
        97.373696,
        83.346816,
        70.360032,
        97.328448,
        97.39632,
        95.5864,
        89.229056,
        87.373888,
        86.401056,
        85.767584,
        85.088864,
        84.478016,
        83.754048,
        83.097952,
        72.125312,
        47.342048,
        80.269952,
        80.496192,
        79.998464,
        79.500736,
        78.987664,
        61.53728,
        77.238336,
        76.966848,
        76.627488,
        75.632032,
        61.315216,
        67.894624,
        67.75888,
        60.02896,
        65.089248,
        63.822304,
        62.713728,
        60.881184,
        56.750448,
        58.731904,
        60.06672,
        58.2504,
        55.78456,
        55.76816,
        54.998944,
        53.754624,
        50.84808,
        52.012576,
        44.275168
    ],
    "delays": [
        27.163
    ],
    "loss": 0,
    "queue": 10,
    "delay_noise": 0
}