{
    "timestamps": [
        0.0,
        0.5,
        1.0,
        1.5,
        2.0,
        2.5,
        3.0,
        3.5,
        4.0,
        4.5,
        5.0,
        5.5,
        6.0,
        6.5,
        7.0,
        7.5,
        8.0,
        8.5,
        9.0,
        9.5,
        10.0,
        10.5,
        11.0,
        11.5,
        12.0,
        12.5,
        13.0,
        13.5,
        14.0,
        14.5,
        15.0,
        15.5,
        16.0,
        16.5,
        17.0,
        17.5,
        18.0,
        18.5,
        19.0,
        19.5,
        20.0,
        20.5,
        21.0,
        21.5,
        22.0,
        22.5,
        23.0,
        23.5,
        24.0,
        24.5,
        25.0,
        25.5,
        26.0,
        26.5,
        27.0,
        27.5,
        28.0,
        28.5,
        29.0,
        29.5,
        30.0
    ],
    "bandwidths": [
        0.1,
        0.278624,
        61.167712,
        21.53744,
        51.897216,
        28.528864,
        41.485344,
        51.569344,
        92.509536,
        97.418944,
        97.328448,
        95.043424,
        97.373696,
        97.351072,
        97.418944,
        97.373696,
        97.351072,
        84.72688,
        97.351072,
        97.418944,
        97.351072,
        97.124832,
        60.207168,
        55.846688,
        76.107136,
        57.96856,
        60.338208,
        46.311968,
        44.561456,
        37.646336,
        36.831872,
        39.69792,
        38.958528,
        39.592,
        41.334048,
        39.795616,
        38.415552,
        30.764272,
        39.659872,
        39.886112,
        39.682496,
        41.077264,
        39.291216,
        33.114912,
        31.967712,
        35.40656,
        31.967712,
        31.329008,
        31.356864,
        32.216576,
        32.869072,
        32.714304,
        33.098912,
        33.660144,
        34.116992,
        34.999328,
        33.657408,
        34.908832,
        34.705216,
        35.242128,
        29.999424
    ],
    "delays": [
        25.32
    ],
    "loss": 0,
    "queue": 10,
    "delay_noise": 0
}