{
    "timestamps": [
        0.0,
        0.5,
        1.0,
        1.5,
        2.0,
        2.5,
        3.0,
        3.5,
        4.0,
        4.5,
        5.0,
        5.5,
        6.0,
        6.5,
        7.0,
        7.5,
        8.0,
        8.5,
        9.0,
        9.5,
        10.0,
        10.5,
        11.0,
        11.5,
        12.0,
        12.5,
        13.0,
        13.5,
        14.0,
        14.5,
        15.0,
        15.5,
        16.0,
        16.5,
        17.0,
        17.5,
        18.0,
        18.5,
        19.0,
        19.5,
        20.0,
        20.5,
        21.0,
        21.5,
        22.0,
        22.5,
        23.0,
        23.5,
        24.0,
        24.5,
        25.0,
        25.5,
        26.0,
        26.5,
        27.0,
        27.5,
        28.0,
        28.5,
        29.0,
        29.5,
        30.0
    ],
    "bandwidths": [
        0.1,
        0.278624,
        61.054304,
        21.356752,
        51.829056,
        28.347872,
        41.485456,
        51.41176,
        91.581952,
        97.39632,
        97.328448,
        95.066048,
        97.328448,
        97.418944,
        97.373696,
        97.39632,
        97.373696,
        85.020992,
        97.351072,
        97.351072,
        97.39632,
        61.9716,
        88.934944,
        83.89616,
        67.668384,
        87.803744,
        86.98928,
        86.468928,
        85.790208,
        85.043616,
        84.478016,
        44.352176,
        78.6184,
        82.781216,
        82.46448,
        82.170368,
        81.627392,
        81.242784,
        63.691744,
        77.03472,
        78.935136,
        76.604864,
        67.309808,
        52.360016,
        62.035008,
        60.722816,
        59.817856,
        59.433248,
        55.142256,
        58.415168,
        56.56,
        52.63656,
        53.867744,
        53.143776,
        52.274224,
        51.605344,
        51.718464,
        49.083296,
        49.88592,
        48.505856,
        41.8544
    ],
    "delays": [
        24.934
    ],
    "loss": 0,
    "queue": 10,
    "delay_noise": 0
}