{
    "timestamps": [
        0.0,
        0.5,
        1.0,
        1.5,
        2.0,
        2.5,
        3.0,
        3.5,
        4.0,
        4.5,
        5.0,
        5.5,
        6.0,
        6.5,
        7.0,
        7.5,
        8.0,
        8.5,
        9.0,
        9.5,
        10.0,
        10.5,
        11.0,
        11.5,
        12.0,
        12.5,
        13.0,
        13.5,
        14.0,
        14.5,
        15.0,
        15.5,
        16.0,
        16.5,
        17.0,
        17.5,
        18.0,
        18.5,
        19.0,
        19.5,
        20.0,
        20.5,
        21.0,
        21.5,
        22.0,
        22.5,
        23.0,
        23.5,
        24.0,
        24.5,
        25.0,
        25.5,
        26.0,
        26.5,
        27.0,
        27.5,
        28.0,
        28.5,
        29.0,
        29.5,
        30.0,
        30.5
    ],
    "bandwidths": [
        0.1,
        30.962944,
        97.536,
        97.512,
        97.512,
        97.536,
        97.536,
        97.536,
        97.488,
        97.512,
        97.512,
        97.536,
        97.536,
        97.536,
        97.536,
        97.512,
        97.512,
        97.536,
        97.536,
        97.536,
        97.464,
        89.448,
        66.048,
        53.16,
        55.104,
        57.072,
        58.728,
        60.768,
        63.096,
        65.088,
        66.84,
        68.28,
        67.728,
        67.44,
        67.248,
        66.888,
        66.888,
        66.888,
        35.184,
        36.72,
        38.832,
        37.944,
        34.824,
        35.088,
        35.016,
        35.112,
        35.256,
        35.208,
        35.184,
        35.16,
        35.184,
        35.112,
        35.184,
        34.8,
        35.112,
        35.016,
        34.92,
        34.992,
        35.088,
        34.944,
        34.968,
        1.872
    ],
    "delays": [
        26.856499999999997
    ],
    "loss": 0,
    "queue": 10,
    "delay_noise": 0
}