{
    "timestamps": [
        0.0,
        0.5,
        1.0,
        1.5,
        2.0,
        2.5,
        3.0,
        3.5,
        4.0,
        4.5,
        5.0,
        5.5,
        6.0,
        6.5,
        7.0,
        7.5,
        8.0,
        8.5,
        9.0,
        9.5,
        10.0,
        10.5,
        11.0,
        11.5,
        12.0,
        12.5,
        13.0,
        13.5,
        14.0,
        14.5,
        15.0,
        15.5,
        16.0,
        16.5,
        17.0,
        17.5,
        18.0,
        18.5,
        19.0,
        19.5,
        20.0,
        20.5,
        21.0,
        21.5,
        22.0,
        22.5,
        23.0,
        23.5,
        24.0,
        24.5,
        25.0,
        25.5,
        26.0,
        26.5,
        27.0,
        27.5,
        28.0,
        28.5,
        29.0,
        29.5,
        30.0
    ],
    "bandwidths": [
        0.1,
        0.722944,
        7.92,
        68.496,
        97.536,
        93.769408,
        97.416,
        97.488,
        97.416,
        97.512,
        97.512,
        97.512,
        97.536,
        97.512,
        97.536,
        97.344,
        97.464,
        97.296,
        97.512,
        97.536,
        97.536,
        96.792,
        89.832,
        54.408,
        48.768,
        34.609408,
        10.032,
        48.768,
        48.744,
        57.936,
        48.744,
        48.744,
        48.768,
        48.72,
        48.768,
        48.768,
        48.768,
        48.768,
        48.744,
        49.224,
        48.768,
        48.384,
        45.528,
        33.672,
        32.52,
        32.496,
        32.52,
        10.56,
        15.864,
        32.568,
        32.496,
        32.52,
        31.92,
        32.496,
        32.16,
        32.304,
        32.64,
        32.4,
        32.52,
        32.496,
        28.152
    ],
    "delays": [
        69.659
    ],
    "loss": 0,
    "queue": 10,
    "delay_noise": 0,
    "T_s": 0
}