{
    "timestamps": [
        0.0,
        0.5,
        1.0,
        1.5,
        2.0,
        2.5,
        3.0,
        3.5,
        4.0,
        4.5,
        5.0,
        5.5,
        6.0,
        6.5,
        7.0,
        7.5,
        8.0,
        8.5,
        9.0,
        9.5,
        10.0,
        10.5,
        11.0,
        11.5,
        12.0,
        12.5,
        13.0,
        13.5,
        14.0,
        14.5,
        15.0,
        15.5,
        16.0,
        16.5,
        17.0,
        17.5,
        18.0,
        18.5,
        19.0,
        19.5,
        20.0,
        20.5,
        21.0,
        21.5,
        22.0,
        22.5,
        23.0,
        23.5,
        24.0,
        24.5,
        25.0,
        25.5,
        26.0,
        26.5,
        27.0,
        27.5,
        28.0,
        28.5,
        29.0,
        29.5,
        30.0
    ],
    "bandwidths": [
        0.1,
        0.958032,
        7.632,
        84.816,
        97.512,
        97.536,
        97.512,
        97.536,
        97.536,
        97.536,
        97.512,
        97.344,
        97.512,
        97.296,
        97.536,
        97.536,
        97.512,
        97.536,
        97.536,
        97.536,
        97.512,
        96.552,
        85.128,
        48.792,
        48.744,
        48.672,
        48.768,
        49.248,
        48.936,
        48.84,
        48.744,
        48.984,
        49.008,
        49.2,
        49.032,
        49.152,
        49.368,
        49.008,
        48.936,
        49.176,
        48.96,
        48.864,
        43.032,
        34.608,
        33.048,
        32.784,
        32.616,
        32.688,
        32.904,
        32.736,
        33.168,
        32.544,
        33.336,
        32.544,
        33.144,
        32.712,
        33.384,
        32.616,
        32.592,
        32.568,
        20.136
    ],
    "delays": [
        71.14150000000001
    ],
    "loss": 0,
    "queue": 10,
    "delay_noise": 0,
    "T_s": 0
}