{
    "timestamps": [
        0.0,
        0.5,
        1.0,
        1.5,
        2.0,
        2.5,
        3.0,
        3.5,
        4.0,
        4.5,
        5.0,
        5.5,
        6.0,
        6.5,
        7.0,
        7.5,
        8.0,
        8.5,
        9.0,
        9.5,
        10.0,
        10.5,
        11.0,
        11.5,
        12.0,
        12.5,
        13.0,
        13.5,
        14.0,
        14.5,
        15.0,
        15.5,
        16.0,
        16.5,
        17.0,
        17.5,
        18.0,
        18.5,
        19.0,
        19.5,
        20.0,
        20.5,
        21.0,
        21.5,
        22.0,
        22.5,
        23.0,
        23.5,
        24.0,
        24.5,
        25.0,
        25.5,
        26.0,
        26.5,
        27.0,
        27.5,
        28.0,
        28.5,
        29.0,
        29.5,
        30.0
    ],
    "bandwidths": [
        0.1,
        0.1,
        0.656768,
        1.149344,
        1.806112,
        2.720896,
        2.533248,
        4.034432,
        3.565312,
        5.441792,
        4.57392,
        6.80224,
        5.62944,
        8.162688,
        7.412096,
        8.819456,
        10.32064,
        8.279968,
        11.728,
        9.288576,
        13.088448,
        10.344096,
        14.448896,
        11.352704,
        15.856256,
        14.003232,
        15.574784,
        17.756192,
        14.261248,
        19.327744,
        15.035296,
        20.735104,
        16.043904,
        22.04864,
        17.263616,
        23.22144,
        20.75856,
        22.095552,
        24.441152,
        20.711648,
        26.904032,
        20.688192,
        28.241024,
        21.673344,
        29.55456,
        23.901664,
        29.718752,
        27.466976,
        28.522496,
        30.680448,
        27.607712,
        33.917376,
        26.73984,
        35.676576,
        27.232416,
        36.966656,
        29.624928,
        36.872832,
        31.689056,
        37.224672,
        30.187872
    ],
    "delays": [
        70.138
    ],
    "loss": 0,
    "queue": 10,
    "delay_noise": 0,
    "T_s": 0
}