{
    "timestamps": [
        0.0,
        0.5,
        1.0,
        1.5,
        2.0,
        2.5,
        3.0,
        3.5,
        4.0,
        4.5,
        5.0,
        5.5,
        6.0,
        6.5,
        7.0,
        7.5,
        8.0,
        8.5,
        9.0,
        9.5,
        10.0,
        10.5,
        11.0,
        11.5,
        12.0,
        12.5,
        13.0,
        13.5,
        14.0,
        14.5,
        15.0,
        15.5,
        16.0,
        16.5,
        17.0,
        17.5,
        18.0,
        18.5,
        19.0,
        19.5,
        20.0,
        20.5,
        21.0,
        21.5,
        22.0,
        22.5,
        23.0,
        23.5,
        24.0,
        24.5,
        25.0,
        25.5,
        26.0,
        26.5,
        27.0,
        27.5,
        28.0,
        28.5,
        29.0,
        29.5,
        30.0
    ],
    "bandwidths": [
        0.1,
        0.1,
        0.656768,
        0.985152,
        1.970304,
        2.720896,
        2.533248,
        4.034432,
        3.565312,
        5.441792,
        4.57392,
        6.80224,
        5.62944,
        8.162688,
        6.661504,
        9.570048,
        8.702176,
        9.898432,
        11.728,
        9.288576,
        13.088448,
        10.344096,
        14.448896,
        11.329248,
        15.8328,
        12.384768,
        17.169792,
        13.534112,
        18.389504,
        16.513024,
        17.803104,
        19.421568,
        17.287072,
        22.04864,
        17.029056,
        23.432544,
        18.084576,
        24.769536,
        19.11664,
        26.03616,
        22.142464,
        25.379392,
        23.737472,
        26.176896,
        24.51152,
        27.701536,
        26.27072,
        28.241024,
        28.241024,
        28.569408,
        30.328608,
        29.20272,
        32.01744,
        30.164416,
        33.54208,
        31.477952,
        34.550688,
        32.510016,
        35.324736,
        34.433408,
        30.96192
    ],
    "delays": [
        70.21000000000001
    ],
    "loss": 0,
    "queue": 10,
    "delay_noise": 0,
    "T_s": 0
}