{
    "timestamps": [
        0.0,
        0.5,
        1.0,
        1.5,
        2.0,
        2.5,
        3.0,
        3.5,
        4.0,
        4.5,
        5.0,
        5.5,
        6.0,
        6.5,
        7.0,
        7.5,
        8.0,
        8.5,
        9.0,
        9.5,
        10.0,
        10.5,
        11.0,
        11.5,
        12.0,
        12.5,
        13.0,
        13.5,
        14.0,
        14.5,
        15.0,
        15.5,
        16.0,
        16.5,
        17.0,
        17.5,
        18.0,
        18.5,
        19.0,
        19.5,
        20.0,
        20.5,
        21.0,
        21.5,
        22.0,
        22.5,
        23.0,
        23.5,
        24.0,
        24.5,
        25.0,
        25.5,
        26.0,
        26.5,
        27.0,
        27.5,
        28.0,
        28.5,
        29.0,
        29.5,
        30.0
    ],
    "bandwidths": [
        0.1,
        0.1,
        0.656768,
        0.985152,
        1.970304,
        2.720896,
        2.533248,
        4.034432,
        3.565312,
        5.441792,
        4.57392,
        6.80224,
        5.62944,
        8.162688,
        6.661504,
        9.570048,
        8.420704,
        10.179904,
        11.728,
        9.288576,
        13.088448,
        10.344096,
        14.448896,
        11.352704,
        15.856256,
        12.384768,
        17.169792,
        13.581024,
        18.389504,
        16.630304,
        17.685824,
        19.70304,
        17.075968,
        22.04864,
        17.029056,
        23.456,
        18.084576,
        24.769536,
        19.210464,
        25.942336,
        22.04864,
        25.520128,
        22.846144,
        26.997856,
        24.581888,
        27.607712,
        26.481824,
        28.02992,
        28.569408,
        28.241024,
        30.750816,
        28.991616,
        32.533472,
        29.812576,
        33.987744,
        30.656992,
        35.043264,
        32.510016,
        34.855616,
        34.996352,
        31.0792
    ],
    "delays": [
        70.211
    ],
    "loss": 0,
    "queue": 10,
    "delay_noise": 0,
    "T_s": 0
}