{
    "timestamps": [
        0.0,
        0.5,
        1.0,
        1.5,
        2.0,
        2.5,
        3.0,
        3.5,
        4.0,
        4.5,
        5.0,
        5.5,
        6.0,
        6.5,
        7.0,
        7.5,
        8.0,
        8.5,
        9.0,
        9.5,
        10.0,
        10.5,
        11.0,
        11.5,
        12.0,
        12.5,
        13.0,
        13.5,
        14.0,
        14.5,
        15.0,
        15.5,
        16.0,
        16.5,
        17.0,
        17.5,
        18.0,
        18.5,
        19.0,
        19.5,
        20.0,
        20.5,
        21.0,
        21.5,
        22.0,
        22.5,
        23.0,
        23.5,
        24.0,
        24.5,
        25.0,
        25.5,
        26.0,
        26.5,
        27.0,
        27.5,
        28.0,
        28.5,
        29.0,
        29.5,
        30.0
    ],
    "bandwidths": [
        0.1,
        0.256,
        4.615296,
        49.09408,
        82.80384,
        11.334624,
        7.737104,
        6.133056,
        0.1,
        0.1,
        0.1,
        19.01376,
        7.9184,
        55.519296,
        31.78672,
        9.094848,
        11.696608,
        9.185344,
        9.818816,
        60.362528,
        94.590944,
        93.934848,
        81.67264,
        55.609792,
        11.945472,
        12.013344,
        22.216768,
        67.849376,
        71.878192,
        67.917248,
        66.265696,
        37.623712,
        15.587936,
        40.1576,
        51.718464,
        40.745824,
        52.012576,
        40.587152,
        29.139712,
        38.030944,
        40.293344,
        38.34768,
        39.343136,
        35.497056,
        26.582624,
        29.86368,
        29.501696,
        29.841056,
        30.384032,
        30.248288,
        30.836512,
        30.859136,
        31.6736,
        32.46544,
        32.985792,
        30.47424,
        31.198496,
        32.872672,
        32.940544,
        33.189408,
        22.21624
    ],
    "delays": [
        68.69399999999999
    ],
    "loss": 0,
    "queue": 10,
    "delay_noise": 0,
    "T_s": 0
}