{
    "timestamps": [
        0.0,
        0.5,
        1.0,
        1.5,
        2.0,
        2.5,
        3.0,
        3.5,
        4.0,
        4.5,
        5.0,
        5.5,
        6.0,
        6.5,
        7.0,
        7.5,
        8.0,
        8.5,
        9.0,
        9.5,
        10.0,
        10.5,
        11.0,
        11.5,
        12.0,
        12.5,
        13.0,
        13.5,
        14.0,
        14.5,
        15.0,
        15.5,
        16.0,
        16.5,
        17.0,
        17.5,
        18.0,
        18.5,
        19.0,
        19.5,
        20.0,
        20.5,
        21.0,
        21.5,
        22.0,
        22.5,
        23.0,
        23.5,
        24.0,
        24.5,
        25.0,
        25.5,
        26.0,
        26.5,
        27.0,
        27.5,
        28.0,
        28.5,
        29.0,
        29.5,
        30.0
    ],
    "bandwidths": [
        0.1,
        0.256,
        4.5248,
        48.732096,
        83.934736,
        11.356944,
        7.646608,
        5.47888,
        0.1,
        0.1,
        0.1,
        0.1,
        5.32016,
        7.149184,
        74.749696,
        11.945168,
        9.705392,
        10.655904,
        9.321088,
        15.701056,
        94.477824,
        93.821728,
        89.9304,
        35.361312,
        14.547232,
        40.338592,
        86.378432,
        85.29248,
        86.695168,
        88.391968,
        61.740896,
        12.035664,
        12.194336,
        26.901632,
        53.1664,
        59.9536,
        25.429072,
        14.795792,
        47.804512,
        55.790784,
        57.080352,
        51.13024,
        17.488048,
        35.044576,
        27.26192,
        32.736928,
        35.542304,
        35.791168,
        37.261728,
        37.374848,
        37.714208,
        34.750176,
        27.532832,
        28.39312,
        29.29808,
        28.687232,
        29.727936,
        29.795808,
        30.565024,
        30.384032,
        22.488256
    ],
    "delays": [
        68.6935
    ],
    "loss": 0,
    "queue": 10,
    "delay_noise": 0,
    "T_s": 0
}