{
    "timestamps": [
        0.0,
        0.5,
        1.0,
        1.5,
        2.0,
        2.5,
        3.0,
        3.5,
        4.0,
        4.5,
        5.0,
        5.5,
        6.0,
        6.5,
        7.0,
        7.5,
        8.0,
        8.5,
        9.0,
        9.5,
        10.0,
        10.5,
        11.0,
        11.5,
        12.0,
        12.5,
        13.0,
        13.5,
        14.0,
        14.5,
        15.0,
        15.5,
        16.0,
        16.5,
        17.0,
        17.5,
        18.0,
        18.5,
        19.0,
        19.5,
        20.0,
        20.5,
        21.0,
        21.5,
        22.0,
        22.5,
        23.0,
        23.5,
        24.0,
        24.5,
        25.0,
        25.5,
        26.0,
        26.5,
        27.0,
        27.5,
        28.0,
        28.5,
        29.0,
        29.5,
        30.0
    ],
    "bandwidths": [
        0.1,
        0.256,
        4.275936,
        47.442528,
        85.518416,
        11.583488,
        7.8276,
        5.093792,
        0.1,
        0.1,
        0.1,
        2.362688,
        7.986272,
        72.05744,
        13.868512,
        8.416128,
        12.12616,
        9.16272,
        9.818816,
        83.007456,
        94.047968,
        92.622656,
        81.944128,
        60.654944,
        12.194336,
        12.194336,
        21.583296,
        67.41952,
        71.220352,
        51.265984,
        46.990048,
        57.487584,
        33.302224,
        18.0992,
        48.122944,
        40.202848,
        51.967328,
        52.6008,
        50.066912,
        25.813376,
        47.193664,
        45.58736,
        46.220832,
        43.981056,
        29.56896,
        31.198496,
        34.95408,
        35.202944,
        31.017504,
        32.985792,
        33.415648,
        30.474528,
        29.660064,
        29.727936,
        30.067296,
        29.999424,
        30.519776,
        30.565024,
        30.88176,
        31.153248,
        23.845696
    ],
    "delays": [
        69.118
    ],
    "loss": 0,
    "queue": 10,
    "delay_noise": 0,
    "T_s": 0
}