{
    "timestamps": [
        0.0,
        0.5,
        1.0,
        1.5,
        2.0,
        2.5,
        3.0,
        3.5,
        4.0,
        4.5,
        5.0,
        5.5,
        6.0,
        6.5,
        7.0,
        7.5,
        8.0,
        8.5,
        9.0,
        9.5,
        10.0,
        10.5,
        11.0,
        11.5,
        12.0,
        12.5,
        13.0,
        13.5,
        14.0,
        14.5,
        15.0,
        15.5,
        16.0,
        16.5,
        17.0,
        17.5,
        18.0,
        18.5,
        19.0,
        19.5,
        20.0,
        20.5,
        21.0,
        21.5,
        22.0,
        22.5,
        23.0,
        23.5,
        24.0,
        24.5,
        25.0,
        25.5,
        26.0,
        26.5,
        27.0,
        27.5,
        28.0,
        28.5,
        29.0,
        29.5,
        30.0
    ],
    "bandwidths": [
        0.1,
        0.722944,
        10.224,
        72.864,
        95.88,
        51.624,
        52.776,
        52.2,
        53.376,
        52.488,
        54.312,
        53.256,
        54.744,
        54.0,
        55.08,
        54.768,
        55.176,
        55.968,
        55.464,
        56.88,
        55.752,
        57.792,
        55.92,
        49.608,
        28.152,
        29.52,
        28.992,
        30.096,
        29.664,
        30.48,
        30.432,
        30.84,
        31.152,
        31.176,
        32.04,
        31.536,
        32.832,
        32.184,
        33.432,
        32.808,
        33.936,
        33.408,
        34.152,
        32.616,
        17.616,
        17.232,
        17.784,
        17.832,
        18.192,
        18.6,
        18.648,
        19.248,
        18.984,
        19.752,
        19.488,
        20.208,
        19.968,
        20.496,
        20.256,
        20.928,
        17.808
    ],
    "delays": [
        70.16749999999999
    ],
    "loss": 0,
    "queue": 10,
    "delay_noise": 0,
    "T_s": 0
}