{
    "timestamps": [
        0.0,
        0.5,
        1.0,
        1.5,
        2.0,
        2.5,
        3.0,
        3.5,
        4.0,
        4.5,
        5.0,
        5.5,
        6.0,
        6.5,
        7.0,
        7.5,
        8.0,
        8.5,
        9.0,
        9.5,
        10.0,
        10.5,
        11.0,
        11.5,
        12.0,
        12.5,
        13.0,
        13.5,
        14.0,
        14.5,
        15.0,
        15.5,
        16.0,
        16.5,
        17.0,
        17.5,
        18.0,
        18.5,
        19.0,
        19.5,
        20.0,
        20.5
    ],
    "bandwidths": [
        0.1,
        0.458944,
        1.392,
        1.44,
        1.776,
        1.992,
        2.16,
        1.992,
        2.256,
        2.064,
        1.824,
        1.272,
        0.84,
        0.744,
        0.84,
        1.056,
        0.984,
        1.032,
        1.056,
        1.2,
        1.008,
        1.176,
        1.32,
        1.248,
        1.152,
        1.08,
        1.392,
        1.296,
        1.32,
        1.032,
        1.128,
        1.152,
        1.296,
        1.224,
        1.776,
        2.16,
        2.16,
        2.4,
        2.424,
        2.76,
        2.712,
        1.152
    ],
    "delays": [
        71.68199999999999
    ],
    "loss": 0,
    "queue": 10,
    "delay_noise": 0,
    "T_s": 0
}