{
    "timestamps": [
        0.0,
        0.5,
        1.0,
        1.5,
        2.0,
        2.5,
        3.0,
        3.5,
        4.0,
        4.5,
        5.0,
        5.5,
        6.0,
        6.5,
        7.0,
        7.5,
        8.0,
        8.5,
        9.0,
        9.5,
        10.0,
        10.5,
        11.0,
        11.5,
        12.0,
        12.5,
        13.0,
        13.5,
        14.0,
        14.5,
        15.0,
        15.5,
        16.0,
        16.5,
        17.0,
        17.5,
        18.0,
        18.5,
        19.0,
        19.5,
        20.0,
        20.5,
        21.0,
        21.5,
        22.0,
        22.5,
        23.0,
        23.5,
        24.0,
        24.5,
        25.0,
        25.5,
        26.0,
        26.5,
        27.0,
        27.5,
        28.0,
        28.5,
        29.0,
        29.5,
        30.0
    ],
    "bandwidths": [
        0.1,
        0.214336,
        0.455696,
        0.192,
        0.1,
        0.1,
        0.216,
        0.456,
        0.456,
        0.504,
        0.48,
        0.504,
        0.504,
        0.432,
        0.504,
        0.48,
        0.48,
        0.1,
        0.144,
        0.1,
        0.1,
        0.1,
        0.1,
        0.1,
        0.1,
        0.1,
        0.1,
        0.264,
        0.576,
        0.864,
        0.528,
        0.6,
        0.552,
        0.576,
        0.552,
        0.576,
        0.6,
        0.528,
        0.504,
        0.528,
        0.48,
        0.624,
        0.576,
        0.576,
        0.624,
        0.528,
        0.6,
        0.576,
        0.576,
        0.552,
        0.624,
        0.6,
        0.552,
        0.552,
        0.552,
        0.648,
        0.552,
        0.552,
        0.624,
        0.504,
        0.408
    ],
    "delays": [
        75.07050000000001
    ],
    "loss": 0,
    "queue": 10,
    "delay_noise": 0,
    "T_s": 0
}