{
    "timestamps": [
        0.0,
        0.5,
        1.0,
        1.5,
        2.0,
        2.5,
        3.0,
        3.5,
        4.0,
        4.5,
        5.0,
        5.5,
        6.0,
        6.5,
        7.0,
        7.5,
        8.0,
        8.5,
        9.0,
        9.5,
        10.0,
        10.5,
        11.0,
        11.5,
        12.0,
        12.5,
        13.0,
        13.5,
        14.0,
        14.5,
        15.0,
        15.5,
        16.0,
        16.5,
        17.0,
        17.5,
        18.0,
        18.5,
        19.0,
        19.5,
        20.0,
        20.5,
        21.0,
        21.5,
        22.0,
        22.5,
        23.0,
        23.5,
        24.0,
        24.5,
        25.0,
        25.5,
        26.0,
        26.5,
        27.0,
        27.5,
        28.0,
        28.5,
        29.0,
        29.5,
        30.0
    ],
    "bandwidths": [
        0.1,
        0.1,
        0.187648,
        0.398752,
        0.422208,
        0.445664,
        0.422208,
        0.609856,
        0.844416,
        1.078976,
        1.196256,
        1.102432,
        1.078976,
        1.219712,
        1.571552,
        1.618464,
        1.454272,
        1.29008,
        1.501184,
        1.87648,
        1.970304,
        1.40736,
        0.867872,
        1.243168,
        0.633312,
        0.774048,
        0.680224,
        0.891328,
        0.867872,
        0.797504,
        0.891328,
        0.867872,
        0.867872,
        1.102432,
        0.727136,
        0.774048,
        0.891328,
        0.867872,
        0.867872,
        0.680224,
        0.633312,
        0.797504,
        1.078976,
        0.70368,
        0.70368,
        0.656768,
        0.609856,
        0.844416,
        0.867872,
        0.93824,
        0.539488,
        0.422208,
        0.1,
        0.1,
        0.1,
        0.1,
        0.1,
        0.187648,
        0.23456,
        0.304928,
        0.211104
    ],
    "delays": [
        79.29050000000001
    ],
    "loss": 0,
    "queue": 10,
    "delay_noise": 0,
    "T_s": 0
}