{
    "timestamps": [
        0.0,
        0.5,
        1.0,
        1.5,
        2.0,
        2.5,
        3.0,
        3.5,
        4.0,
        4.5,
        5.0,
        5.5,
        6.0,
        6.5,
        7.0,
        7.5,
        8.0,
        8.5,
        9.0,
        9.5,
        10.0,
        10.5,
        11.0,
        11.5,
        12.0,
        12.5,
        13.0,
        13.5,
        14.0,
        14.5,
        15.0,
        15.5,
        16.0,
        16.5,
        17.0,
        17.5,
        18.0,
        18.5,
        19.0,
        19.5,
        20.0,
        20.5,
        21.0,
        21.5,
        22.0,
        22.5,
        23.0,
        23.5,
        24.0,
        24.5,
        25.0,
        25.5,
        26.0,
        26.5,
        27.0,
        27.5,
        28.0,
        28.5,
        29.0,
        29.5,
        30.0
    ],
    "bandwidths": [
        0.1,
        0.1,
        0.187648,
        0.281472,
        0.422208,
        0.539488,
        0.867872,
        0.633312,
        0.914784,
        0.656768,
        0.985152,
        0.914784,
        0.35184,
        0.398752,
        0.23456,
        0.1,
        0.1,
        0.1,
        0.1,
        0.1,
        0.1,
        0.1,
        0.1,
        0.1,
        0.1,
        0.1,
        0.1,
        0.1,
        0.1,
        0.1,
        0.1,
        0.11648,
        0.46912,
        0.82096,
        1.149344,
        1.454272,
        1.782656,
        2.22832,
        2.251776,
        2.744352,
        2.627072,
        2.040672,
        2.298688,
        2.134496,
        2.275232,
        2.509792,
        2.767808,
        2.275232,
        1.102432,
        1.782656,
        1.548096,
        1.266624,
        1.712288,
        1.970304,
        2.11104,
        2.22832,
        1.712288,
        1.665376,
        1.595008,
        1.665376,
        1.571552
    ],
    "delays": [
        69.10849999999999
    ],
    "loss": 0,
    "queue": 10,
    "delay_noise": 0,
    "T_s": 0
}