{
    "timestamps": [
        0.0,
        0.5,
        1.0,
        1.5,
        2.0,
        2.5,
        3.0,
        3.5,
        4.0,
        4.5,
        5.0,
        5.5,
        6.0,
        6.5,
        7.0,
        7.5,
        8.0,
        8.5,
        9.0,
        9.5,
        10.0,
        10.5,
        11.0,
        11.5,
        12.0,
        12.5,
        13.0,
        13.5,
        14.0,
        14.5,
        15.0,
        15.5,
        16.0,
        16.5,
        17.0,
        17.5,
        18.0,
        18.5,
        19.0,
        19.5,
        20.0,
        20.5,
        21.0,
        21.5,
        22.0,
        22.5,
        23.0,
        23.5,
        24.0,
        24.5,
        25.0,
        25.5,
        26.0,
        26.5,
        27.0,
        27.5,
        28.0,
        28.5,
        29.0,
        29.5,
        30.0
    ],
    "bandwidths": [
        0.1,
        0.1,
        0.34312,
        0.407232,
        0.45248,
        0.633472,
        0.725616,
        0.633472,
        0.746592,
        0.813648,
        0.881792,
        1.040704,
        1.063328,
        0.927584,
        0.701344,
        0.610848,
        0.429584,
        0.679088,
        0.747216,
        0.65576,
        0.5656,
        0.702976,
        0.542688,
        0.723968,
        0.610848,
        0.725504,
        0.723968,
        0.859424,
        0.701344,
        0.701344,
        0.90496,
        0.701344,
        0.407232,
        0.384608,
        0.702192,
        0.836544,
        0.67872,
        0.723968,
        1.108304,
        1.266944,
        0.882336,
        0.950208,
        1.221696,
        1.153824,
        0.927584,
        0.769216,
        0.610848,
        0.814464,
        0.746592,
        0.995456,
        0.950208,
        0.837088,
        0.5656,
        0.520352,
        0.679584,
        0.881792,
        0.701344,
        0.769216,
        0.723968,
        0.475104,
        0.316464
    ],
    "delays": [
        81.499
    ],
    "loss": 0,
    "queue": 10,
    "delay_noise": 0,
    "T_s": 0
}