{
    "timestamps": [
        0.0,
        0.5,
        1.0,
        1.5,
        2.0,
        2.5,
        3.0,
        3.5,
        4.0,
        4.5,
        5.0,
        5.5,
        6.0,
        6.5,
        7.0,
        7.5,
        8.0,
        8.5,
        9.0,
        9.5,
        10.0,
        10.5,
        11.0,
        11.5,
        12.0,
        12.5,
        13.0,
        13.5,
        14.0,
        14.5,
        15.0,
        15.5,
        16.0,
        16.5,
        17.0,
        17.5,
        18.0,
        18.5,
        19.0,
        19.5,
        20.0,
        20.5,
        21.0,
        21.5,
        22.0,
        22.5,
        23.0,
        23.5,
        24.0,
        24.5,
        25.0,
        25.5,
        26.0,
        26.5,
        27.0,
        27.5,
        28.0,
        28.5,
        29.0,
        29.5,
        30.0
    ],
    "bandwidths": [
        0.1,
        0.1,
        0.231584,
        0.497728,
        0.883632,
        0.859712,
        0.74632,
        1.017184,
        0.972832,
        0.995456,
        0.995456,
        1.063328,
        1.040704,
        1.289568,
        1.153824,
        0.972832,
        0.294112,
        0.1,
        0.1,
        0.1,
        0.1,
        0.1,
        0.16176,
        0.24832,
        0.609264,
        0.746592,
        0.5656,
        0.655008,
        0.67872,
        0.769216,
        0.927584,
        1.040704,
        0.995456,
        0.882336,
        1.063328,
        1.108576,
        0.927312,
        0.996736,
        0.95104,
        0.83656,
        0.951168,
        0.837088,
        0.859136,
        0.9496,
        0.90496,
        0.972832,
        0.656096,
        0.7008,
        0.746592,
        0.67872,
        0.678176,
        0.497728,
        0.881696,
        0.995456,
        0.995456,
        0.656096,
        0.45248,
        0.496864,
        0.542704,
        0.45248,
        0.361984
    ],
    "delays": [
        77.08850000000001
    ],
    "loss": 0,
    "queue": 10,
    "delay_noise": 0,
    "T_s": 0
}