{
    "timestamps": [
        0.0,
        0.5,
        1.0,
        1.5,
        2.0,
        2.5,
        3.0,
        3.5,
        4.0,
        4.5,
        5.0,
        5.5,
        6.0,
        6.5,
        7.0,
        7.5,
        8.0,
        8.5,
        9.0,
        9.5,
        10.0,
        10.5,
        11.0,
        11.5,
        12.0,
        12.5,
        13.0,
        13.5,
        14.0,
        14.5,
        15.0,
        15.5,
        16.0,
        16.5,
        17.0,
        17.5,
        18.0,
        18.5,
        19.0,
        19.5,
        20.0,
        20.5,
        21.0,
        21.5,
        22.0,
        22.5,
        23.0,
        23.5,
        24.0,
        24.5,
        25.0,
        25.5,
        26.0,
        26.5,
        27.0
    ],
    "bandwidths": [
        0.1,
        0.1,
        0.414208,
        0.723968,
        0.52,
        0.361072,
        0.22624,
        0.497552,
        0.79048,
        0.497728,
        0.541968,
        1.107808,
        0.837088,
        0.859712,
        0.497728,
        0.384096,
        0.40672,
        0.58768,
        0.67872,
        1.1312,
        0.633472,
        0.475104,
        0.340608,
        0.655824,
        0.927584,
        1.040704,
        1.108576,
        1.108576,
        0.972832,
        0.90496,
        0.972832,
        1.493184,
        1.742048,
        1.35744,
        0.972832,
        1.063328,
        1.312192,
        1.538432,
        1.289568,
        1.266944,
        1.017808,
        0.97256,
        0.9948,
        1.130912,
        0.701344,
        0.7684,
        0.926144,
        1.063328,
        1.01808,
        1.063328,
        1.1312,
        1.221696,
        1.1312,
        0.927584,
        0.610576
    ],
    "delays": [
        78.672
    ],
    "loss": 0,
    "queue": 10,
    "delay_noise": 0,
    "T_s": 0
}