{
    "timestamps": [
        0.0,
        0.5,
        1.0,
        1.5,
        2.0,
        2.5,
        3.0,
        3.5,
        4.0,
        4.5,
        5.0,
        5.5,
        6.0,
        6.5,
        7.0,
        7.5,
        8.0,
        8.5,
        9.0,
        9.5,
        10.0,
        10.5,
        11.0,
        11.5,
        12.0,
        12.5,
        13.0,
        13.5,
        14.0,
        14.5,
        15.0,
        15.5,
        16.0,
        16.5,
        17.0,
        17.5,
        18.0,
        18.5,
        19.0,
        19.5,
        20.0,
        20.5,
        21.0,
        21.5,
        22.0,
        22.5,
        23.0,
        23.5,
        24.0,
        24.5,
        25.0,
        25.5,
        26.0,
        26.5,
        27.0,
        27.5,
        28.0,
        28.5,
        29.0,
        29.5,
        30.0
    ],
    "bandwidths": [
        0.1,
        8.230032,
        7.2,
        4.848,
        4.824,
        3.648,
        3.192,
        2.04,
        2.736,
        3.864,
        2.28,
        2.256,
        2.184,
        2.256,
        2.4,
        2.208,
        2.376,
        2.448,
        2.448,
        2.4,
        2.424,
        2.232,
        2.496,
        2.28,
        2.4,
        2.328,
        2.328,
        2.4,
        2.4,
        2.376,
        2.376,
        2.04,
        2.4,
        2.304,
        2.424,
        2.256,
        2.496,
        2.232,
        2.424,
        2.472,
        2.112,
        2.256,
        2.496,
        2.448,
        2.28,
        2.52,
        2.232,
        2.472,
        2.28,
        2.304,
        2.328,
        2.376,
        2.52,
        2.52,
        1.92,
        2.52,
        2.16,
        2.304,
        1.968,
        1.992,
        0.936
    ],
    "delays": [
        14.859000000000002
    ],
    "loss": 0,
    "queue": 10,
    "delay_noise": 0
}