{
    "timestamps": [
        0.0,
        0.5,
        1.0,
        1.5,
        2.0,
        2.5,
        3.0,
        3.5,
        4.0,
        4.5,
        5.0,
        5.5,
        6.0,
        6.5,
        7.0,
        7.5,
        8.0,
        8.5,
        9.0,
        9.5,
        10.0,
        10.5,
        11.0,
        11.5,
        12.0,
        12.5,
        13.0,
        13.5,
        14.0,
        14.5,
        15.0,
        15.5,
        16.0,
        16.5,
        17.0,
        17.5,
        18.0,
        18.5,
        19.0,
        19.5,
        20.0,
        20.5,
        21.0,
        21.5,
        22.0,
        22.5,
        23.0,
        23.5,
        24.0,
        24.5,
        25.0,
        25.5,
        26.0,
        26.5,
        27.0,
        27.5,
        28.0,
        28.5,
        29.0,
        29.5,
        30.0,
        30.5
    ],
    "bandwidths": [
        0.1,
        0.212448,
        2.69744,
        5.39488,
        8.233056,
        9.288576,
        13.745216,
        10.391008,
        8.842912,
        10.766304,
        12.994624,
        9.335488,
        9.523136,
        12.642784,
        9.476224,
        6.09856,
        5.196736,
        6.33312,
        6.989888,
        9.73424,
        11.329248,
        12.760064,
        11.516896,
        9.73424,
        11.939104,
        10.508288,
        9.03056,
        8.32688,
        9.9688,
        15.152576,
        12.713152,
        10.132992,
        8.983648,
        5.465248,
        5.28656,
        5.465248,
        4.22208,
        7.130624,
        6.731872,
        6.497312,
        8.2096,
        8.162688,
        6.356576,
        6.755328,
        5.361632,
        7.951584,
        9.054016,
        8.162688,
        10.250272,
        10.625568,
        8.233056,
        10.414464,
        7.177536,
        8.162688,
        9.593504,
        9.898432,
        9.85152,
        12.994624,
        13.83904,
        12.126752,
        9.73424,
        0.375296
    ],
    "delays": [
        17.468
    ],
    "loss": 0,
    "queue": 10,
    "delay_noise": 0
}