{
    "timestamps": [
        0.0,
        0.5,
        1.0,
        1.5,
        2.0,
        2.5,
        3.0,
        3.5,
        4.0,
        4.5,
        5.0,
        5.5,
        6.0,
        6.5,
        7.0,
        7.5,
        8.0,
        8.5,
        9.0,
        9.5,
        10.0,
        10.5,
        11.0,
        11.5,
        12.0,
        12.5,
        13.0,
        13.5,
        14.0,
        14.5,
        15.0,
        15.5,
        16.0,
        16.5,
        17.0,
        17.5,
        18.0,
        18.5,
        19.0,
        19.5,
        20.0,
        20.5,
        21.0,
        21.5,
        22.0,
        22.5,
        23.0,
        23.5,
        24.0,
        24.5,
        25.0,
        25.5,
        26.0,
        26.5,
        27.0,
        27.5,
        28.0,
        28.5,
        29.0,
        29.5,
        30.0,
        30.5
    ],
    "bandwidths": [
        0.1,
        0.681568,
        4.433184,
        6.849152,
        9.288576,
        7.552832,
        7.083712,
        7.552832,
        6.309664,
        11.915648,
        12.337856,
        12.689696,
        11.751456,
        6.309664,
        4.813696,
        10.015712,
        7.412096,
        12.103296,
        13.463744,
        14.519264,
        9.124384,
        17.545088,
        15.152576,
        19.609216,
        13.815584,
        10.484832,
        11.37616,
        4.714656,
        14.563584,
        20.430176,
        23.784384,
        20.99312,
        23.92512,
        28.592864,
        16.30192,
        12.361312,
        16.724128,
        16.442656,
        16.325376,
        14.284704,
        15.809344,
        23.620192,
        27.349696,
        25.426304,
        17.404352,
        11.798368,
        10.836672,
        9.570048,
        9.718304,
        9.710784,
        12.43168,
        13.815584,
        14.77728,
        14.753824,
        14.495808,
        9.593504,
        7.951584,
        8.91328,
        12.619328,
        12.54896,
        10.649024,
        0.11728
    ],
    "delays": [
        14.743
    ],
    "loss": 0,
    "queue": 10,
    "delay_noise": 0
}