{
    "timestamps": [
        0.0,
        0.5,
        1.0,
        1.5,
        2.0,
        2.5,
        3.0,
        3.5,
        4.0,
        4.5,
        5.0,
        5.5,
        6.0,
        6.5,
        7.0,
        7.5,
        8.0,
        8.5,
        9.0,
        9.5,
        10.0,
        10.5,
        11.0,
        11.5,
        12.0,
        12.5,
        13.0,
        13.5,
        14.0,
        14.5,
        15.0,
        15.5,
        16.0,
        16.5,
        17.0,
        17.5,
        18.0,
        18.5,
        19.0,
        19.5,
        20.0,
        20.5,
        21.0,
        21.5,
        22.0,
        22.5,
        23.0,
        23.5,
        24.0,
        24.5,
        25.0,
        25.5,
        26.0,
        26.5,
        27.0,
        27.5,
        28.0,
        28.5,
        29.0,
        29.5,
        30.0,
        30.5
    ],
    "bandwidths": [
        0.1,
        0.118624,
        2.533248,
        3.448032,
        2.556704,
        2.134496,
        2.157952,
        2.22832,
        1.618464,
        4.010976,
        4.245536,
        2.486336,
        3.096192,
        3.119648,
        1.360448,
        0.78272,
        0.1,
        0.1,
        0.491776,
        1.829568,
        2.11104,
        3.096192,
        3.5184,
        3.002368,
        2.3456,
        1.735744,
        1.243168,
        1.899936,
        2.204864,
        2.556704,
        2.533248,
        4.597376,
        2.767808,
        1.923392,
        3.025824,
        2.767808,
        2.627072,
        3.776416,
        3.823328,
        3.354208,
        1.595008,
        3.729504,
        1.125888,
        1.474624,
        2.58016,
        2.533248,
        0.914784,
        2.322144,
        3.072736,
        2.627072,
        0.774048,
        0.1,
        0.1,
        0.354688,
        2.720896,
        5.301056,
        4.386272,
        3.729504,
        2.955456,
        2.322144,
        3.377664,
        0.1
    ],
    "delays": [
        15.1855
    ],
    "loss": 0,
    "queue": 10,
    "delay_noise": 0
}