{
    "timestamps": [
        0.0,
        0.5,
        1.0,
        1.5,
        2.0,
        2.5,
        3.0,
        3.5,
        4.0,
        4.5,
        5.0,
        5.5,
        6.0,
        6.5,
        7.0,
        7.5,
        8.0,
        8.5,
        9.0,
        9.5,
        10.0,
        10.5,
        11.0,
        11.5,
        12.0,
        12.5,
        13.0,
        13.5,
        14.0,
        14.5,
        15.0,
        15.5,
        16.0,
        16.5,
        17.0,
        17.5,
        18.0,
        18.5,
        19.0,
        19.5,
        20.0,
        20.5,
        21.0,
        21.5,
        22.0,
        22.5,
        23.0,
        23.5,
        24.0,
        24.5,
        25.0,
        25.5,
        26.0,
        26.5,
        27.0,
        27.5,
        28.0,
        28.5,
        29.0,
        29.5,
        30.0
    ],
    "bandwidths": [
        0.1,
        0.256,
        5.273072,
        5.226144,
        3.461472,
        6.855072,
        5.99536,
        4.773664,
        2.805376,
        5.226144,
        6.10848,
        6.493088,
        5.361888,
        5.045152,
        4.027072,
        4.615296,
        5.678624,
        5.701248,
        4.547424,
        5.475008,
        3.710336,
        5.090112,
        5.76912,
        5.950112,
        9.004352,
        6.606208,
        6.312096,
        16.425024,
        13.642272,
        16.379776,
        21.243936,
        24.77328,
        21.198688,
        10.271296,
        10.769024,
        9.185344,
        5.701248,
        5.99536,
        5.76912,
        6.108048,
        4.886784,
        3.076864,
        3.370976,
        2.420768,
        2.669344,
        2.918496,
        2.737504,
        3.416224,
        3.891328,
        2.217152,
        3.415952,
        3.913952,
        2.420768,
        2.533888,
        1.651232,
        2.37552,
        2.217152,
        2.669632,
        3.008992,
        4.818912,
        3.891328
    ],
    "delays": [
        14.8295
    ],
    "loss": 0,
    "queue": 10,
    "delay_noise": 0
}