{
    "timestamps": [
        0.0,
        0.5,
        1.0,
        1.5,
        2.0,
        2.5,
        3.0,
        3.5,
        4.0,
        4.5,
        5.0,
        5.5,
        6.0,
        6.5,
        7.0,
        7.5,
        8.0,
        8.5,
        9.0,
        9.5,
        10.0,
        10.5,
        11.0,
        11.5,
        12.0,
        12.5,
        13.0,
        13.5,
        14.0,
        14.5,
        15.0,
        15.5,
        16.0,
        16.5,
        17.0,
        17.5,
        18.0,
        18.5,
        19.0,
        19.5,
        20.0,
        20.5,
        21.0,
        21.5,
        22.0,
        22.5,
        23.0,
        23.5,
        24.0,
        24.5,
        25.0,
        25.5,
        26.0,
        26.5,
        27.0,
        27.5,
        28.0,
        28.5,
        29.0,
        29.5,
        30.0
    ],
    "bandwidths": [
        0.1,
        0.256,
        12.6032,
        9.999808,
        7.307552,
        9.796192,
        10.85952,
        10.814272,
        9.117472,
        8.122016,
        5.656,
        5.972736,
        3.77792,
        5.407136,
        7.850528,
        4.29856,
        5.293728,
        4.547424,
        4.683168,
        3.913952,
        4.479552,
        3.302768,
        7.57904,
        11.08576,
        14.14,
        10.701152,
        7.850528,
        9.864064,
        6.764576,
        5.723872,
        4.841536,
        4.140192,
        3.891328,
        6.33472,
        7.081312,
        9.117472,
        5.972736,
        3.05424,
        3.325728,
        2.239776,
        3.031616,
        6.854832,
        10.361792,
        8.461376,
        5.31664,
        7.23968,
        10.1808,
        9.592576,
        8.461376,
        11.8776,
        12.352704,
        10.836896,
        8.664992,
        5.475008,
        5.20352,
        9.479456,
        7.556416,
        6.447552,
        7.714784,
        6.493088,
        6.10848
    ],
    "delays": [
        17.32
    ],
    "loss": 0,
    "queue": 10,
    "delay_noise": 0
}