{
    "timestamps": [
        0.0,
        0.5,
        1.0,
        1.5,
        2.0,
        2.5,
        3.0,
        3.5,
        4.0,
        4.5,
        5.0,
        5.5,
        6.0,
        6.5,
        7.0,
        7.5,
        8.0,
        8.5,
        9.0,
        9.5,
        10.0,
        10.5,
        11.0,
        11.5,
        12.0,
        12.5,
        13.0,
        13.5,
        14.0,
        14.5,
        15.0,
        15.5,
        16.0,
        16.5,
        17.0,
        17.5,
        18.0,
        18.5,
        19.0,
        19.5,
        20.0,
        20.5,
        21.0,
        21.5,
        22.0,
        22.5,
        23.0,
        23.5,
        24.0,
        24.5,
        25.0,
        25.5,
        26.0,
        26.5,
        27.0,
        27.5,
        28.0,
        28.5,
        29.0,
        29.5,
        30.0
    ],
    "bandwidths": [
        0.1,
        0.1,
        0.1,
        0.1,
        0.1,
        0.1,
        0.1,
        0.1,
        0.283024,
        1.063328,
        10.001392,
        6.2216,
        8.416128,
        7.23968,
        5.135648,
        9.50208,
        6.696704,
        5.88224,
        2.624384,
        6.130816,
        7.760032,
        7.171808,
        7.284928,
        7.103936,
        5.271392,
        3.665088,
        1.651552,
        3.84608,
        5.475008,
        6.10848,
        5.452384,
        10.836896,
        15.2712,
        17.352608,
        12.646816,
        9.411584,
        7.036064,
        14.524608,
        14.072128,
        10.384416,
        8.687184,
        8.506624,
        9.6152,
        9.818816,
        9.95456,
        9.524704,
        7.284928,
        8.347968,
        9.072224,
        11.017888,
        7.375424,
        6.696704,
        7.398048,
        7.330176,
        7.760032,
        8.642368,
        15.15808,
        22.918112,
        16.334528,
        14.343616,
        11.447744
    ],
    "delays": [
        17.2375
    ],
    "loss": 0,
    "queue": 10,
    "delay_noise": 0
}