{
    "timestamps": [
        0.0,
        0.5,
        1.0,
        1.5,
        2.0,
        2.5,
        3.0,
        3.5,
        4.0,
        4.5,
        5.0,
        5.5,
        6.0,
        6.5,
        7.0,
        7.5,
        8.0,
        8.5,
        9.0,
        9.5,
        10.0,
        10.5,
        11.0,
        11.5,
        12.0,
        12.5,
        13.0,
        13.5,
        14.0,
        14.5,
        15.0,
        15.5,
        16.0,
        16.5,
        17.0,
        17.5,
        18.0,
        18.5,
        19.0,
        19.5,
        20.0,
        20.5,
        21.0,
        21.5,
        22.0,
        22.5,
        23.0,
        23.5,
        24.0,
        24.5,
        25.0,
        25.5,
        26.0,
        26.5,
        27.0,
        27.5,
        28.0,
        28.5,
        29.0,
        29.5,
        30.0,
        30.5
    ],
    "bandwidths": [
        0.1,
        1.130944,
        19.656,
        22.8,
        23.448,
        20.664,
        14.76,
        21.432,
        16.536,
        15.504,
        14.376,
        12.528,
        5.112,
        8.448,
        7.008,
        7.536,
        6.528,
        7.824,
        8.496,
        7.824,
        5.016,
        4.32,
        4.008,
        3.984,
        3.84,
        3.408,
        2.88,
        3.6,
        4.008,
        3.984,
        3.696,
        3.36,
        3.072,
        3.192,
        2.928,
        3.264,
        2.04,
        1.464,
        1.944,
        2.592,
        2.832,
        2.472,
        2.808,
        3.12,
        2.928,
        3.024,
        3.072,
        3.792,
        2.616,
        2.88,
        2.112,
        1.944,
        2.208,
        2.544,
        2.448,
        2.448,
        1.968,
        2.016,
        2.352,
        2.064,
        1.776,
        0.1
    ],
    "delays": [
        14.649000000000001
    ],
    "loss": 0,
    "queue": 10,
    "delay_noise": 0
}