{
    "timestamps": [
        0.0,
        0.5,
        1.0,
        1.5,
        2.0,
        2.5,
        3.0,
        3.5,
        4.0,
        4.5,
        5.0,
        5.5,
        6.0,
        6.5,
        7.0,
        7.5,
        8.0,
        8.5,
        9.0,
        9.5,
        10.0,
        10.5,
        11.0,
        11.5,
        12.0,
        12.5,
        13.0,
        13.5,
        14.0,
        14.5,
        15.0,
        15.5,
        16.0,
        16.5,
        17.0,
        17.5,
        18.0,
        18.5,
        19.0,
        19.5,
        20.0,
        20.5,
        21.0,
        21.5,
        22.0,
        22.5,
        23.0,
        23.5,
        24.0,
        24.5,
        25.0,
        25.5,
        26.0,
        26.5,
        27.0,
        27.5,
        28.0,
        28.5,
        29.0
    ],
    "bandwidths": [
        0.1,
        0.25936,
        1.078976,
        1.87648,
        2.087584,
        2.673984,
        2.58016,
        2.650528,
        2.767808,
        3.260384,
        3.706048,
        2.509792,
        2.69744,
        3.471488,
        3.025824,
        3.119648,
        3.448032,
        3.307296,
        3.659136,
        3.612224,
        3.330752,
        3.213472,
        3.16656,
        3.096192,
        2.885088,
        3.190016,
        2.533248,
        2.415968,
        2.791264,
        2.46288,
        2.204864,
        2.040672,
        2.11104,
        1.665376,
        1.266624,
        1.360448,
        1.7592,
        1.313536,
        1.336992,
        1.29008,
        1.032064,
        1.1728,
        0.93824,
        0.844416,
        0.656768,
        0.422208,
        0.375296,
        0.164192,
        0.1,
        0.1,
        0.1,
        0.164192,
        0.281472,
        0.187648,
        0.164192,
        0.1,
        0.1,
        0.1,
        0.1
    ],
    "delays": [
        41.4885
    ],
    "loss": 0,
    "queue": 10,
    "delay_noise": 0
}