{
    "timestamps": [
        0.0,
        0.5,
        1.0,
        1.5,
        2.0,
        2.5,
        3.0,
        3.5,
        4.0,
        4.5,
        5.0,
        5.5,
        6.0,
        6.5,
        7.0,
        7.5,
        8.0,
        8.5,
        9.0,
        9.5,
        10.0,
        10.5,
        11.0,
        11.5,
        12.0,
        12.5,
        13.0,
        13.5,
        14.0,
        14.5,
        15.0,
        15.5,
        16.0,
        16.5,
        17.0,
        17.5,
        18.0,
        18.5,
        19.0,
        19.5,
        20.0,
        20.5,
        21.0,
        21.5,
        22.0,
        22.5,
        23.0,
        23.5,
        24.0,
        24.5,
        25.0,
        25.5,
        26.0,
        26.5,
        27.0,
        27.5,
        28.0,
        28.5,
        29.0,
        29.5,
        30.0
    ],
    "bandwidths": [
        0.1,
        0.400096,
        1.7592,
        3.072736,
        3.307296,
        3.236928,
        3.072736,
        2.861632,
        3.096192,
        3.307296,
        3.354208,
        3.682592,
        3.706048,
        3.471488,
        2.978912,
        3.190016,
        3.40112,
        3.190016,
        3.424576,
        3.424576,
        3.40112,
        3.448032,
        3.377664,
        2.603616,
        2.58016,
        2.932,
        2.627072,
        2.627072,
        2.204864,
        1.99376,
        1.923392,
        2.017216,
        2.087584,
        1.970304,
        1.360448,
        1.383904,
        1.360448,
        1.196256,
        1.1728,
        0.985152,
        0.891328,
        0.82096,
        0.680224,
        0.539488,
        0.422208,
        0.258016,
        0.1,
        0.1,
        0.1,
        0.1,
        0.1,
        0.1,
        0.1,
        0.1,
        0.1,
        0.1,
        0.1,
        0.162592,
        0.211104,
        0.140736,
        0.11728
    ],
    "delays": [
        34.795
    ],
    "loss": 0,
    "queue": 10,
    "delay_noise": 0
}