{
    "timestamps": [
        0.0,
        0.5,
        1.0,
        1.5,
        2.0,
        2.5,
        3.0,
        3.5,
        4.0,
        4.5,
        5.0,
        5.5,
        6.0,
        6.5,
        7.0,
        7.5,
        8.0,
        8.5,
        9.0,
        9.5,
        10.0,
        10.5,
        11.0,
        11.5,
        12.0,
        12.5,
        13.0,
        13.5,
        14.0,
        14.5,
        15.0,
        15.5,
        16.0,
        16.5,
        17.0,
        17.5,
        18.0,
        18.5,
        19.0,
        19.5,
        20.0,
        20.5,
        21.0,
        21.5,
        22.0,
        22.5,
        23.0,
        23.5,
        24.0,
        24.5,
        25.0,
        25.5,
        26.0,
        26.5,
        27.0,
        27.5,
        28.0,
        28.5,
        29.0
    ],
    "bandwidths": [
        0.1,
        0.517376,
        1.923392,
        3.002368,
        2.955456,
        3.799872,
        4.433184,
        4.175168,
        4.057888,
        3.659136,
        3.16656,
        3.16656,
        3.75296,
        4.081344,
        4.010976,
        4.081344,
        4.151712,
        3.659136,
        3.893696,
        3.964064,
        3.75296,
        3.846784,
        3.823328,
        3.072736,
        2.087584,
        3.002368,
        2.69744,
        2.744352,
        2.486336,
        2.322144,
        2.392512,
        2.439424,
        2.040672,
        1.923392,
        0.867872,
        0.530848,
        0.1,
        0.1,
        0.258016,
        0.375296,
        0.727136,
        0.562944,
        0.516032,
        0.516032,
        0.35184,
        0.422208,
        0.375296,
        0.328384,
        0.35184,
        0.281472,
        0.281472,
        0.164192,
        0.1,
        0.1,
        0.1,
        0.1,
        0.1,
        0.1,
        0.1
    ],
    "delays": [
        33.2695
    ],
    "loss": 0,
    "queue": 10,
    "delay_noise": 0
}