{
    "timestamps": [
        0.0,
        0.5,
        1.0,
        1.5,
        2.0,
        2.5,
        3.0,
        3.5,
        4.0,
        4.5,
        5.0,
        5.5,
        6.0,
        6.5,
        7.0,
        7.5,
        8.0,
        8.5,
        9.0,
        9.5,
        10.0,
        10.5,
        11.0,
        11.5,
        12.0,
        12.5,
        13.0,
        13.5,
        14.0,
        14.5,
        15.0,
        15.5,
        16.0,
        16.5,
        17.0,
        17.5,
        18.0,
        18.5,
        19.0,
        19.5,
        20.0,
        20.5,
        21.0,
        21.5,
        22.0,
        22.5,
        23.0,
        23.5,
        24.0,
        24.5,
        25.0,
        25.5,
        26.0,
        26.5,
        27.0,
        27.5,
        28.0,
        28.5,
        29.0,
        29.5,
        30.0
    ],
    "bandwidths": [
        0.1,
        0.256,
        2.241408,
        2.149008,
        3.030384,
        3.05424,
        2.850624,
        2.98608,
        2.895872,
        2.805376,
        3.076864,
        2.918496,
        2.32912,
        3.008992,
        2.71488,
        3.234416,
        2.986368,
        3.597216,
        3.144736,
        3.16736,
        2.986368,
        2.5336,
        2.623184,
        2.19424,
        2.103504,
        1.358736,
        1.288704,
        1.311136,
        1.469408,
        1.35744,
        1.245248,
        0.90496,
        1.220208,
        0.950208,
        0.949936,
        1.289296,
        1.176448,
        1.040704,
        1.334816,
        1.176448,
        1.266944,
        1.289568,
        1.108576,
        0.950208,
        0.882336,
        0.723696,
        0.542704,
        0.746592,
        0.475104,
        0.65528,
        0.837088,
        0.588224,
        0.587408,
        0.5656,
        0.633472,
        0.701344,
        0.746592,
        0.950208,
        0.882336,
        0.656096,
        0.384064
    ],
    "delays": [
        32.0225
    ],
    "loss": 0,
    "queue": 10,
    "delay_noise": 0
}