{
    "timestamps": [
        0.0,
        0.5,
        1.0,
        1.5,
        2.0,
        2.5,
        3.0,
        3.5,
        4.0,
        4.5,
        5.0,
        5.5,
        6.0,
        6.5,
        7.0,
        7.5,
        8.0,
        8.5,
        9.0,
        9.5,
        10.0,
        10.5,
        11.0,
        11.5,
        12.0,
        12.5,
        13.0,
        13.5,
        14.0,
        14.5,
        15.0,
        15.5,
        16.0,
        16.5,
        17.0,
        17.5,
        18.0,
        18.5,
        19.0,
        19.5,
        20.0,
        20.5,
        21.0,
        21.5,
        22.0,
        22.5,
        23.0,
        23.5,
        24.0,
        24.5,
        25.0,
        25.5,
        26.0,
        26.5,
        27.0,
        27.5,
        28.0,
        28.5,
        29.0,
        29.5,
        30.0
    ],
    "bandwidths": [
        0.1,
        0.256,
        3.304736,
        3.257856,
        2.895872,
        2.307648,
        2.850624,
        2.2624,
        3.257568,
        3.710336,
        3.597216,
        3.84608,
        3.235232,
        3.28048,
        3.348352,
        3.687712,
        2.692256,
        2.852592,
        3.370976,
        3.55168,
        3.348352,
        3.189984,
        2.986368,
        2.48864,
        1.785808,
        1.356672,
        1.809824,
        2.058784,
        1.673552,
        1.877216,
        1.674176,
        2.081408,
        1.787296,
        1.80992,
        1.719424,
        1.380064,
        1.49264,
        1.266384,
        1.651552,
        1.515808,
        1.65128,
        1.447936,
        1.47056,
        1.35744,
        0.677632,
        0.744816,
        0.746048,
        0.904384,
        0.678224,
        1.040432,
        1.085952,
        0.67872,
        0.633472,
        0.768672,
        1.040704,
        0.90496,
        0.701344,
        0.770464,
        1.153824,
        0.90496,
        0.656096
    ],
    "delays": [
        31.7305
    ],
    "loss": 0,
    "queue": 10,
    "delay_noise": 0
}