{
    "timestamps": [
        0.0,
        0.5,
        1.0,
        1.5,
        2.0,
        2.5,
        3.0,
        3.5,
        4.0,
        4.5,
        5.0,
        5.5,
        6.0,
        6.5,
        7.0,
        7.5,
        8.0,
        8.5,
        9.0,
        9.5,
        10.0,
        10.5,
        11.0,
        11.5,
        12.0,
        12.5,
        13.0,
        13.5,
        14.0,
        14.5,
        15.0,
        15.5,
        16.0,
        16.5,
        17.0,
        17.5,
        18.0,
        18.5,
        19.0,
        19.5,
        20.0,
        20.5,
        21.0,
        21.5,
        22.0,
        22.5,
        23.0,
        23.5,
        24.0,
        24.5,
        25.0,
        25.5,
        26.0,
        26.5,
        27.0,
        27.5,
        28.0,
        28.5,
        29.0,
        29.5,
        30.0
    ],
    "bandwidths": [
        0.1,
        0.256,
        2.150912,
        3.099488,
        3.144736,
        3.099488,
        3.189984,
        3.008992,
        2.239776,
        2.669344,
        3.3936,
        3.50672,
        3.370976,
        3.665088,
        3.076864,
        3.212608,
        3.031616,
        2.918496,
        2.963744,
        2.94112,
        2.647008,
        2.32912,
        2.171904,
        1.83024,
        2.125792,
        1.764672,
        1.650688,
        1.58368,
        1.402688,
        1.78672,
        2.2624,
        1.80992,
        1.651552,
        1.628928,
        1.628928,
        1.42504,
        1.199072,
        1.153248,
        0.995456,
        1.198208,
        2.081408,
        1.425312,
        1.176448,
        0.99464,
        0.79184,
        0.996144,
        0.972832,
        0.859712,
        1.017808,
        1.01808,
        1.01808,
        1.063328,
        1.153824,
        1.108576,
        1.108576,
        0.950208,
        0.836512,
        1.221424,
        1.199072,
        1.153824,
        0.837088
    ],
    "delays": [
        37.2235
    ],
    "loss": 0,
    "queue": 10,
    "delay_noise": 0
}