{
    "timestamps": [
        0.0,
        0.5,
        1.0,
        1.5,
        2.0,
        2.5,
        3.0,
        3.5,
        4.0,
        4.5,
        5.0,
        5.5,
        6.0,
        6.5,
        7.0,
        7.5,
        8.0,
        8.5,
        9.0,
        9.5,
        10.0,
        10.5,
        11.0,
        11.5,
        12.0,
        12.5,
        13.0,
        13.5,
        14.0,
        14.5,
        15.0,
        15.5,
        16.0,
        16.5,
        17.0,
        17.5,
        18.0,
        18.5,
        19.0,
        19.5,
        20.0,
        20.5,
        21.0,
        21.5,
        22.0,
        22.5,
        23.0,
        23.5,
        24.0,
        24.5,
        25.0,
        25.5,
        26.0,
        26.5,
        27.0,
        27.5,
        28.0,
        28.5,
        29.0,
        29.5,
        30.0
    ],
    "bandwidths": [
        0.1,
        1.033408,
        3.28384,
        6.56768,
        8.32688,
        12.43168,
        14.706912,
        17.12288,
        21.509152,
        21.368416,
        27.396608,
        27.842272,
        31.970528,
        35.442016,
        35.41856,
        42.10352,
        40.977632,
        46.607072,
        47.920608,
        50.641504,
        55.379616,
        54.863584,
        61.431264,
        60.63376,
        65.254592,
        67.998944,
        69.593952,
        74.191328,
        74.285152,
        76.138176,
        71.259328,
        39.010016,
        42.10352,
        49.093408,
        49.210688,
        52.822912,
        55.285792,
        54.089536,
        33.54208,
        34.175392,
        34.574144,
        38.983872,
        39.617184,
        43.98,
        46.865088,
        49.37488,
        52.916736,
        54.042624,
        58.123968,
        58.616544,
        56.52896,
        29.226176,
        37.248128,
        36.380256,
        31.909024,
        21.368416,
        25.238656,
        27.232416,
        30.563168,
        32.885312,
        30.469344
    ],
    "delays": [
        32.6995
    ],
    "loss": 0,
    "queue": 10,
    "delay_noise": 0,
    "T_s": 0
}