{
    "timestamps": [
        0.0,
        0.5,
        1.0,
        1.5,
        2.0,
        2.5,
        3.0,
        3.5,
        4.0,
        4.5,
        5.0,
        5.5,
        6.0,
        6.5,
        7.0,
        7.5,
        8.0,
        8.5,
        9.0,
        9.5,
        10.0,
        10.5,
        11.0,
        11.5,
        12.0,
        12.5,
        13.0,
        13.5,
        14.0,
        14.5,
        15.0,
        15.5,
        16.0,
        16.5,
        17.0,
        17.5,
        18.0,
        18.5,
        19.0,
        19.5,
        20.0,
        20.5,
        21.0,
        21.5,
        22.0,
        22.5,
        23.0,
        23.5,
        24.0,
        24.5,
        25.0,
        25.5,
        26.0,
        26.5,
        27.0,
        27.5,
        28.0,
        28.5,
        29.0,
        29.5,
        30.0
    ],
    "bandwidths": [
        0.1,
        1.033408,
        3.28384,
        6.56768,
        8.303424,
        12.408224,
        13.95632,
        17.850016,
        21.438784,
        21.391872,
        27.396608,
        26.716384,
        33.049504,
        33.870464,
        36.919744,
        41.540576,
        40.57888,
        47.61568,
        46.888544,
        51.556288,
        54.41792,
        55.074688,
        61.267072,
        59.765888,
        66.919968,
        65.395328,
        71.329696,
        71.634624,
        75.669056,
        74.074048,
        73.464192,
        37.693792,
        46.912,
        45.434272,
        50.876064,
        52.776,
        54.277184,
        54.253728,
        36.189696,
        31.712512,
        35.958048,
        38.045632,
        40.133216,
        43.088672,
        46.44288,
        48.929216,
        42.173888,
        27.513888,
        29.953312,
        32.8384,
        35.512384,
        38.514752,
        38.46784,
        22.059456,
        24.300416,
        26.85712,
        30.281696,
        32.111264,
        33.588992,
        35.137088,
        34.925984
    ],
    "delays": [
        32.717
    ],
    "loss": 0,
    "queue": 10,
    "delay_noise": 0,
    "T_s": 0
}