{
    "timestamps": [
        0.0,
        0.5,
        1.0,
        1.5,
        2.0,
        2.5,
        3.0,
        3.5,
        4.0,
        4.5,
        5.0,
        5.5,
        6.0,
        6.5,
        7.0,
        7.5,
        8.0,
        8.5,
        9.0,
        9.5,
        10.0,
        10.5,
        11.0,
        11.5,
        12.0,
        12.5,
        13.0,
        13.5,
        14.0,
        14.5,
        15.0,
        15.5,
        16.0,
        16.5,
        17.0,
        17.5,
        18.0,
        18.5,
        19.0,
        19.5,
        20.0,
        20.5,
        21.0,
        21.5,
        22.0,
        22.5,
        23.0,
        23.5,
        24.0,
        24.5,
        25.0,
        25.5,
        26.0,
        26.5,
        27.0,
        27.5,
        28.0,
        28.5,
        29.0,
        29.5,
        30.0
    ],
    "bandwidths": [
        0.1,
        1.033408,
        3.28384,
        6.56768,
        8.303424,
        12.408224,
        14.918016,
        16.88832,
        21.485696,
        21.34496,
        27.396608,
        27.513888,
        32.228544,
        34.550688,
        36.23952,
        41.657856,
        40.57888,
        47.474944,
        47.02928,
        51.415552,
        54.019168,
        55.23888,
        61.431264,
        60.211552,
        66.521216,
        65.840992,
        70.461824,
        72.291392,
        74.636992,
        75.504864,
        72.737056,
        41.681312,
        45.97376,
        46.09104,
        49.797088,
        53.338944,
        53.268576,
        54.582112,
        36.262976,
        31.595232,
        35.958048,
        37.787616,
        40.086304,
        42.971392,
        46.700896,
        48.389728,
        45.598464,
        27.205728,
        28.85088,
        32.48656,
        34.24576,
        38.843136,
        37.787616,
        24.363456,
        23.10416,
        26.458368,
        29.413824,
        31.947072,
        35.06672,
        37.64688,
        35.043264
    ],
    "delays": [
        32.6965
    ],
    "loss": 0,
    "queue": 10,
    "delay_noise": 0,
    "T_s": 0
}