{
    "timestamps": [
        0.0,
        0.5,
        1.0,
        1.5,
        2.0,
        2.5,
        3.0,
        3.5,
        4.0,
        4.5,
        5.0,
        5.5,
        6.0,
        6.5,
        7.0,
        7.5,
        8.0,
        8.5,
        9.0,
        9.5,
        10.0,
        10.5,
        11.0,
        11.5,
        12.0,
        12.5,
        13.0,
        13.5,
        14.0,
        14.5,
        15.0,
        15.5,
        16.0,
        16.5,
        17.0,
        17.5,
        18.0,
        18.5,
        19.0,
        19.5,
        20.0,
        20.5,
        21.0,
        21.5,
        22.0,
        22.5,
        23.0,
        23.5,
        24.0,
        24.5,
        25.0,
        25.5,
        26.0,
        26.5,
        27.0,
        27.5,
        28.0,
        28.5,
        29.0,
        29.5,
        30.0
    ],
    "bandwidths": [
        0.1,
        1.637696,
        71.15248,
        35.107024,
        0.1,
        2.50272,
        22.624,
        84.975744,
        12.69176,
        14.728224,
        12.66944,
        52.804416,
        30.157792,
        20.836704,
        61.174992,
        48.279616,
        97.39632,
        86.242688,
        97.373696,
        75.383168,
        95.857888,
        93.391872,
        53.256592,
        71.559712,
        59.342752,
        81.876256,
        82.35136,
        47.895008,
        64.003296,
        48.867552,
        48.913088,
        50.066912,
        49.003296,
        46.333952,
        47.714016,
        49.048832,
        48.75472,
        48.709472,
        49.342944,
        48.686848,
        47.148416,
        49.184576,
        48.709472,
        48.686848,
        48.709472,
        47.329408,
        22.782368,
        46.990048,
        48.143872,
        48.618976,
        48.709472,
        48.686848,
        48.686848,
        47.555648,
        47.940256,
        48.732096,
        48.709472,
        49.88592,
        49.365568,
        47.193664,
        37.714208
    ],
    "delays": [
        32.628
    ],
    "loss": 0,
    "queue": 10,
    "delay_noise": 0,
    "T_s": 0
}