{
    "timestamps": [
        0.0,
        0.5,
        1.0,
        1.5,
        2.0,
        2.5,
        3.0,
        3.5,
        4.0,
        4.5,
        5.0,
        5.5,
        6.0,
        6.5,
        7.0,
        7.5,
        8.0,
        8.5,
        9.0,
        9.5,
        10.0,
        10.5,
        11.0,
        11.5,
        12.0,
        12.5,
        13.0,
        13.5,
        14.0,
        14.5,
        15.0,
        15.5,
        16.0,
        16.5,
        17.0,
        17.5,
        18.0,
        18.5,
        19.0,
        19.5,
        20.0,
        20.5,
        21.0,
        21.5,
        22.0,
        22.5,
        23.0,
        23.5,
        24.0,
        24.5,
        25.0,
        25.5,
        26.0,
        26.5,
        27.0,
        27.5,
        28.0,
        28.5,
        29.0,
        29.5,
        30.0
    ],
    "bandwidths": [
        0.1,
        1.682944,
        71.242976,
        28.551488,
        18.415632,
        62.555072,
        22.646624,
        63.482944,
        86.265312,
        97.192704,
        97.577312,
        78.301664,
        93.052512,
        93.912224,
        94.998176,
        96.197248,
        97.192704,
        71.129856,
        97.373696,
        97.39632,
        97.39632,
        95.0208,
        53.550704,
        64.614144,
        78.822016,
        69.387808,
        47.306496,
        59.071264,
        46.49232,
        45.609984,
        46.333952,
        48.211744,
        49.682304,
        50.745632,
        51.831584,
        40.429088,
        35.813792,
        50.315776,
        47.849472,
        48.686848,
        48.686848,
        47.329408,
        28.143968,
        22.872624,
        21.94528,
        23.280096,
        24.185056,
        24.524416,
        24.004064,
        24.54704,
        24.77328,
        24.117184,
        24.298176,
        24.479168,
        24.682784,
        25.587744,
        24.841152,
        24.411296,
        23.438144,
        23.958816,
        18.913664
    ],
    "delays": [
        32.6465
    ],
    "loss": 0,
    "queue": 10,
    "delay_noise": 0,
    "T_s": 0
}