{
    "timestamps": [
        0.0,
        0.5,
        1.0,
        1.5,
        2.0,
        2.5,
        3.0,
        3.5,
        4.0,
        4.5,
        5.0,
        5.5,
        6.0,
        6.5,
        7.0,
        7.5,
        8.0,
        8.5,
        9.0,
        9.5,
        10.0,
        10.5,
        11.0,
        11.5,
        12.0,
        12.5,
        13.0,
        13.5,
        14.0,
        14.5,
        15.0,
        15.5,
        16.0,
        16.5,
        17.0,
        17.5,
        18.0,
        18.5,
        19.0,
        19.5,
        20.0,
        20.5,
        21.0,
        21.5,
        22.0,
        22.5,
        23.0,
        23.5,
        24.0,
        24.5,
        25.0,
        25.5,
        26.0,
        26.5,
        27.0,
        27.5,
        28.0,
        28.5,
        29.0,
        29.5,
        30.0
    ],
    "bandwidths": [
        0.1,
        1.524576,
        70.224896,
        36.148096,
        0.1,
        2.28,
        12.827808,
        75.270048,
        29.954176,
        14.071824,
        12.10384,
        21.877408,
        58.845024,
        19.1396,
        61.19792,
        25.90448,
        96.921216,
        86.265312,
        97.39632,
        76.174704,
        95.111296,
        94.047968,
        55.744928,
        64.02592,
        60.700192,
        66.40144,
        49.387616,
        61.19792,
        47.533024,
        48.845216,
        50.044288,
        49.840672,
        47.057632,
        46.333952,
        47.261536,
        48.30224,
        50.632512,
        50.45152,
        49.410816,
        48.053376,
        47.103168,
        48.008128,
        36.26512,
        32.148416,
        33.212032,
        33.868128,
        33.687136,
        32.012672,
        32.46544,
        34.184864,
        19.976992,
        30.36112,
        31.6736,
        32.69168,
        33.393024,
        31.967424,
        31.492608,
        32.488064,
        33.121536,
        33.14416,
        24.13952
    ],
    "delays": [
        32.6235
    ],
    "loss": 0,
    "queue": 10,
    "delay_noise": 0,
    "T_s": 0
}