{
    "timestamps": [
        0.0,
        0.5,
        1.0,
        1.5,
        2.0,
        2.5,
        3.0,
        3.5,
        4.0,
        4.5,
        5.0,
        5.5,
        6.0,
        6.5,
        7.0,
        7.5,
        8.0,
        8.5,
        9.0,
        9.5,
        10.0,
        10.5,
        11.0,
        11.5,
        12.0,
        12.5,
        13.0,
        13.5,
        14.0,
        14.5,
        15.0,
        15.5,
        16.0,
        16.5,
        17.0,
        17.5,
        18.0,
        18.5,
        19.0,
        19.5,
        20.0,
        20.5,
        21.0,
        21.5,
        22.0,
        22.5,
        23.0,
        23.5,
        24.0,
        24.5,
        25.0,
        25.5,
        26.0,
        26.5,
        27.0,
        27.5,
        28.0,
        28.5,
        29.0,
        29.5,
        30.0
    ],
    "bandwidths": [
        0.1,
        15.986944,
        97.536,
        78.576,
        78.552,
        78.984,
        81.168,
        81.648,
        83.136,
        84.744,
        85.992,
        87.288,
        89.016,
        89.736,
        91.632,
        92.304,
        93.816,
        95.208,
        96.576,
        97.44,
        97.488,
        84.576,
        32.52,
        26.016,
        27.216,
        28.704,
        30.144,
        31.008,
        32.928,
        33.936,
        35.4,
        36.912,
        37.776,
        39.864,
        40.656,
        42.192,
        43.512,
        44.808,
        45.888,
        47.04,
        46.728,
        39.312,
        15.24,
        13.08,
        14.376,
        15.792,
        16.992,
        18.48,
        19.584,
        20.952,
        21.96,
        22.488,
        22.584,
        22.752,
        23.04,
        23.256,
        23.496,
        23.76,
        23.784,
        23.808,
        21.576
    ],
    "delays": [
        32.650000000000006
    ],
    "loss": 0,
    "queue": 10,
    "delay_noise": 0,
    "T_s": 0
}