{
    "timestamps": [
        0.0,
        0.5,
        1.0,
        1.5,
        2.0,
        2.5,
        3.0,
        3.5,
        4.0,
        4.5,
        5.0,
        5.5,
        6.0,
        6.5,
        7.0,
        7.5,
        8.0,
        8.5,
        9.0,
        9.5,
        10.0,
        10.5,
        11.0,
        11.5,
        12.0,
        12.5,
        13.0,
        13.5,
        14.0,
        14.5,
        15.0,
        15.5,
        16.0,
        16.5,
        17.0,
        17.5,
        18.0,
        18.5,
        19.0,
        19.5,
        20.0,
        20.5,
        21.0,
        21.5,
        22.0,
        22.5,
        23.0,
        23.5,
        24.0,
        24.5,
        25.0,
        25.5,
        26.0,
        26.5,
        27.0,
        27.5,
        28.0,
        28.5,
        29.0,
        29.5,
        30.0
    ],
    "bandwidths": [
        0.1,
        5.450944,
        11.328,
        11.232,
        11.4,
        9.696,
        10.896,
        10.128,
        11.64,
        11.208,
        10.944,
        11.064,
        11.184,
        11.472,
        11.424,
        9.96,
        11.328,
        10.392,
        11.544,
        11.4,
        11.304,
        8.712,
        3.0,
        6.096,
        5.784,
        5.856,
        5.496,
        5.376,
        5.16,
        5.712,
        5.52,
        5.352,
        5.568,
        5.616,
        5.184,
        5.472,
        4.56,
        5.424,
        5.184,
        4.896,
        5.016,
        5.016,
        3.12,
        0.816,
        2.568,
        1.848,
        2.352,
        2.208,
        2.52,
        2.688,
        3.696,
        3.432,
        2.304,
        2.64,
        3.192,
        3.384,
        2.952,
        3.312,
        3.096,
        3.24,
        3.288
    ],
    "delays": [
        29.122999999999998
    ],
    "loss": 0,
    "queue": 10,
    "delay_noise": 0
}