{
    "timestamps": [
        0.0,
        0.5,
        1.0,
        1.5,
        2.0,
        2.5,
        3.0,
        3.5,
        4.0,
        4.5,
        5.0,
        5.5,
        6.0,
        6.5,
        7.0,
        7.5,
        8.0,
        8.5,
        9.0,
        9.5,
        10.0,
        10.5,
        11.0,
        11.5,
        12.0,
        12.5,
        13.0,
        13.5,
        14.0,
        14.5,
        15.0,
        15.5,
        16.0,
        16.5,
        17.0,
        17.5,
        18.0,
        18.5,
        19.0,
        19.5,
        20.0,
        20.5,
        21.0,
        21.5,
        22.0,
        22.5,
        23.0,
        23.5,
        24.0,
        24.5,
        25.0,
        25.5,
        26.0,
        26.5,
        27.0,
        27.5,
        28.0,
        28.5,
        29.0,
        29.5,
        30.0
    ],
    "bandwidths": [
        0.1,
        0.84496,
        3.04928,
        4.527008,
        6.497312,
        7.318272,
        9.03056,
        10.344096,
        10.531744,
        10.742848,
        11.1416,
        7.97504,
        10.367552,
        11.469984,
        11.165056,
        10.625568,
        11.000864,
        9.874976,
        10.039168,
        10.531744,
        11.047776,
        11.000864,
        10.508288,
        10.43792,
        6.262752,
        7.787392,
        10.484832,
        9.49968,
        9.73424,
        9.054016,
        8.32688,
        8.631808,
        8.631808,
        8.67872,
        8.303424,
        6.380032,
        6.795808,
        6.192384,
        5.957824,
        6.497312,
        5.39488,
        6.168928,
        4.550464,
        5.74672,
        5.347968,
        5.559072,
        5.605984,
        5.136864,
        4.433184,
        5.207232,
        4.80848,
        3.448032,
        2.744096,
        3.448032,
        3.002368,
        2.744352,
        3.04928,
        3.002368,
        2.908544,
        2.932,
        2.932
    ],
    "delays": [
        31.703
    ],
    "loss": 0,
    "queue": 10,
    "delay_noise": 0
}