{
    "timestamps": [
        0.0,
        0.5,
        1.0,
        1.5,
        2.0,
        2.5,
        3.0,
        3.5,
        4.0,
        4.5,
        5.0,
        5.5,
        6.0,
        6.5,
        7.0,
        7.5,
        8.0,
        8.5,
        9.0,
        9.5,
        10.0,
        10.5,
        11.0,
        11.5,
        12.0,
        12.5,
        13.0,
        13.5,
        14.0,
        14.5,
        15.0,
        15.5,
        16.0,
        16.5,
        17.0,
        17.5,
        18.0,
        18.5,
        19.0,
        19.5,
        20.0,
        20.5,
        21.0,
        21.5,
        22.0,
        22.5,
        23.0,
        23.5,
        24.0,
        24.5,
        25.0,
        25.5,
        26.0,
        26.5,
        27.0,
        27.5,
        28.0,
        28.5,
        29.0,
        29.5,
        30.0
    ],
    "bandwidths": [
        0.1,
        0.6104,
        2.627072,
        4.33936,
        6.09856,
        7.412096,
        8.796,
        9.757696,
        10.860128,
        10.5552,
        11.37616,
        11.704544,
        9.804608,
        10.179904,
        9.288576,
        9.100928,
        10.414464,
        11.305792,
        11.516896,
        11.047776,
        11.399616,
        11.446528,
        10.883584,
        10.32064,
        10.273728,
        9.992256,
        9.757696,
        9.241664,
        9.49968,
        9.312032,
        8.655264,
        8.796,
        8.819456,
        8.186144,
        8.279968,
        7.951584,
        8.44416,
        7.810848,
        8.233056,
        7.717024,
        7.763936,
        7.412096,
        7.224448,
        6.966432,
        7.15408,
        6.849152,
        6.33312,
        6.004736,
        6.638048,
        6.051648,
        5.770176,
        5.605984,
        5.324512,
        5.04304,
        2.908544,
        3.2264,
        2.486336,
        3.307296,
        2.838176,
        2.627072,
        2.275232
    ],
    "delays": [
        32.8105
    ],
    "loss": 0,
    "queue": 10,
    "delay_noise": 0
}