{
    "timestamps": [
        0.0,
        0.5,
        1.0,
        1.5,
        2.0,
        2.5,
        3.0,
        3.5,
        4.0,
        4.5,
        5.0,
        5.5,
        6.0,
        6.5,
        7.0,
        7.5,
        8.0,
        8.5,
        9.0,
        9.5,
        10.0,
        10.5,
        11.0,
        11.5,
        12.0,
        12.5,
        13.0,
        13.5,
        14.0,
        14.5,
        15.0,
        15.5,
        16.0,
        16.5,
        17.0,
        17.5,
        18.0,
        18.5,
        19.0,
        19.5,
        20.0,
        20.5,
        21.0,
        21.5,
        22.0,
        22.5,
        23.0,
        23.5,
        24.0,
        24.5,
        25.0,
        25.5,
        26.0,
        26.5,
        27.0,
        27.5,
        28.0,
        28.5,
        29.0,
        29.5,
        30.0
    ],
    "bandwidths": [
        0.1,
        0.563488,
        2.181408,
        3.964064,
        5.2776,
        6.262752,
        7.670112,
        8.960192,
        9.921888,
        10.67248,
        9.429312,
        11.446528,
        10.602112,
        11.516896,
        11.211968,
        10.156448,
        11.704544,
        9.921888,
        10.250272,
        11.986016,
        11.188512,
        11.000864,
        10.813216,
        10.226816,
        9.804608,
        9.593504,
        8.32688,
        9.171296,
        8.749088,
        8.889824,
        7.435552,
        6.673664,
        6.286208,
        6.614592,
        6.4504,
        6.21584,
        6.4504,
        6.544224,
        5.864,
        6.262752,
        6.262752,
        6.286208,
        6.09856,
        5.62944,
        5.864,
        5.676352,
        4.996128,
        5.207232,
        5.535616,
        5.39488,
        4.1048,
        5.39488,
        6.051648,
        5.723264,
        5.605984,
        5.418336,
        5.559072,
        5.371424,
        5.441792,
        4.996128,
        5.113408
    ],
    "delays": [
        34.878
    ],
    "loss": 0,
    "queue": 10,
    "delay_noise": 0
}