{
    "timestamps": [
        0.0,
        0.5,
        1.0,
        1.5,
        2.0,
        2.5,
        3.0,
        3.5,
        4.0,
        4.5,
        5.0,
        5.5,
        6.0,
        6.5,
        7.0,
        7.5,
        8.0,
        8.5,
        9.0,
        9.5,
        10.0,
        10.5,
        11.0,
        11.5,
        12.0,
        12.5,
        13.0,
        13.5,
        14.0,
        14.5,
        15.0,
        15.5,
        16.0,
        16.5,
        17.0,
        17.5,
        18.0,
        18.5,
        19.0,
        19.5,
        20.0,
        20.5,
        21.0,
        21.5,
        22.0,
        22.5,
        23.0,
        23.5,
        24.0,
        24.5,
        25.0,
        25.5,
        26.0,
        26.5,
        27.0,
        27.5,
        28.0,
        28.5,
        29.0,
        29.5,
        30.0
    ],
    "bandwidths": [
        0.1,
        0.278624,
        8.485632,
        10.7464,
        9.026976,
        10.452288,
        10.995264,
        11.221504,
        8.642368,
        12.692064,
        11.221504,
        10.271296,
        9.683072,
        7.171808,
        11.176256,
        11.221504,
        9.750944,
        10.701152,
        11.42512,
        10.950016,
        9.0496,
        8.664992,
        6.289472,
        6.447456,
        7.5788,
        6.493088,
        6.945568,
        6.56096,
        7.307552,
        8.008896,
        7.262304,
        4.818912,
        7.827904,
        8.235136,
        8.099392,
        7.986272,
        7.737408,
        7.398048,
        7.941024,
        7.57904,
        5.180896,
        5.859616,
        7.375424,
        6.56096,
        6.017984,
        4.502176,
        4.705792,
        4.570048,
        5.339264,
        5.475008,
        5.248768,
        4.434304,
        2.760128,
        2.579136,
        4.29856,
        3.981824,
        3.597216,
        3.619552,
        3.031616,
        3.348352,
        1.832544
    ],
    "delays": [
        29.2085
    ],
    "loss": 0,
    "queue": 10,
    "delay_noise": 0
}