{
    "timestamps": [
        0.0,
        0.5,
        1.0,
        1.5,
        2.0,
        2.5,
        3.0,
        3.5,
        4.0,
        4.5,
        5.0,
        5.5,
        6.0,
        6.5,
        7.0,
        7.5,
        8.0,
        8.5,
        9.0,
        9.5,
        10.0,
        10.5,
        11.0,
        11.5,
        12.0,
        12.5,
        13.0,
        13.5,
        14.0,
        14.5,
        15.0,
        15.5,
        16.0,
        16.5,
        17.0,
        17.5,
        18.0,
        18.5,
        19.0,
        19.5,
        20.0,
        20.5,
        21.0,
        21.5,
        22.0,
        22.5,
        23.0,
        23.5,
        24.0,
        24.5,
        25.0,
        25.5,
        26.0,
        26.5,
        27.0,
        27.5,
        28.0,
        28.5,
        29.0,
        29.5,
        30.0
    ],
    "bandwidths": [
        0.1,
        0.278624,
        7.62592,
        9.6152,
        9.524704,
        9.999808,
        11.19888,
        11.741856,
        10.882144,
        11.19888,
        11.357248,
        10.769024,
        11.176256,
        11.312,
        11.017888,
        11.470368,
        11.153632,
        11.221504,
        11.379872,
        11.221504,
        11.153632,
        11.244128,
        10.995264,
        9.071936,
        8.574496,
        8.619744,
        8.416128,
        8.099392,
        8.076768,
        8.642368,
        8.212512,
        7.556416,
        6.425216,
        6.764576,
        6.922944,
        6.968192,
        7.873152,
        7.850528,
        8.235136,
        8.189888,
        7.963648,
        7.986272,
        7.69216,
        6.402592,
        6.312096,
        6.606208,
        6.311808,
        5.814368,
        5.588128,
        5.950112,
        5.99536,
        5.31664,
        4.999616,
        4.97728,
        5.384512,
        5.067776,
        5.271104,
        4.999904,
        5.42976,
        5.452384,
        3.189984
    ],
    "delays": [
        30.244500000000002
    ],
    "loss": 0,
    "queue": 10,
    "delay_noise": 0
}