{
    "timestamps": [
        0.0,
        0.5,
        1.0,
        1.5,
        2.0,
        2.5,
        3.0,
        3.5,
        4.0,
        4.5,
        5.0,
        5.5,
        6.0,
        6.5,
        7.0,
        7.5,
        8.0,
        8.5,
        9.0,
        9.5,
        10.0,
        10.5,
        11.0,
        11.5,
        12.0,
        12.5,
        13.0,
        13.5,
        14.0,
        14.5,
        15.0,
        15.5,
        16.0,
        16.5,
        17.0,
        17.5,
        18.0,
        18.5,
        19.0,
        19.5,
        20.0,
        20.5,
        21.0,
        21.5,
        22.0,
        22.5,
        23.0,
        23.5,
        24.0,
        24.5,
        25.0,
        25.5,
        26.0,
        26.5,
        27.0,
        27.5,
        28.0,
        28.5,
        29.0,
        29.5,
        30.0
    ],
    "bandwidths": [
        0.1,
        3.890944,
        5.256,
        4.896,
        4.8,
        4.968,
        5.184,
        4.8,
        4.872,
        4.776,
        4.68,
        4.656,
        4.584,
        4.728,
        4.584,
        4.368,
        4.488,
        4.728,
        4.272,
        4.128,
        4.704,
        4.128,
        3.696,
        3.12,
        2.808,
        2.52,
        2.592,
        2.376,
        2.4,
        2.472,
        2.352,
        2.496,
        2.52,
        2.496,
        2.568,
        2.688,
        2.544,
        2.832,
        3.096,
        3.336,
        3.48,
        2.904,
        1.032,
        1.056,
        0.912,
        0.768,
        0.648,
        0.408,
        0.264,
        0.216,
        0.264,
        0.336,
        0.336,
        0.528,
        0.648,
        0.816,
        0.888,
        0.96,
        0.96,
        1.008,
        1.104
    ],
    "delays": [
        27.704500000000003
    ],
    "loss": 0,
    "queue": 10,
    "delay_noise": 0
}