{
    "timestamps": [
        0.0,
        0.5,
        1.0,
        1.5,
        2.0,
        2.5,
        3.0,
        3.5,
        4.0,
        4.5,
        5.0,
        5.5,
        6.0,
        6.5,
        7.0,
        7.5,
        8.0,
        8.5,
        9.0,
        9.5,
        10.0,
        10.5,
        11.0,
        11.5,
        12.0,
        12.5,
        13.0,
        13.5,
        14.0,
        14.5,
        15.0,
        15.5,
        16.0,
        16.5,
        17.0,
        17.5,
        18.0,
        18.5,
        19.0,
        19.5,
        20.0,
        20.5,
        21.0,
        21.5,
        22.0,
        22.5,
        23.0,
        23.5,
        24.0,
        24.5,
        25.0,
        25.5,
        26.0,
        26.5,
        27.0,
        27.5,
        28.0,
        28.5,
        29.0,
        29.5,
        30.0
    ],
    "bandwidths": [
        0.1,
        0.238032,
        0.72,
        0.96,
        1.896,
        0.96,
        0.72,
        1.44,
        0.72,
        2.088,
        1.44,
        2.88,
        1.608,
        2.712,
        2.88,
        1.44,
        2.88,
        1.44,
        2.88,
        1.44,
        2.88,
        1.92,
        1.92,
        2.4,
        1.2,
        2.4,
        1.2,
        2.4,
        1.584,
        2.016,
        2.376,
        1.2,
        2.4,
        0.96,
        2.088,
        0.96,
        1.92,
        1.272,
        1.608,
        1.92,
        0.96,
        1.92,
        0.96,
        1.92,
        1.08,
        1.8,
        1.92,
        0.96,
        1.92,
        0.96,
        1.92,
        0.96,
        1.92,
        1.824,
        1.056,
        1.8,
        1.08,
        1.92,
        0.96,
        1.92,
        0.1
    ],
    "delays": [
        137.92899999999997
    ],
    "loss": 0,
    "queue": 10,
    "delay_noise": 0
}