{
    "timestamps": [
        0.0,
        0.5,
        1.0,
        1.5,
        2.0,
        2.5,
        3.0,
        3.5,
        4.0,
        4.5,
        5.0,
        5.5,
        6.0,
        6.5,
        7.0,
        7.5,
        8.0,
        8.5,
        9.0,
        9.5,
        10.0,
        10.5,
        11.0,
        11.5,
        12.0,
        12.5,
        13.0,
        13.5,
        14.0,
        14.5,
        15.0,
        15.5,
        16.0,
        16.5,
        17.0,
        17.5,
        18.0,
        18.5,
        19.0,
        19.5,
        20.0,
        20.5,
        21.0,
        21.5,
        22.0,
        22.5,
        23.0,
        23.5,
        24.0,
        24.5,
        25.0,
        25.5,
        26.0,
        26.5,
        27.0,
        27.5,
        28.0,
        28.5,
        29.0,
        29.5,
        30.0,
        30.5
    ],
    "bandwidths": [
        0.1,
        0.1,
        0.1,
        0.187648,
        0.328384,
        0.23456,
        0.609856,
        0.375296,
        0.891328,
        0.516032,
        1.125888,
        0.797504,
        1.243168,
        1.571552,
        0.844416,
        1.829568,
        0.961696,
        2.040672,
        1.078976,
        2.275232,
        2.415968,
        1.266624,
        2.627072,
        1.360448,
        2.838176,
        1.477728,
        3.04928,
        2.134496,
        2.69744,
        3.16656,
        1.970304,
        3.612224,
        1.853024,
        3.823328,
        1.970304,
        4.034432,
        3.75296,
        2.556704,
        4.386272,
        2.22832,
        4.57392,
        2.3456,
        4.785024,
        3.119648,
        4.33936,
        5.136864,
        2.627072,
        5.347968,
        2.720896,
        5.559072,
        2.838176,
        5.770176,
        4.620832,
        4.268992,
        6.122016,
        3.119648,
        6.309664,
        3.213472,
        6.497312,
        3.846784,
        6.168928,
        0.727136
    ],
    "delays": [
        137.422
    ],
    "loss": 0,
    "queue": 10,
    "delay_noise": 0
}