{
    "timestamps": [
        0.0,
        0.5,
        1.0,
        1.5,
        2.0,
        2.5,
        3.0,
        3.5,
        4.0,
        4.5,
        5.0,
        5.5,
        6.0,
        6.5,
        7.0,
        7.5,
        8.0,
        8.5,
        9.0,
        9.5,
        10.0,
        10.5,
        11.0,
        11.5,
        12.0,
        12.5,
        13.0,
        13.5,
        14.0,
        14.5,
        15.0,
        15.5,
        16.0,
        16.5,
        17.0,
        17.5,
        18.0,
        18.5,
        19.0,
        19.5,
        20.0,
        20.5,
        21.0,
        21.5,
        22.0,
        22.5,
        23.0,
        23.5,
        24.0,
        24.5,
        25.0,
        25.5,
        26.0,
        26.5,
        27.0,
        27.5,
        28.0,
        28.5,
        29.0,
        29.5,
        30.0,
        30.5
    ],
    "bandwidths": [
        0.1,
        0.1,
        0.1,
        0.186848,
        0.375296,
        0.258016,
        0.609856,
        0.375296,
        0.867872,
        0.492576,
        1.078976,
        0.609856,
        1.313536,
        1.430816,
        0.774048,
        1.665376,
        0.891328,
        1.853024,
        0.985152,
        2.064128,
        1.806112,
        1.571552,
        2.415968,
        1.243168,
        2.603616,
        1.360448,
        2.81472,
        1.477728,
        3.002368,
        2.861632,
        1.87648,
        3.143104,
        1.923392,
        3.541856,
        1.829568,
        3.75296,
        2.46288,
        3.377664,
        4.081344,
        2.087584,
        3.87024,
        2.58016,
        4.480096,
        2.369056,
        4.620832,
        3.377664,
        3.87024,
        5.019584,
        2.556704,
        5.207232,
        2.650528,
        4.1048,
        5.113408,
        4.597376,
        4.761568,
        5.183776,
        5.301056,
        5.136864,
        5.301056,
        5.957824,
        6.145472,
        1.05552
    ],
    "delays": [
        136.196
    ],
    "loss": 0,
    "queue": 10,
    "delay_noise": 0
}