{
    "timestamps": [
        0.0,
        0.5,
        1.0,
        1.5,
        2.0,
        2.5,
        3.0,
        3.5,
        4.0,
        4.5,
        5.0,
        5.5,
        6.0,
        6.5,
        7.0,
        7.5,
        8.0,
        8.5,
        9.0,
        9.5,
        10.0,
        10.5,
        11.0,
        11.5,
        12.0,
        12.5,
        13.0,
        13.5,
        14.0,
        14.5,
        15.0,
        15.5,
        16.0,
        16.5,
        17.0,
        17.5,
        18.0,
        18.5,
        19.0,
        19.5,
        20.0,
        20.5,
        21.0,
        21.5,
        22.0,
        22.5,
        23.0,
        23.5,
        24.0,
        24.5,
        25.0,
        25.5,
        26.0,
        26.5,
        27.0,
        27.5,
        28.0,
        28.5,
        29.0,
        29.5,
        30.0,
        30.5
    ],
    "bandwidths": [
        0.1,
        0.1,
        0.1,
        0.186848,
        0.375296,
        0.258016,
        0.633312,
        0.375296,
        0.891328,
        0.516032,
        1.125888,
        0.633312,
        1.383904,
        1.548096,
        0.82096,
        1.7592,
        0.93824,
        1.970304,
        1.032064,
        2.204864,
        2.157952,
        1.40736,
        2.11104,
        1.782656,
        2.791264,
        1.454272,
        3.002368,
        1.688832,
        3.096192,
        3.354208,
        1.735744,
        3.565312,
        1.829568,
        3.776416,
        1.923392,
        3.964064,
        2.720896,
        3.494944,
        3.16656,
        3.307296,
        4.128256,
        3.964064,
        3.63568,
        4.527008,
        4.33936,
        4.034432,
        4.527008,
        3.893696,
        4.785024,
        5.51216,
        4.292448,
        5.2776,
        5.817088,
        4.785024,
        5.62944,
        6.168928,
        5.74672,
        5.699808,
        6.309664,
        6.520768,
        5.817088,
        2.3456
    ],
    "delays": [
        137.575
    ],
    "loss": 0,
    "queue": 10,
    "delay_noise": 0
}