{
    "timestamps": [
        0.0,
        0.5,
        1.0,
        1.5,
        2.0,
        2.5,
        3.0,
        3.5,
        4.0,
        4.5,
        5.0,
        5.5,
        6.0,
        6.5,
        7.0,
        7.5,
        8.0,
        8.5,
        9.0,
        9.5,
        10.0,
        10.5,
        11.0,
        11.5,
        12.0,
        12.5,
        13.0,
        13.5,
        14.0,
        14.5,
        15.0,
        15.5,
        16.0,
        16.5,
        17.0,
        17.5,
        18.0,
        18.5,
        19.0,
        19.5,
        20.0,
        20.5,
        21.0,
        21.5,
        22.0,
        22.5,
        23.0,
        23.5,
        24.0,
        24.5,
        25.0,
        25.5,
        26.0,
        26.5,
        27.0,
        27.5,
        28.0,
        28.5,
        29.0,
        29.5,
        30.0
    ],
    "bandwidths": [
        0.1,
        0.1,
        0.302672,
        0.1,
        1.040704,
        0.972576,
        1.786992,
        1.832544,
        1.900416,
        1.945664,
        1.990912,
        2.03616,
        2.239776,
        2.239776,
        2.556512,
        2.850624,
        2.692256,
        3.189984,
        3.122112,
        3.303104,
        3.3936,
        3.868704,
        3.9592,
        3.9592,
        4.29856,
        4.592672,
        4.796288,
        5.361888,
        5.384512,
        6.198976,
        6.357344,
        6.583584,
        7.873152,
        7.194432,
        7.420672,
        8.393504,
        8.054144,
        8.461376,
        9.705696,
        9.185344,
        10.203424,
        10.361792,
        10.723776,
        11.176256,
        11.289376,
        12.420576,
        11.628736,
        13.054048,
        12.465824,
        13.619648,
        10.927392,
        14.434112,
        14.909216,
        11.719232,
        11.492992,
        11.945472,
        14.637728,
        8.891232,
        5.904864,
        8.642368,
        5.407136
    ],
    "delays": [
        135.59199999999998
    ],
    "loss": 0,
    "queue": 10,
    "delay_noise": 0
}