{
    "timestamps": [
        0.0,
        0.5,
        1.0,
        1.5,
        2.0,
        2.5,
        3.0,
        3.5,
        4.0,
        4.5,
        5.0,
        5.5,
        6.0,
        6.5,
        7.0,
        7.5,
        8.0,
        8.5,
        9.0,
        9.5,
        10.0,
        10.5,
        11.0,
        11.5,
        12.0,
        12.5,
        13.0,
        13.5,
        14.0,
        14.5,
        15.0,
        15.5,
        16.0,
        16.5,
        17.0,
        17.5,
        18.0,
        18.5,
        19.0,
        19.5,
        20.0,
        20.5,
        21.0,
        21.5,
        22.0,
        22.5,
        23.0,
        23.5,
        24.0,
        24.5,
        25.0,
        25.5,
        26.0,
        26.5,
        27.0,
        27.5,
        28.0,
        28.5,
        29.0,
        29.5,
        30.0
    ],
    "bandwidths": [
        0.1,
        0.1,
        0.25584,
        1.063328,
        1.787296,
        2.03616,
        2.307648,
        2.194528,
        2.330272,
        2.466016,
        2.352896,
        2.760128,
        2.669632,
        2.669632,
        2.986368,
        3.008992,
        3.05424,
        3.16736,
        3.189984,
        3.687712,
        3.642464,
        3.823456,
        4.208064,
        4.049696,
        4.683168,
        4.275936,
        4.5248,
        4.86416,
        5.656,
        5.633376,
        6.515712,
        5.904864,
        6.67408,
        5.927488,
        6.90032,
        6.606208,
        6.402592,
        7.601664,
        7.420672,
        7.330176,
        7.895776,
        9.094848,
        8.642368,
        10.06768,
        9.72832,
        10.384416,
        10.112928,
        9.411584,
        10.090304,
        10.429664,
        11.719232,
        11.832352,
        10.770704,
        6.153728,
        8.687328,
        7.194432,
        7.284928,
        7.058688,
        3.551968,
        4.841248,
        1.47056
    ],
    "delays": [
        135.70600000000002
    ],
    "loss": 0,
    "queue": 10,
    "delay_noise": 0
}