{
    "timestamps": [
        0.0,
        0.5,
        1.0,
        1.5,
        2.0,
        2.5,
        3.0,
        3.5,
        4.0,
        4.5,
        5.0,
        5.5,
        6.0,
        6.5,
        7.0,
        7.5,
        8.0,
        8.5,
        9.0,
        9.5,
        10.0,
        10.5,
        11.0,
        11.5,
        12.0,
        12.5,
        13.0,
        13.5,
        14.0,
        14.5,
        15.0,
        15.5,
        16.0,
        16.5,
        17.0,
        17.5,
        18.0,
        18.5,
        19.0,
        19.5,
        20.0,
        20.5,
        21.0,
        21.5,
        22.0,
        22.5,
        23.0,
        23.5,
        24.0,
        24.5,
        25.0,
        25.5,
        26.0,
        26.5,
        27.0,
        27.5,
        28.0,
        28.5,
        29.0,
        29.5,
        30.0
    ],
    "bandwidths": [
        0.1,
        0.1,
        0.1,
        0.1,
        0.1,
        0.302672,
        1.063328,
        1.606304,
        2.126656,
        2.217152,
        2.013536,
        2.443392,
        2.285024,
        2.37552,
        2.556512,
        2.737504,
        2.692256,
        2.805376,
        2.850624,
        3.189984,
        3.122112,
        3.16736,
        3.484096,
        3.574592,
        3.529344,
        3.73296,
        4.049696,
        4.230688,
        4.275936,
        4.818912,
        5.294016,
        5.294016,
        5.927488,
        6.085856,
        6.379968,
        6.312096,
        6.832448,
        7.420672,
        6.832448,
        7.330176,
        6.379968,
        7.511168,
        8.732864,
        9.072224,
        8.845984,
        10.203424,
        9.592576,
        11.379872,
        11.379872,
        11.673984,
        12.171712,
        11.696608,
        13.23504,
        13.53088,
        12.827808,
        7.69216,
        12.352704,
        13.23504,
        7.57904,
        8.71024,
        2.239776
    ],
    "delays": [
        135.79399999999998
    ],
    "loss": 0,
    "queue": 10,
    "delay_noise": 0
}