{
    "timestamps": [
        0.0,
        0.5,
        1.0,
        1.5,
        2.0,
        2.5,
        3.0,
        3.5,
        4.0,
        4.5,
        5.0,
        5.5,
        6.0,
        6.5,
        7.0,
        7.5,
        8.0,
        8.5,
        9.0,
        9.5,
        10.0,
        10.5,
        11.0,
        11.5,
        12.0,
        12.5,
        13.0,
        13.5,
        14.0,
        14.5,
        15.0,
        15.5,
        16.0,
        16.5,
        17.0,
        17.5,
        18.0,
        18.5,
        19.0,
        19.5,
        20.0,
        20.5,
        21.0,
        21.5,
        22.0,
        22.5,
        23.0,
        23.5,
        24.0,
        24.5,
        25.0,
        25.5,
        26.0,
        26.5,
        27.0,
        27.5,
        28.0,
        28.5,
        29.0,
        29.5,
        30.0,
        30.5
    ],
    "bandwidths": [
        0.1,
        0.1,
        0.385408,
        1.272,
        4.032,
        8.064,
        11.664,
        13.104,
        11.832,
        10.728,
        12.216,
        12.288,
        12.888,
        12.6,
        12.264,
        12.48,
        12.048,
        10.968,
        11.616,
        13.248,
        11.592,
        11.736,
        12.504,
        10.44,
        10.44,
        11.496,
        8.616,
        12.072,
        10.752,
        12.36,
        8.76,
        11.376,
        11.4,
        6.528,
        6.912,
        5.784,
        6.0,
        6.0,
        5.856,
        5.592,
        6.12,
        5.64,
        5.28,
        5.976,
        5.448,
        6.36,
        5.616,
        6.024,
        6.192,
        5.976,
        5.808,
        5.784,
        5.688,
        6.072,
        5.64,
        5.856,
        6.0,
        6.336,
        5.76,
        6.336,
        6.096,
        1.968
    ],
    "delays": [
        135.64800000000002
    ],
    "loss": 0,
    "queue": 10,
    "delay_noise": 0
}