{
    "timestamps": [
        0.0,
        0.5,
        1.0,
        1.5,
        2.0,
        2.5,
        3.0,
        3.5,
        4.0,
        4.5,
        5.0,
        5.5,
        6.0,
        6.5,
        7.0,
        7.5,
        8.0,
        8.5,
        9.0,
        9.5,
        10.0,
        10.5,
        11.0,
        11.5,
        12.0,
        12.5,
        13.0,
        13.5,
        14.0,
        14.5,
        15.0,
        15.5,
        16.0,
        16.5,
        17.0,
        17.5,
        18.0,
        18.5,
        19.0,
        19.5,
        20.0,
        20.5,
        21.0,
        21.5,
        22.0,
        22.5,
        23.0,
        23.5,
        24.0,
        24.5,
        25.0,
        25.5,
        26.0,
        26.5,
        27.0,
        27.5,
        28.0,
        28.5,
        29.0,
        29.5,
        30.0,
        30.5
    ],
    "bandwidths": [
        0.1,
        0.722944,
        4.824,
        38.208,
        97.416,
        67.753408,
        94.728,
        97.08,
        96.0,
        97.536,
        97.512,
        94.68,
        97.536,
        95.736,
        96.408,
        97.488,
        94.824,
        97.536,
        95.064,
        97.512,
        97.056,
        95.016,
        97.512,
        94.128,
        96.576,
        93.768,
        97.176,
        95.928,
        96.48,
        95.952,
        97.2,
        97.536,
        95.28,
        97.512,
        96.528,
        96.0,
        97.08,
        94.2,
        95.16,
        97.056,
        97.344,
        95.184,
        95.064,
        95.568,
        93.264,
        96.456,
        93.528,
        96.912,
        95.76,
        96.744,
        96.168,
        95.88,
        96.744,
        96.48,
        97.248,
        61.032,
        46.224,
        41.256,
        94.872,
        92.712,
        97.536,
        11.4
    ],
    "delays": [
        71.2385
    ],
    "loss": 0,
    "queue": 10,
    "delay_noise": 0,
    "T_s": 0
}