{
    "timestamps": [
        0.0,
        0.5,
        1.0,
        1.5,
        2.0,
        2.5,
        3.0,
        3.5,
        4.0,
        4.5,
        5.0,
        5.5,
        6.0,
        6.5,
        7.0,
        7.5,
        8.0,
        8.5,
        9.0,
        9.5,
        10.0,
        10.5,
        11.0,
        11.5,
        12.0,
        12.5,
        13.0,
        13.5,
        14.0,
        14.5,
        15.0,
        15.5,
        16.0,
        16.5,
        17.0,
        17.5,
        18.0,
        18.5,
        19.0,
        19.5,
        20.0,
        20.5,
        21.0,
        21.5,
        22.0,
        22.5,
        23.0,
        23.5,
        24.0,
        24.5,
        25.0,
        25.5,
        26.0,
        26.5,
        27.0,
        27.5,
        28.0,
        28.5,
        29.0,
        29.5,
        30.0,
        30.5
    ],
    "bandwidths": [
        0.1,
        0.410944,
        1.584,
        5.688,
        20.304,
        66.672,
        97.536,
        40.561408,
        64.368,
        44.064,
        44.208,
        44.256,
        44.304,
        44.592,
        43.776,
        44.808,
        43.056,
        44.832,
        44.4,
        43.608,
        43.824,
        44.28,
        44.112,
        44.448,
        43.824,
        43.008,
        43.824,
        44.472,
        44.712,
        27.216,
        28.008,
        49.488,
        48.0,
        54.024,
        56.712,
        63.768,
        65.328,
        64.248,
        62.424,
        67.656,
        75.48,
        80.112,
        82.152,
        92.28,
        92.712,
        89.928,
        91.176,
        92.088,
        92.16,
        91.536,
        88.92,
        96.072,
        94.896,
        94.416,
        92.64,
        92.376,
        94.344,
        95.424,
        43.776,
        42.696,
        95.976,
        13.08
    ],
    "delays": [
        81.122
    ],
    "loss": 0,
    "queue": 10,
    "delay_noise": 0,
    "T_s": 0
}