{
    "timestamps": [
        0.0,
        0.5,
        1.0,
        1.5,
        2.0,
        2.5,
        3.0,
        3.5,
        4.0,
        4.5,
        5.0,
        5.5,
        6.0,
        6.5,
        7.0,
        7.5,
        8.0,
        8.5,
        9.0,
        9.5,
        10.0,
        10.5,
        11.0,
        11.5,
        12.0,
        12.5,
        13.0,
        13.5,
        14.0,
        14.5,
        15.0,
        15.5,
        16.0,
        16.5,
        17.0,
        17.5,
        18.0,
        18.5,
        19.0,
        19.5,
        20.0,
        20.5,
        21.0,
        21.5,
        22.0,
        22.5,
        23.0,
        23.5,
        24.0,
        24.5,
        25.0,
        25.5,
        26.0,
        26.5,
        27.0,
        27.5,
        28.0,
        28.5,
        29.0,
        29.5,
        30.0,
        30.5
    ],
    "bandwidths": [
        0.1,
        0.188992,
        0.562944,
        1.40736,
        1.548096,
        2.720896,
        2.46288,
        3.940608,
        3.448032,
        5.254144,
        4.433184,
        4.224704,
        1.196256,
        2.251776,
        2.181408,
        3.5184,
        3.096192,
        3.5184,
        3.940608,
        5.699808,
        4.761568,
        6.966432,
        5.699808,
        8.256512,
        6.68496,
        9.570048,
        7.670112,
        8.045408,
        8.420704,
        11.821824,
        9.358944,
        13.13536,
        10.32064,
        14.401984,
        11.329248,
        15.762432,
        12.3144,
        17.075968,
        13.299552,
        18.389504,
        14.261248,
        14.636544,
        20.125248,
        15.551328,
        18.29568,
        19.538848,
        19.280832,
        20.852384,
        17.803104,
        19.421568,
        23.69056,
        20.617824,
        24.699168,
        25.309024,
        22.423936,
        26.481824,
        23.502912,
        22.001728,
        22.353568,
        25.436128,
        11.821824,
        0.211104
    ],
    "delays": [
        68.962
    ],
    "loss": 0,
    "queue": 10,
    "delay_noise": 0,
    "T_s": 0
}