{
    "timestamps": [
        0.0,
        0.5,
        1.0,
        1.5,
        2.0,
        2.5,
        3.0,
        3.5,
        4.0,
        4.5,
        5.0,
        5.5,
        6.0,
        6.5,
        7.0,
        7.5,
        8.0,
        8.5,
        9.0,
        9.5,
        10.0,
        10.5,
        11.0,
        11.5,
        12.0,
        12.5,
        13.0,
        13.5,
        14.0,
        14.5,
        15.0,
        15.5,
        16.0,
        16.5,
        17.0,
        17.5,
        18.0,
        18.5,
        19.0,
        19.5,
        20.0,
        20.5,
        21.0,
        21.5,
        22.0,
        22.5,
        23.0,
        23.5,
        24.0,
        24.5,
        25.0,
        25.5,
        26.0,
        26.5,
        27.0,
        27.5,
        28.0,
        28.5,
        29.0,
        29.5,
        30.0
    ],
    "bandwidths": [
        0.1,
        0.1,
        0.1,
        0.1,
        0.254256,
        5.659216,
        17.103744,
        16.44736,
        14.47936,
        12.646,
        11.854976,
        11.673984,
        11.515328,
        10.203424,
        9.071648,
        8.529248,
        7.39776,
        7.624288,
        6.945568,
        6.33472,
        5.633376,
        4.90912,
        4.569472,
        4.366432,
        4.027072,
        3.823456,
        3.597216,
        3.618752,
        3.800832,
        3.778208,
        3.9592,
        3.981824,
        3.57432,
        3.28048,
        2.895872,
        2.918496,
        3.05424,
        3.099216,
        2.850352,
        2.669632,
        2.443392,
        2.239776,
        2.443392,
        2.443392,
        2.443392,
        2.443392,
        2.420768,
        2.60176,
        2.510992,
        2.48864,
        2.624384,
        2.420768,
        2.669632,
        2.782752,
        2.918496,
        2.895872,
        2.691712,
        2.466016,
        2.307376,
        2.14928,
        1.266944
    ],
    "delays": [
        68.0425
    ],
    "loss": 0,
    "queue": 10,
    "delay_noise": 0,
    "T_s": 0
}