{
    "timestamps": [
        0.0,
        0.5,
        1.0,
        1.5,
        2.0,
        2.5,
        3.0,
        3.5,
        4.0,
        4.5,
        5.0,
        5.5,
        6.0,
        6.5,
        7.0,
        7.5,
        8.0,
        8.5,
        9.0,
        9.5,
        10.0,
        10.5,
        11.0,
        11.5,
        12.0,
        12.5,
        13.0,
        13.5,
        14.0,
        14.5,
        15.0,
        15.5,
        16.0,
        16.5,
        17.0,
        17.5,
        18.0,
        18.5,
        19.0,
        19.5,
        20.0,
        20.5,
        21.0,
        21.5,
        22.0,
        22.5,
        23.0,
        23.5,
        24.0,
        24.5,
        25.0,
        25.5,
        26.0,
        26.5,
        27.0,
        27.5,
        28.0,
        28.5,
        29.0,
        29.5,
        30.0
    ],
    "bandwidths": [
        0.1,
        0.304064,
        1.721008,
        3.84608,
        3.84608,
        3.665088,
        3.279936,
        3.008992,
        2.850624,
        2.556512,
        2.466016,
        2.579136,
        2.442848,
        2.533888,
        2.579136,
        2.32976,
        2.126112,
        2.126656,
        2.171904,
        2.171904,
        2.058784,
        1.900416,
        1.968288,
        1.87752,
        1.855168,
        1.787296,
        1.719152,
        1.832544,
        1.628928,
        1.561056,
        1.515808,
        1.402416,
        1.266944,
        1.402688,
        1.561056,
        1.719424,
        1.696528,
        1.606304,
        1.719424,
        1.787296,
        1.65128,
        1.606304,
        1.515808,
        1.651552,
        1.651552,
        1.561056,
        1.538432,
        1.787296,
        1.80992,
        1.628656,
        1.515808,
        1.515808,
        1.447936,
        1.447664,
        1.334544,
        1.334816,
        1.199072,
        1.266944,
        1.425312,
        1.379792,
        0.837088
    ],
    "delays": [
        79.8005
    ],
    "loss": 0,
    "queue": 10,
    "delay_noise": 0,
    "T_s": 0
}