{
    "timestamps": [
        0.0,
        0.5,
        1.0,
        1.5,
        2.0,
        2.5,
        3.0,
        3.5,
        4.0,
        4.5,
        5.0,
        5.5,
        6.0,
        6.5,
        7.0,
        7.5,
        8.0,
        8.5,
        9.0,
        9.5,
        10.0,
        10.5,
        11.0,
        11.5,
        12.0,
        12.5,
        13.0,
        13.5,
        14.0,
        14.5,
        15.0,
        15.5,
        16.0,
        16.5,
        17.0,
        17.5,
        18.0,
        18.5,
        19.0,
        19.5,
        20.0,
        20.5,
        21.0,
        21.5,
        22.0,
        22.5,
        23.0,
        23.5,
        24.0,
        24.5,
        25.0,
        25.5,
        26.0,
        26.5,
        27.0,
        27.5,
        28.0,
        28.5,
        29.0,
        29.5,
        30.0
    ],
    "bandwidths": [
        0.1,
        0.304064,
        1.994128,
        7.307552,
        7.487728,
        6.967616,
        6.809536,
        5.723584,
        5.452384,
        5.88224,
        5.13536,
        4.569472,
        4.16224,
        4.253312,
        4.139904,
        4.117568,
        4.049696,
        3.529344,
        3.529344,
        3.597216,
        3.280208,
        3.008448,
        2.714608,
        2.60176,
        2.33,
        1.990912,
        1.877792,
        1.561056,
        1.606304,
        1.493184,
        1.628928,
        1.832544,
        1.628656,
        1.606304,
        1.764672,
        1.47056,
        1.379792,
        1.515808,
        1.538432,
        1.561056,
        1.493184,
        1.65128,
        1.53816,
        1.35744,
        1.334816,
        1.31192,
        1.334816,
        1.24432,
        1.153824,
        1.085584,
        1.199072,
        1.24432,
        1.312192,
        1.289568,
        1.425312,
        1.402688,
        1.447664,
        1.244048,
        1.15328,
        1.108576,
        0.723968
    ],
    "delays": [
        78.871
    ],
    "loss": 0,
    "queue": 10,
    "delay_noise": 0,
    "T_s": 0
}