{
    "timestamps": [
        0.0,
        0.5,
        1.0,
        1.5,
        2.0,
        2.5,
        3.0,
        3.5,
        4.0,
        4.5,
        5.0,
        5.5,
        6.0,
        6.5,
        7.0,
        7.5,
        8.0,
        8.5,
        9.0,
        9.5,
        10.0,
        10.5,
        11.0,
        11.5,
        12.0,
        12.5,
        13.0,
        13.5,
        14.0,
        14.5,
        15.0,
        15.5,
        16.0,
        16.5,
        17.0,
        17.5,
        18.0,
        18.5,
        19.0,
        19.5,
        20.0,
        20.5,
        21.0,
        21.5,
        22.0,
        22.5,
        23.0,
        23.5,
        24.0,
        24.5,
        25.0,
        25.5,
        26.0,
        26.5,
        27.0,
        27.5,
        28.0,
        28.5,
        29.0,
        29.5,
        30.0,
        30.5
    ],
    "bandwidths": [
        0.1,
        2.066944,
        1.656,
        1.56,
        2.136,
        1.392,
        1.464,
        1.536,
        1.752,
        2.184,
        1.632,
        1.608,
        2.184,
        1.656,
        2.616,
        1.584,
        1.752,
        1.8,
        2.592,
        1.776,
        1.728,
        1.344,
        1.248,
        1.56,
        1.824,
        1.464,
        1.248,
        1.92,
        2.016,
        2.112,
        2.112,
        2.64,
        2.304,
        1.032,
        1.176,
        0.96,
        1.152,
        1.344,
        1.32,
        1.512,
        1.464,
        1.584,
        0.912,
        1.128,
        0.72,
        0.84,
        1.632,
        1.824,
        1.968,
        1.416,
        1.584,
        1.176,
        1.776,
        1.368,
        1.416,
        1.464,
        1.128,
        1.032,
        1.2,
        1.176,
        1.176,
        0.1
    ],
    "delays": [
        30.330000000000002
    ],
    "loss": 0,
    "queue": 10,
    "delay_noise": 0
}