{
    "timestamps": [
        0.0,
        0.5,
        1.0,
        1.5,
        2.0,
        2.5,
        3.0,
        3.5,
        4.0,
        4.5,
        5.0,
        5.5,
        6.0,
        6.5,
        7.0,
        7.5,
        8.0,
        8.5,
        9.0,
        9.5,
        10.0,
        10.5,
        11.0,
        11.5,
        12.0,
        12.5,
        13.0,
        13.5,
        14.0,
        14.5,
        15.0,
        15.5,
        16.0,
        16.5,
        17.0,
        17.5,
        18.0,
        18.5,
        19.0,
        19.5,
        20.0,
        20.5,
        21.0,
        21.5,
        22.0,
        22.5,
        23.0,
        23.5,
        24.0,
        24.5,
        25.0,
        25.5,
        26.0,
        26.5,
        27.0,
        27.5,
        28.0,
        28.5,
        29.0,
        29.5,
        30.0
    ],
    "bandwidths": [
        0.1,
        2.474944,
        1.992,
        3.144,
        3.984,
        3.744,
        4.872,
        5.136,
        5.712,
        6.096,
        6.264,
        7.248,
        7.416,
        7.296,
        6.912,
        5.856,
        5.64,
        6.144,
        6.576,
        7.584,
        6.576,
        6.576,
        7.776,
        6.6,
        6.936,
        6.84,
        6.48,
        5.592,
        5.448,
        5.76,
        5.472,
        4.344,
        4.872,
        4.44,
        5.184,
        5.424,
        5.376,
        5.04,
        5.568,
        5.664,
        5.064,
        5.112,
        6.048,
        5.352,
        5.496,
        5.736,
        5.52,
        5.256,
        4.848,
        2.856,
        4.488,
        4.152,
        4.848,
        4.368,
        3.576,
        3.744,
        3.984,
        4.536,
        4.104,
        3.792,
        3.36
    ],
    "delays": [
        27.924500000000002
    ],
    "loss": 0,
    "queue": 10,
    "delay_noise": 0
}