{
    "timestamps": [
        0.0,
        0.5,
        1.0,
        1.5,
        2.0,
        2.5,
        3.0,
        3.5,
        4.0,
        4.5,
        5.0,
        5.5,
        6.0,
        6.5,
        7.0,
        7.5,
        8.0,
        8.5,
        9.0,
        9.5,
        10.0,
        10.5,
        11.0,
        11.5,
        12.0,
        12.5,
        13.0,
        13.5,
        14.0,
        14.5,
        15.0,
        15.5,
        16.0,
        16.5,
        17.0,
        17.5,
        18.0,
        18.5,
        19.0,
        19.5,
        20.0,
        20.5,
        21.0,
        21.5,
        22.0,
        22.5,
        23.0,
        23.5,
        24.0,
        24.5,
        25.0,
        25.5,
        26.0,
        26.5,
        27.0,
        27.5,
        28.0,
        28.5,
        29.0,
        29.5,
        30.0,
        30.5
    ],
    "bandwidths": [
        0.1,
        0.353184,
        1.923392,
        3.706048,
        5.582528,
        4.831936,
        6.778784,
        7.294816,
        6.403488,
        6.426944,
        6.145472,
        6.708416,
        4.33936,
        4.091584,
        5.089952,
        5.582528,
        6.520768,
        4.714656,
        5.62944,
        2.955456,
        3.964064,
        5.488704,
        6.33312,
        3.706048,
        4.620256,
        6.356576,
        6.544224,
        7.318272,
        5.864,
        6.661504,
        7.435552,
        6.544224,
        6.825696,
        8.749088,
        8.068864,
        6.731872,
        5.136864,
        8.491072,
        8.233056,
        6.21584,
        6.309664,
        5.51216,
        4.516864,
        6.942976,
        8.045408,
        7.412096,
        5.699808,
        8.139232,
        5.817088,
        6.731872,
        6.80224,
        5.887456,
        6.80224,
        6.09856,
        3.541856,
        2.335616,
        3.260384,
        5.840544,
        3.119648,
        5.418336,
        5.347968,
        0.140736
    ],
    "delays": [
        26.473
    ],
    "loss": 0,
    "queue": 10,
    "delay_noise": 0
}