{
    "timestamps": [
        0.0,
        0.5,
        1.0,
        1.5,
        2.0,
        2.5,
        3.0,
        3.5,
        4.0,
        4.5,
        5.0,
        5.5,
        6.0,
        6.5,
        7.0,
        7.5,
        8.0,
        8.5,
        9.0,
        9.5,
        10.0,
        10.5,
        11.0,
        11.5,
        12.0,
        12.5,
        13.0,
        13.5,
        14.0,
        14.5,
        15.0,
        15.5,
        16.0,
        16.5,
        17.0,
        17.5,
        18.0,
        18.5,
        19.0,
        19.5,
        20.0,
        20.5,
        21.0,
        21.5,
        22.0,
        22.5,
        23.0,
        23.5,
        24.0,
        24.5,
        25.0,
        25.5,
        26.0,
        26.5,
        27.0,
        27.5,
        28.0,
        28.5,
        29.0,
        29.5,
        30.0,
        30.5
    ],
    "bandwidths": [
        0.1,
        0.400096,
        1.571552,
        1.970304,
        2.181408,
        2.11104,
        2.791264,
        2.58016,
        2.040672,
        3.096192,
        2.533248,
        1.782656,
        2.838176,
        2.415968,
        2.204864,
        2.69744,
        2.533248,
        2.439424,
        2.392512,
        2.181408,
        2.533248,
        3.002368,
        2.861632,
        1.829568,
        2.134496,
        2.157952,
        2.673984,
        3.072736,
        2.11104,
        1.618464,
        1.29008,
        1.548096,
        1.7592,
        1.712288,
        1.970304,
        1.923392,
        1.735744,
        1.87648,
        2.322144,
        2.439424,
        1.899936,
        2.650528,
        1.99376,
        1.99376,
        1.40736,
        2.22832,
        2.064128,
        2.932,
        1.595008,
        1.923392,
        2.275232,
        1.87648,
        1.688832,
        2.22832,
        2.251776,
        1.735744,
        2.744352,
        1.595008,
        1.99376,
        1.501184,
        1.923392,
        0.11728
    ],
    "delays": [
        33.36
    ],
    "loss": 0,
    "queue": 10,
    "delay_noise": 0
}