{
    "timestamps": [
        0.0,
        0.5,
        1.0,
        1.5,
        2.0,
        2.5,
        3.0,
        3.5,
        4.0,
        4.5,
        5.0,
        5.5,
        6.0,
        6.5,
        7.0,
        7.5,
        8.0,
        8.5,
        9.0,
        9.5,
        10.0,
        10.5,
        11.0,
        11.5,
        12.0,
        12.5,
        13.0,
        13.5,
        14.0,
        14.5,
        15.0,
        15.5,
        16.0,
        16.5,
        17.0,
        17.5,
        18.0,
        18.5,
        19.0,
        19.5,
        20.0,
        20.5,
        21.0,
        21.5,
        22.0,
        22.5,
        23.0,
        23.5,
        24.0,
        24.5,
        25.0,
        25.5,
        26.0,
        26.5,
        27.0,
        27.5,
        28.0,
        28.5,
        29.0,
        29.5,
        30.0,
        30.5
    ],
    "bandwidths": [
        0.1,
        0.447008,
        1.899936,
        3.494944,
        4.409728,
        6.473856,
        6.68496,
        7.15408,
        7.247904,
        7.6232,
        7.365184,
        8.256512,
        7.412096,
        6.21584,
        8.045408,
        8.373792,
        8.021952,
        7.810848,
        7.881216,
        8.115776,
        8.56144,
        6.989888,
        5.676352,
        8.373792,
        8.32688,
        8.655264,
        9.054016,
        8.655264,
        8.32688,
        8.537984,
        7.97504,
        8.467616,
        7.97504,
        6.849152,
        7.97504,
        6.80224,
        5.652896,
        5.910912,
        5.699808,
        5.723264,
        6.380032,
        7.177536,
        6.309664,
        4.80848,
        3.961536,
        6.872608,
        4.80848,
        5.887456,
        6.051648,
        6.497312,
        5.910912,
        5.98128,
        6.262752,
        5.74672,
        6.004736,
        7.810848,
        6.989888,
        5.699808,
        5.723264,
        5.864,
        7.177536,
        0.1
    ],
    "delays": [
        31.352
    ],
    "loss": 0,
    "queue": 10,
    "delay_noise": 0
}