{
    "timestamps": [
        0.0,
        0.5,
        1.0,
        1.5,
        2.0,
        2.5,
        3.0,
        3.5,
        4.0,
        4.5,
        5.0,
        5.5,
        6.0,
        6.5,
        7.0,
        7.5,
        8.0,
        8.5,
        9.0,
        9.5,
        10.0,
        10.5,
        11.0,
        11.5,
        12.0,
        12.5,
        13.0,
        13.5,
        14.0,
        14.5,
        15.0,
        15.5,
        16.0,
        16.5,
        17.0,
        17.5,
        18.0,
        18.5,
        19.0,
        19.5,
        20.0,
        20.5,
        21.0,
        21.5,
        22.0,
        22.5,
        23.0,
        23.5,
        24.0,
        24.5,
        25.0,
        25.5,
        26.0,
        26.5,
        27.0,
        27.5,
        28.0,
        28.5,
        29.0,
        29.5,
        30.0
    ],
    "bandwidths": [
        0.1,
        0.256,
        2.739136,
        3.891328,
        3.868704,
        5.701248,
        6.040608,
        5.610752,
        6.312096,
        6.922944,
        5.950112,
        5.723872,
        7.580768,
        6.425216,
        5.927488,
        5.294016,
        2.285024,
        3.235232,
        2.37552,
        2.94112,
        1.719424,
        2.94112,
        3.257856,
        2.895872,
        2.37552,
        3.9592,
        6.741952,
        5.904864,
        7.986272,
        6.176352,
        6.44784,
        7.69216,
        9.026976,
        8.03152,
        7.737408,
        7.488544,
        7.217056,
        3.212608,
        2.511264,
        3.415984,
        2.918496,
        3.370976,
        3.212272,
        3.348352,
        2.511264,
        2.352896,
        3.053664,
        3.076864,
        5.0904,
        7.058688,
        6.719328,
        5.746496,
        6.990816,
        7.171808,
        7.9184,
        4.63792,
        4.29856,
        6.198976,
        5.678624,
        4.049696,
        2.533888
    ],
    "delays": [
        27.932
    ],
    "loss": 0,
    "queue": 10,
    "delay_noise": 0
}