{
    "timestamps": [
        0.0,
        0.5,
        1.0,
        1.5,
        2.0,
        2.5,
        3.0,
        3.5,
        4.0,
        4.5,
        5.0,
        5.5,
        6.0,
        6.5,
        7.0,
        7.5,
        8.0,
        8.5,
        9.0,
        9.5,
        10.0,
        10.5,
        11.0,
        11.5,
        12.0,
        12.5,
        13.0,
        13.5,
        14.0,
        14.5,
        15.0,
        15.5,
        16.0,
        16.5,
        17.0,
        17.5,
        18.0,
        18.5,
        19.0,
        19.5,
        20.0,
        20.5,
        21.0,
        21.5,
        22.0,
        22.5,
        23.0,
        23.5,
        24.0,
        24.5,
        25.0,
        25.5,
        26.0,
        26.5,
        27.0,
        27.5,
        28.0,
        28.5,
        29.0,
        29.5,
        30.0
    ],
    "bandwidths": [
        0.1,
        0.256,
        6.992448,
        7.57904,
        8.122016,
        8.800736,
        6.153728,
        5.520256,
        4.796288,
        5.497632,
        6.2216,
        7.873152,
        8.61768,
        7.963648,
        7.307552,
        6.945568,
        6.33472,
        4.275936,
        4.366144,
        3.3936,
        4.230688,
        2.03616,
        3.61984,
        5.791744,
        6.2216,
        7.081312,
        5.158272,
        6.719328,
        6.402592,
        9.026976,
        7.149184,
        7.262304,
        7.669536,
        7.398048,
        6.266608,
        5.972736,
        5.88224,
        5.384512,
        3.936576,
        3.50672,
        3.981824,
        5.113024,
        5.76912,
        4.999904,
        3.348352,
        6.402592,
        6.719328,
        4.29856,
        4.886784,
        5.226144,
        4.570048,
        2.013536,
        3.008704,
        3.076864,
        1.651552,
        1.561056,
        2.239536,
        2.624384,
        2.511264,
        2.013536,
        2.058784
    ],
    "delays": [
        28.4485
    ],
    "loss": 0,
    "queue": 10,
    "delay_noise": 0
}