{
    "timestamps": [
        0.0,
        0.5,
        1.0,
        1.5,
        2.0,
        2.5,
        3.0,
        3.5,
        4.0,
        4.5,
        5.0,
        5.5,
        6.0,
        6.5,
        7.0,
        7.5,
        8.0,
        8.5,
        9.0,
        9.5,
        10.0,
        10.5,
        11.0,
        11.5,
        12.0,
        12.5,
        13.0,
        13.5,
        14.0,
        14.5,
        15.0,
        15.5,
        16.0,
        16.5,
        17.0,
        17.5,
        18.0,
        18.5,
        19.0,
        19.5,
        20.0,
        20.5,
        21.0,
        21.5,
        22.0,
        22.5,
        23.0,
        23.5,
        24.0,
        24.5,
        25.0,
        25.5,
        26.0,
        26.5,
        27.0,
        27.5,
        28.0,
        28.5,
        29.0,
        29.5,
        30.0
    ],
    "bandwidths": [
        0.1,
        0.1,
        0.1,
        0.1,
        0.1,
        0.1,
        0.841152,
        2.76176,
        3.981504,
        1.877792,
        2.760128,
        3.16736,
        3.823456,
        3.05424,
        2.782752,
        2.963744,
        3.823168,
        3.981824,
        4.5248,
        3.348352,
        5.271392,
        4.389056,
        4.208064,
        4.63792,
        5.226144,
        3.800832,
        3.642176,
        4.5248,
        3.687712,
        3.031616,
        3.551968,
        4.705792,
        3.665088,
        4.97728,
        3.868704,
        5.54288,
        3.913952,
        6.538336,
        4.660544,
        5.520256,
        2.126656,
        2.64672,
        3.438848,
        2.60176,
        4.592672,
        3.370976,
        4.999904,
        3.50672,
        4.773664,
        1.945664,
        2.828,
        3.438848,
        6.67408,
        3.529344,
        5.20352,
        3.61984,
        4.86416,
        3.597216,
        3.16736,
        4.275936,
        1.606304
    ],
    "delays": [
        29.775
    ],
    "loss": 0,
    "queue": 10,
    "delay_noise": 0
}