{
    "timestamps": [
        0.0,
        0.5,
        1.0,
        1.5,
        2.0,
        2.5,
        3.0,
        3.5,
        4.0,
        4.5,
        5.0,
        5.5,
        6.0,
        6.5,
        7.0,
        7.5,
        8.0,
        8.5,
        9.0,
        9.5,
        10.0,
        10.5,
        11.0,
        11.5,
        12.0,
        12.5,
        13.0,
        13.5,
        14.0,
        14.5,
        15.0,
        15.5,
        16.0,
        16.5,
        17.0,
        17.5,
        18.0,
        18.5,
        19.0,
        19.5,
        20.0,
        20.5,
        21.0,
        21.5,
        22.0,
        22.5,
        23.0,
        23.5,
        24.0,
        24.5,
        25.0,
        25.5,
        26.0,
        26.5,
        27.0,
        27.5,
        28.0,
        28.5,
        29.0,
        29.5,
        30.0,
        30.5
    ],
    "bandwidths": [
        0.1,
        1.586944,
        2.376,
        3.0,
        3.816,
        3.552,
        4.32,
        4.656,
        4.704,
        4.92,
        4.248,
        2.952,
        3.456,
        3.744,
        3.528,
        3.192,
        3.36,
        3.576,
        3.816,
        4.44,
        4.032,
        4.32,
        4.176,
        4.68,
        4.536,
        4.08,
        4.488,
        3.96,
        4.056,
        3.696,
        3.936,
        4.104,
        4.416,
        4.584,
        5.016,
        5.496,
        5.136,
        4.464,
        4.656,
        4.992,
        5.328,
        4.8,
        4.56,
        5.328,
        5.064,
        5.256,
        4.776,
        5.208,
        4.968,
        4.92,
        5.376,
        4.848,
        4.656,
        4.92,
        4.344,
        4.296,
        3.624,
        3.624,
        4.152,
        4.32,
        4.32,
        0.168
    ],
    "delays": [
        27.844499999999996
    ],
    "loss": 0,
    "queue": 10,
    "delay_noise": 0
}