{
    "timestamps": [
        0.0,
        0.5,
        1.0,
        1.5,
        2.0,
        2.5,
        3.0,
        3.5,
        4.0,
        4.5,
        5.0,
        5.5,
        6.0,
        6.5,
        7.0,
        7.5,
        8.0,
        8.5,
        9.0,
        9.5,
        10.0,
        10.5,
        11.0,
        11.5,
        12.0,
        12.5,
        13.0,
        13.5,
        14.0,
        14.5,
        15.0,
        15.5,
        16.0,
        16.5,
        17.0,
        17.5,
        18.0,
        18.5,
        19.0,
        19.5,
        20.0,
        20.5,
        21.0,
        21.5,
        22.0,
        22.5,
        23.0,
        23.5,
        24.0,
        24.5,
        25.0,
        25.5,
        26.0,
        26.5,
        27.0,
        27.5,
        28.0,
        28.5,
        29.0,
        29.5,
        30.0
    ],
    "bandwidths": [
        0.1,
        0.167088,
        0.271488,
        0.361984,
        0.386272,
        0.429248,
        0.429488,
        0.271216,
        0.339104,
        0.38264,
        0.45248,
        0.361472,
        0.429088,
        0.429856,
        0.384608,
        0.339056,
        0.361984,
        0.497472,
        0.475104,
        0.45248,
        0.429856,
        0.33936,
        0.386208,
        0.384608,
        0.429856,
        0.316736,
        0.406688,
        0.33936,
        0.294112,
        0.316144,
        0.339088,
        0.384608,
        0.316736,
        0.33936,
        0.29384,
        0.384608,
        0.248864,
        0.316736,
        0.316736,
        0.384608,
        0.497728,
        0.407232,
        0.40888,
        0.542976,
        0.361984,
        0.384608,
        0.475104,
        0.361984,
        0.316736,
        0.271488,
        0.270944,
        0.294112,
        0.384336,
        0.158368,
        0.203344,
        0.270944,
        0.158368,
        0.2028,
        0.361248,
        0.316736,
        0.384608
    ],
    "delays": [
        28.7425
    ],
    "loss": 0,
    "queue": 10,
    "delay_noise": 0
}