{
    "timestamps": [
        0.0,
        0.5,
        1.0,
        1.5,
        2.0,
        2.5,
        3.0,
        3.5,
        4.0,
        4.5,
        5.0,
        5.5,
        6.0,
        6.5,
        7.0,
        7.5,
        8.0,
        8.5,
        9.0,
        9.5,
        10.0,
        10.5,
        11.0,
        11.5,
        12.0,
        12.5,
        13.0,
        13.5,
        14.0,
        14.5,
        15.0,
        15.5,
        16.0,
        16.5,
        17.0,
        17.5,
        18.0,
        18.5,
        19.0,
        19.5,
        20.0,
        20.5,
        21.0,
        21.5,
        22.0,
        22.5,
        23.0,
        23.5,
        24.0,
        24.5,
        25.0,
        25.5,
        26.0,
        26.5,
        27.0,
        27.5,
        28.0,
        28.5,
        29.0,
        29.5,
        30.0,
        30.5
    ],
    "bandwidths": [
        0.1,
        1.149888,
        3.448032,
        6.755328,
        8.514528,
        12.642784,
        13.651392,
        18.577152,
        19.46848,
        23.878208,
        26.411456,
        27.983008,
        33.588992,
        31.923616,
        39.40608,
        38.46784,
        43.792352,
        45.38736,
        47.779872,
        52.42416,
        52.142688,
        58.006688,
        58.264704,
        63.425024,
        64.457088,
        67.55328,
        70.555648,
        72.783968,
        76.372736,
        77.662816,
        81.39232,
        83.221888,
        86.31808,
        88.734048,
        91.384576,
        93.870912,
        96.099232,
        97.483136,
        97.45968,
        97.483136,
        97.45968,
        56.224032,
        54.722848,
        62.205312,
        60.821408,
        66.427392,
        67.436,
        70.368,
        73.980224,
        75.715968,
        79.328192,
        81.345408,
        84.20704,
        86.716832,
        89.695744,
        91.736416,
        94.29312,
        95.888128,
        97.060928,
        97.436224,
        97.483136,
        10.484832
    ],
    "delays": [
        32.755
    ],
    "loss": 0,
    "queue": 10,
    "delay_noise": 0
}