{
    "timestamps": [
        0.0,
        0.5,
        1.0,
        1.5,
        2.0,
        2.5,
        3.0,
        3.5,
        4.0,
        4.5,
        5.0,
        5.5,
        6.0,
        6.5,
        7.0,
        7.5,
        8.0,
        8.5,
        9.0,
        9.5,
        10.0,
        10.5,
        11.0,
        11.5,
        12.0,
        12.5,
        13.0,
        13.5,
        14.0,
        14.5,
        15.0,
        15.5,
        16.0,
        16.5,
        17.0,
        17.5,
        18.0,
        18.5,
        19.0,
        19.5,
        20.0,
        20.5,
        21.0,
        21.5,
        22.0,
        22.5,
        23.0,
        23.5,
        24.0,
        24.5,
        25.0,
        25.5,
        26.0,
        26.5,
        27.0,
        27.5,
        28.0,
        28.5,
        29.0,
        29.5,
        30.0,
        30.5
    ],
    "bandwidths": [
        0.1,
        1.126432,
        3.471488,
        6.755328,
        8.491072,
        12.619328,
        13.627936,
        18.577152,
        19.679584,
        23.69056,
        27.068224,
        27.396608,
        33.588992,
        32.72112,
        38.81968,
        39.851744,
        42.713376,
        47.709504,
        46.841632,
        53.620416,
        52.916736,
        57.654848,
        60.328832,
        61.830016,
        66.685408,
        67.389088,
        72.221024,
        72.94816,
        76.46656,
        79.914592,
        81.556512,
        85.332928,
        87.350144,
        89.906848,
        92.791936,
        94.738784,
        97.178208,
        97.389312,
        97.483136,
        97.45968,
        97.483136,
        97.506592,
        97.436224,
        97.483136,
        97.483136,
        97.483136,
        97.436224,
        97.483136,
        97.483136,
        97.45968,
        97.483136,
        97.483136,
        97.483136,
        97.45968,
        97.483136,
        97.436224,
        97.45968,
        97.483136,
        97.483136,
        97.483136,
        97.483136,
        14.261248
    ],
    "delays": [
        32.711999999999996
    ],
    "loss": 0,
    "queue": 10,
    "delay_noise": 0
}