{
    "timestamps": [
        0.0,
        0.5,
        1.0,
        1.5,
        2.0,
        2.5,
        3.0,
        3.5,
        4.0,
        4.5,
        5.0,
        5.5,
        6.0,
        6.5,
        7.0,
        7.5,
        8.0,
        8.5,
        9.0,
        9.5,
        10.0,
        10.5,
        11.0,
        11.5,
        12.0,
        12.5,
        13.0,
        13.5,
        14.0,
        14.5,
        15.0,
        15.5,
        16.0,
        16.5,
        17.0,
        17.5,
        18.0,
        18.5,
        19.0,
        19.5,
        20.0,
        20.5,
        21.0,
        21.5,
        22.0,
        22.5,
        23.0,
        23.5,
        24.0,
        24.5,
        25.0,
        25.5,
        26.0,
        26.5,
        27.0,
        27.5,
        28.0,
        28.5,
        29.0,
        29.5,
        30.0,
        30.5
    ],
    "bandwidths": [
        0.1,
        1.149888,
        3.448032,
        6.755328,
        8.491072,
        12.642784,
        14.214336,
        18.014208,
        21.767168,
        21.626432,
        27.67808,
        27.279328,
        33.143328,
        34.667968,
        36.896288,
        42.384992,
        40.743072,
        48.131712,
        47.521856,
        52.119232,
        54.88704,
        56.083296,
        62.181856,
        61.196704,
        67.342176,
        67.389088,
        71.165504,
        74.730816,
        75.903616,
        80.68864,
        81.767616,
        84.55888,
        86.576096,
        88.499488,
        92.604288,
        93.70672,
        95.419008,
        96.1696,
        97.45968,
        97.483136,
        97.436224,
        97.45968,
        97.436224,
        97.483136,
        97.483136,
        97.483136,
        97.436224,
        97.483136,
        97.483136,
        97.45968,
        97.483136,
        97.45968,
        97.483136,
        97.45968,
        97.483136,
        97.483136,
        97.45968,
        97.483136,
        97.483136,
        97.436224,
        97.45968,
        13.95632
    ],
    "delays": [
        32.697
    ],
    "loss": 0,
    "queue": 10,
    "delay_noise": 0
}