{
    "timestamps": [
        0.0,
        0.5,
        1.0,
        1.5,
        2.0,
        2.5,
        3.0,
        3.5,
        4.0,
        4.5,
        5.0,
        5.5,
        6.0,
        6.5,
        7.0,
        7.5,
        8.0,
        8.5,
        9.0,
        9.5,
        10.0,
        10.5,
        11.0,
        11.5,
        12.0,
        12.5,
        13.0,
        13.5,
        14.0,
        14.5,
        15.0,
        15.5,
        16.0,
        16.5,
        17.0,
        17.5,
        18.0,
        18.5,
        19.0,
        19.5,
        20.0,
        20.5,
        21.0,
        21.5,
        22.0,
        22.5,
        23.0,
        23.5,
        24.0,
        24.5,
        25.0,
        25.5,
        26.0,
        26.5,
        27.0,
        27.5,
        28.0,
        28.5,
        29.0,
        29.5,
        30.0
    ],
    "bandwidths": [
        0.1,
        0.278624,
        50.249536,
        35.345904,
        15.129712,
        6.933008,
        35.916928,
        30.113024,
        31.017504,
        39.77344,
        46.176912,
        25.264736,
        53.087728,
        85.043616,
        97.39632,
        94.68144,
        97.373696,
        97.418944,
        97.39632,
        97.351072,
        97.373696,
        84.930496,
        97.373696,
        97.39632,
        97.373696,
        97.39632,
        97.373696,
        97.39632,
        97.39632,
        97.305824,
        97.373696,
        97.418944,
        97.39632,
        70.381744,
        97.373696,
        97.39632,
        97.39632,
        97.328448,
        97.39632,
        97.373696,
        97.39632,
        53.45768,
        97.373696,
        97.418944,
        97.373696,
        97.39632,
        97.39632,
        97.373696,
        97.39632,
        97.351072,
        97.351072,
        97.39632,
        97.39632,
        97.373696,
        97.39632,
        64.566256,
        86.808288,
        97.418944,
        35.788816,
        96.627104,
        84.297024
    ],
    "delays": [
        32.6545
    ],
    "loss": 0,
    "queue": 10,
    "delay_noise": 0
}