{
    "timestamps": [
        0.0,
        0.5,
        1.0,
        1.5,
        2.0,
        2.5,
        3.0,
        3.5,
        4.0,
        4.5,
        5.0,
        5.5,
        6.0,
        6.5,
        7.0,
        7.5,
        8.0,
        8.5,
        9.0,
        9.5,
        10.0,
        10.5,
        11.0,
        11.5,
        12.0,
        12.5,
        13.0,
        13.5,
        14.0,
        14.5,
        15.0,
        15.5,
        16.0,
        16.5,
        17.0,
        17.5,
        18.0,
        18.5,
        19.0,
        19.5,
        20.0,
        20.5,
        21.0,
        21.5,
        22.0,
        22.5,
        23.0,
        23.5,
        24.0,
        24.5,
        25.0,
        25.5,
        26.0,
        26.5,
        27.0,
        27.5,
        28.0,
        28.5,
        29.0,
        29.5,
        30.0
    ],
    "bandwidths": [
        0.1,
        0.1,
        0.1,
        0.278624,
        24.210848,
        54.443808,
        18.315792,
        10.683872,
        14.27072,
        47.557728,
        15.022336,
        55.700352,
        30.5424,
        39.630592,
        53.427568,
        69.274688,
        97.373696,
        94.90768,
        97.39632,
        97.328448,
        97.39632,
        97.351072,
        97.418944,
        85.51872,
        97.39632,
        97.305824,
        97.418944,
        97.39632,
        97.373696,
        97.39632,
        97.373696,
        97.373696,
        97.373696,
        97.418944,
        97.39632,
        70.065008,
        97.373696,
        97.373696,
        97.418944,
        97.373696,
        97.39632,
        97.373696,
        97.39632,
        97.328448,
        97.39632,
        97.39632,
        97.373696,
        84.045328,
        66.96704,
        97.373696,
        97.418944,
        97.373696,
        97.39632,
        97.39632,
        97.373696,
        97.351072,
        97.373696,
        97.351072,
        67.399408,
        76.084512,
        50.994496
    ],
    "delays": [
        32.6125
    ],
    "loss": 0,
    "queue": 10,
    "delay_noise": 0
}