{
    "timestamps": [
        0.0,
        0.5,
        1.0,
        1.5,
        2.0,
        2.5,
        3.0,
        3.5,
        4.0,
        4.5,
        5.0,
        5.5,
        6.0,
        6.5,
        7.0,
        7.5,
        8.0,
        8.5,
        9.0,
        9.5,
        10.0,
        10.5,
        11.0,
        11.5,
        12.0,
        12.5,
        13.0,
        13.5,
        14.0,
        14.5,
        15.0,
        15.5,
        16.0,
        16.5,
        17.0,
        17.5,
        18.0,
        18.5,
        19.0,
        19.5,
        20.0,
        20.5,
        21.0,
        21.5,
        22.0,
        22.5,
        23.0,
        23.5,
        24.0,
        24.5,
        25.0,
        25.5,
        26.0,
        26.5,
        27.0,
        27.5,
        28.0,
        28.5,
        29.0,
        29.5,
        30.0
    ],
    "bandwidths": [
        0.1,
        0.278624,
        50.475776,
        35.232592,
        14.926384,
        7.0232,
        36.3232,
        29.977856,
        31.831968,
        38.819984,
        46.49224,
        25.67104,
        52.046736,
        86.468928,
        97.373696,
        94.590944,
        97.351072,
        97.373696,
        97.418944,
        97.373696,
        97.39632,
        84.907872,
        97.418944,
        97.39632,
        97.373696,
        97.39632,
        97.373696,
        97.373696,
        97.373696,
        97.418944,
        97.305824,
        97.418944,
        97.39632,
        58.89128,
        96.26512,
        97.39632,
        97.373696,
        97.373696,
        97.373696,
        76.62384,
        76.378624,
        97.39632,
        97.373696,
        97.373696,
        97.373696,
        97.418944,
        97.328448,
        97.373696,
        97.418944,
        97.373696,
        97.39632,
        97.373696,
        97.373696,
        82.912592,
        69.45568,
        97.418944,
        97.373696,
        97.39632,
        38.34432,
        94.68144,
        84.229152
    ],
    "delays": [
        32.6325
    ],
    "loss": 0,
    "queue": 10,
    "delay_noise": 0
}