{
    "timestamps": [
        0.0,
        0.5,
        1.0,
        1.5,
        2.0,
        2.5,
        3.0,
        3.5,
        4.0,
        4.5,
        5.0,
        5.5,
        6.0,
        6.5,
        7.0,
        7.5,
        8.0,
        8.5,
        9.0,
        9.5,
        10.0,
        10.5,
        11.0,
        11.5,
        12.0,
        12.5,
        13.0,
        13.5,
        14.0,
        14.5,
        15.0,
        15.5,
        16.0,
        16.5,
        17.0,
        17.5,
        18.0,
        18.5,
        19.0,
        19.5,
        20.0,
        20.5,
        21.0,
        21.5,
        22.0,
        22.5,
        23.0,
        23.5,
        24.0,
        24.5,
        25.0,
        25.5,
        26.0,
        26.5,
        27.0,
        27.5,
        28.0,
        28.5,
        29.0,
        29.5,
        30.0,
        30.5
    ],
    "bandwidths": [
        0.1,
        3.578944,
        6.072,
        6.984,
        5.712,
        5.328,
        8.568,
        8.4,
        6.528,
        5.064,
        4.92,
        8.64,
        8.568,
        8.736,
        9.408,
        8.28,
        9.288,
        8.664,
        8.856,
        8.328,
        8.4,
        5.952,
        7.392,
        8.256,
        5.28,
        6.936,
        9.024,
        9.336,
        8.712,
        8.616,
        7.968,
        9.528,
        8.76,
        8.496,
        8.712,
        9.408,
        9.264,
        9.144,
        8.664,
        8.712,
        9.264,
        6.768,
        3.504,
        9.336,
        9.984,
        8.808,
        9.312,
        8.736,
        9.192,
        9.36,
        9.504,
        9.432,
        9.672,
        9.144,
        9.288,
        9.384,
        9.264,
        9.336,
        7.824,
        8.856,
        8.064,
        0.192
    ],
    "delays": [
        29.214499999999997
    ],
    "loss": 0,
    "queue": 10,
    "delay_noise": 0
}