{
    "timestamps": [
        0.0,
        0.5,
        1.0,
        1.5,
        2.0,
        2.5,
        3.0,
        3.5,
        4.0,
        4.5,
        5.0,
        5.5,
        6.0,
        6.5,
        7.0,
        7.5,
        8.0,
        8.5,
        9.0,
        9.5,
        10.0,
        10.5,
        11.0,
        11.5,
        12.0,
        12.5,
        13.0,
        13.5,
        14.0,
        14.5,
        15.0,
        15.5,
        16.0,
        16.5,
        17.0,
        17.5,
        18.0,
        18.5,
        19.0,
        19.5,
        20.0,
        20.5,
        21.0,
        21.5,
        22.0,
        22.5,
        23.0,
        23.5,
        24.0,
        24.5,
        25.0,
        25.5,
        26.0,
        26.5,
        27.0,
        27.5,
        28.0,
        28.5,
        29.0,
        29.5,
        30.0,
        30.5
    ],
    "bandwidths": [
        0.1,
        0.775392,
        2.720896,
        4.620832,
        5.207232,
        6.80224,
        8.420704,
        7.951584,
        7.38864,
        8.537984,
        7.38864,
        8.44416,
        7.529376,
        7.951584,
        8.537984,
        8.67872,
        9.100928,
        6.755328,
        6.942976,
        7.482464,
        8.350336,
        9.523136,
        9.077472,
        9.171296,
        9.241664,
        8.608352,
        8.56144,
        8.936736,
        8.655264,
        8.772544,
        9.546592,
        8.56144,
        0.844416,
        0.1,
        0.727136,
        3.119648,
        4.292448,
        6.051648,
        7.27136,
        8.608352,
        9.14784,
        8.655264,
        8.537984,
        8.655264,
        7.74048,
        8.655264,
        8.960192,
        9.124384,
        8.702176,
        8.233056,
        8.936736,
        8.936736,
        8.584896,
        9.194752,
        8.584896,
        9.804608,
        8.021952,
        9.124384,
        9.14784,
        8.32688,
        8.866368,
        0.304928
    ],
    "delays": [
        31.206
    ],
    "loss": 0,
    "queue": 10,
    "delay_noise": 0
}