{
    "timestamps": [
        0.0,
        0.5,
        1.0,
        1.5,
        2.0,
        2.5,
        3.0,
        3.5,
        4.0,
        4.5,
        5.0,
        5.5,
        6.0,
        6.5,
        7.0,
        7.5,
        8.0,
        8.5,
        9.0,
        9.5,
        10.0,
        10.5,
        11.0,
        11.5,
        12.0,
        12.5,
        13.0,
        13.5,
        14.0,
        14.5,
        15.0,
        15.5,
        16.0,
        16.5,
        17.0,
        17.5,
        18.0,
        18.5,
        19.0,
        19.5,
        20.0,
        20.5,
        21.0,
        21.5,
        22.0,
        22.5,
        23.0,
        23.5,
        24.0,
        24.5,
        25.0,
        25.5,
        26.0,
        26.5,
        27.0,
        27.5,
        28.0,
        28.5,
        29.0,
        29.5,
        30.0
    ],
    "bandwidths": [
        0.1,
        0.751936,
        2.415968,
        4.081344,
        5.676352,
        6.426944,
        5.418336,
        5.16032,
        6.09856,
        5.371424,
        8.514528,
        9.593504,
        8.796,
        7.060256,
        6.145472,
        8.91328,
        8.420704,
        7.318272,
        5.699808,
        9.007104,
        6.942976,
        8.91328,
        5.957824,
        6.591136,
        8.725632,
        8.91328,
        4.761568,
        5.927136,
        4.855392,
        6.661504,
        6.380032,
        5.817088,
        5.699808,
        7.294816,
        9.405856,
        7.834304,
        4.878848,
        5.817088,
        3.799872,
        3.32592,
        4.785024,
        4.738112,
        5.16032,
        7.27136,
        5.934368,
        8.397248,
        6.849152,
        7.998496,
        6.591136,
        6.966432,
        8.09232,
        8.303424,
        8.514528,
        8.749088,
        7.881216,
        8.960192,
        7.552832,
        8.67872,
        7.599744,
        7.834304,
        8.514528
    ],
    "delays": [
        33.6535
    ],
    "loss": 0,
    "queue": 10,
    "delay_noise": 0
}