{
    "timestamps": [
        0.0,
        0.5,
        1.0,
        1.5,
        2.0,
        2.5,
        3.0,
        3.5,
        4.0,
        4.5,
        5.0,
        5.5,
        6.0,
        6.5,
        7.0,
        7.5,
        8.0,
        8.5,
        9.0,
        9.5,
        10.0,
        10.5,
        11.0,
        11.5,
        12.0,
        12.5,
        13.0,
        13.5,
        14.0,
        14.5,
        15.0,
        15.5,
        16.0,
        16.5,
        17.0,
        17.5,
        18.0,
        18.5,
        19.0,
        19.5,
        20.0,
        20.5,
        21.0,
        21.5,
        22.0,
        22.5,
        23.0,
        23.5,
        24.0,
        24.5,
        25.0,
        25.5,
        26.0,
        26.5,
        27.0,
        27.5,
        28.0,
        28.5,
        29.0,
        29.5,
        30.0
    ],
    "bandwidths": [
        0.1,
        0.399296,
        1.7592,
        3.40112,
        4.503552,
        5.39488,
        6.91952,
        8.303424,
        7.928128,
        9.100928,
        8.350336,
        4.922432,
        6.004736,
        8.373792,
        8.702176,
        8.139232,
        9.335488,
        8.256512,
        8.32688,
        7.74048,
        8.702176,
        7.74048,
        8.514528,
        7.130624,
        7.74048,
        5.910912,
        5.418336,
        6.661504,
        4.550464,
        4.571936,
        5.62944,
        4.550464,
        6.09856,
        4.855392,
        6.239296,
        8.373792,
        4.57392,
        5.230688,
        5.113408,
        4.57392,
        8.045408,
        8.115776,
        4.503552,
        5.441792,
        5.465248,
        6.426944,
        8.467616,
        9.14784,
        9.077472,
        9.054016,
        9.49968,
        8.960192,
        9.710784,
        8.960192,
        8.796,
        9.3824,
        7.599744,
        5.864,
        5.582528,
        5.136864,
        7.412096
    ],
    "delays": [
        31.5835
    ],
    "loss": 0,
    "queue": 10,
    "delay_noise": 0
}