{
    "timestamps": [
        0.0,
        0.5,
        1.0,
        1.5,
        2.0,
        2.5,
        3.0,
        3.5,
        4.0,
        4.5,
        5.0,
        5.5,
        6.0,
        6.5,
        7.0,
        7.5,
        8.0,
        8.5,
        9.0,
        9.5,
        10.0,
        10.5,
        11.0,
        11.5,
        12.0,
        12.5,
        13.0,
        13.5,
        14.0,
        14.5,
        15.0,
        15.5,
        16.0,
        16.5,
        17.0,
        17.5,
        18.0,
        18.5,
        19.0,
        19.5,
        20.0,
        20.5,
        21.0,
        21.5,
        22.0,
        22.5,
        23.0,
        23.5,
        24.0,
        24.5,
        25.0,
        25.5,
        26.0,
        26.5,
        27.0,
        27.5,
        28.0,
        28.5,
        29.0,
        29.5,
        30.0
    ],
    "bandwidths": [
        0.1,
        0.278624,
        6.811456,
        8.642368,
        9.072224,
        7.01344,
        9.321088,
        9.637824,
        9.547328,
        9.253216,
        9.072224,
        8.59712,
        7.646912,
        6.063232,
        7.850528,
        9.411584,
        8.664992,
        8.325632,
        9.253216,
        9.6152,
        9.50208,
        8.14464,
        9.547328,
        9.456832,
        9.592576,
        10.203424,
        7.827904,
        9.547328,
        9.117472,
        8.37088,
        9.230592,
        5.701248,
        6.651168,
        9.50208,
        9.230592,
        9.253216,
        9.38896,
        9.230592,
        9.796192,
        8.732576,
        9.117472,
        8.891232,
        9.117472,
        8.416128,
        8.189888,
        9.094848,
        7.036064,
        8.755488,
        9.592576,
        9.456832,
        9.434208,
        8.891232,
        9.54704,
        9.298464,
        9.38896,
        9.072224,
        9.343712,
        9.27584,
        9.343712,
        9.434208,
        6.402592
    ],
    "delays": [
        30.543
    ],
    "loss": 0,
    "queue": 10,
    "delay_noise": 0
}