{
    "timestamps": [
        0.0,
        0.5,
        1.0,
        1.5,
        2.0,
        2.5,
        3.0,
        3.5,
        4.0,
        4.5,
        5.0,
        5.5,
        6.0,
        6.5,
        7.0,
        7.5,
        8.0,
        8.5,
        9.0,
        9.5,
        10.0,
        10.5,
        11.0,
        11.5,
        12.0,
        12.5,
        13.0,
        13.5,
        14.0,
        14.5,
        15.0,
        15.5,
        16.0,
        16.5,
        17.0,
        17.5,
        18.0,
        18.5,
        19.0,
        19.5,
        20.0,
        20.5,
        21.0,
        21.5,
        22.0,
        22.5,
        23.0,
        23.5,
        24.0,
        24.5,
        25.0,
        25.5,
        26.0,
        26.5,
        27.0,
        27.5,
        28.0,
        28.5,
        29.0,
        29.5,
        30.0
    ],
    "bandwidths": [
        0.1,
        0.278624,
        7.784288,
        9.094848,
        8.778112,
        8.93648,
        9.026976,
        8.71024,
        8.59712,
        7.511168,
        9.343712,
        8.235136,
        8.687616,
        8.890944,
        8.959104,
        9.253216,
        7.9184,
        8.280096,
        9.230592,
        7.149184,
        8.596832,
        6.741952,
        7.420672,
        8.25776,
        8.14464,
        8.484,
        8.981728,
        8.93648,
        9.140096,
        8.03056,
        8.93648,
        9.750944,
        8.619744,
        8.845984,
        8.416128,
        8.347968,
        7.284928,
        6.67408,
        8.664992,
        7.827904,
        7.782656,
        6.44784,
        7.760032,
        6.855072,
        6.741952,
        7.488544,
        7.760032,
        8.054144,
        8.732864,
        7.624288,
        9.004064,
        7.01344,
        8.574208,
        8.37088,
        7.941024,
        8.189888,
        8.574496,
        7.12656,
        8.189888,
        5.226144,
        3.574592
    ],
    "delays": [
        31.192999999999998
    ],
    "loss": 0,
    "queue": 10,
    "delay_noise": 0
}