{
    "timestamps": [
        0.0,
        0.5,
        1.0,
        1.5,
        2.0,
        2.5,
        3.0,
        3.5,
        4.0,
        4.5,
        5.0,
        5.5,
        6.0,
        6.5,
        7.0,
        7.5,
        8.0,
        8.5,
        9.0,
        9.5,
        10.0,
        10.5,
        11.0,
        11.5,
        12.0,
        12.5,
        13.0,
        13.5,
        14.0,
        14.5,
        15.0,
        15.5,
        16.0,
        16.5,
        17.0,
        17.5,
        18.0,
        18.5,
        19.0,
        19.5,
        20.0,
        20.5,
        21.0,
        21.5,
        22.0,
        22.5,
        23.0,
        23.5,
        24.0,
        24.5,
        25.0,
        25.5,
        26.0,
        26.5,
        27.0,
        27.5,
        28.0,
        28.5,
        29.0,
        29.5,
        30.0
    ],
    "bandwidths": [
        0.1,
        0.278624,
        6.539968,
        8.099392,
        8.664992,
        5.588128,
        4.86416,
        4.615296,
        4.773664,
        4.389056,
        5.158272,
        4.547424,
        4.728416,
        5.294016,
        5.067776,
        5.384512,
        5.678624,
        5.99536,
        5.361888,
        7.284928,
        5.701248,
        7.284928,
        7.873152,
        6.2216,
        8.981728,
        8.959104,
        6.809824,
        4.773184,
        5.044864,
        5.067776,
        4.660544,
        4.660544,
        4.343808,
        4.502176,
        7.284928,
        8.551872,
        8.25776,
        5.972736,
        5.565504,
        6.040608,
        8.551872,
        8.981728,
        8.529248,
        8.868608,
        6.244224,
        4.456928,
        4.52648,
        4.094608,
        4.841104,
        7.262304,
        9.637824,
        9.524704,
        9.547328,
        9.571728,
        9.72832,
        9.117472,
        9.818816,
        6.515712,
        4.909408,
        8.438752,
        6.470464
    ],
    "delays": [
        29.141
    ],
    "loss": 0,
    "queue": 10,
    "delay_noise": 0
}