{
    "timestamps": [
        0.0,
        0.5,
        1.0,
        1.5,
        2.0,
        2.5,
        3.0,
        3.5,
        4.0,
        4.5,
        5.0,
        5.5,
        6.0,
        6.5,
        7.0,
        7.5,
        8.0,
        8.5,
        9.0,
        9.5,
        10.0,
        10.5,
        11.0,
        11.5,
        12.0,
        12.5,
        13.0,
        13.5,
        14.0,
        14.5,
        15.0,
        15.5,
        16.0,
        16.5,
        17.0,
        17.5,
        18.0,
        18.5,
        19.0,
        19.5,
        20.0,
        20.5,
        21.0,
        21.5,
        22.0,
        22.5,
        23.0,
        23.5,
        24.0,
        24.5,
        25.0,
        25.5,
        26.0,
        26.5,
        27.0,
        27.5,
        28.0,
        28.5,
        29.0,
        29.5,
        30.0
    ],
    "bandwidths": [
        0.1,
        1.802944,
        3.336,
        4.176,
        4.872,
        4.872,
        4.8,
        4.536,
        4.656,
        5.28,
        4.896,
        5.184,
        5.232,
        5.424,
        5.016,
        4.92,
        5.088,
        3.672,
        3.504,
        3.768,
        3.72,
        3.672,
        4.248,
        4.128,
        4.392,
        3.864,
        3.936,
        3.768,
        4.056,
        4.224,
        4.248,
        4.224,
        4.824,
        4.464,
        4.632,
        4.224,
        4.368,
        4.728,
        4.752,
        4.536,
        4.68,
        4.704,
        4.656,
        4.68,
        4.872,
        4.944,
        4.608,
        4.752,
        4.464,
        4.416,
        4.008,
        3.768,
        3.672,
        3.72,
        3.456,
        3.456,
        3.528,
        3.792,
        3.816,
        3.096,
        3.288
    ],
    "delays": [
        29.835500000000003
    ],
    "loss": 0,
    "queue": 10,
    "delay_noise": 0
}