{
    "timestamps": [
        0.0,
        0.5,
        1.0,
        1.5,
        2.0,
        2.5,
        3.0,
        3.5,
        4.0,
        4.5,
        5.0,
        5.5,
        6.0,
        6.5,
        7.0,
        7.5,
        8.0,
        8.5,
        9.0,
        9.5,
        10.0,
        10.5,
        11.0,
        11.5,
        12.0,
        12.5,
        13.0,
        13.5,
        14.0,
        14.5,
        15.0,
        15.5,
        16.0,
        16.5,
        17.0,
        17.5,
        18.0,
        18.5,
        19.0,
        19.5,
        20.0,
        20.5,
        21.0,
        21.5,
        22.0,
        22.5,
        23.0,
        23.5,
        24.0,
        24.5,
        25.0,
        25.5,
        26.0,
        26.5,
        27.0,
        27.5,
        28.0,
        28.5,
        29.0,
        29.5,
        30.0,
        30.5
    ],
    "bandwidths": [
        0.1,
        2.258944,
        3.6,
        4.104,
        7.392,
        6.264,
        6.936,
        8.04,
        8.088,
        7.704,
        7.872,
        8.304,
        8.232,
        4.56,
        4.128,
        4.296,
        4.512,
        4.512,
        4.296,
        4.848,
        5.448,
        5.424,
        5.328,
        5.664,
        5.568,
        5.568,
        5.4,
        5.64,
        5.424,
        5.472,
        5.424,
        5.088,
        4.824,
        4.152,
        3.84,
        4.176,
        4.44,
        3.456,
        4.176,
        4.344,
        4.104,
        4.704,
        5.256,
        5.088,
        4.776,
        4.32,
        4.152,
        4.872,
        4.824,
        5.016,
        5.088,
        5.136,
        4.56,
        4.008,
        4.872,
        4.272,
        4.176,
        4.56,
        4.416,
        4.152,
        3.96,
        0.12
    ],
    "delays": [
        30.685499999999998
    ],
    "loss": 0,
    "queue": 10,
    "delay_noise": 0
}