{
    "timestamps": [
        0.0,
        0.5,
        1.0,
        1.5,
        2.0,
        2.5,
        3.0,
        3.5,
        4.0,
        4.5,
        5.0,
        5.5,
        6.0,
        6.5,
        7.0,
        7.5,
        8.0,
        8.5,
        9.0,
        9.5,
        10.0,
        10.5,
        11.0,
        11.5,
        12.0,
        12.5,
        13.0,
        13.5,
        14.0,
        14.5,
        15.0,
        15.5,
        16.0,
        16.5,
        17.0,
        17.5,
        18.0,
        18.5,
        19.0,
        19.5,
        20.0,
        20.5,
        21.0,
        21.5,
        22.0,
        22.5,
        23.0,
        23.5,
        24.0,
        24.5,
        25.0,
        25.5,
        26.0,
        26.5,
        27.0,
        27.5,
        28.0,
        28.5,
        29.0,
        29.5,
        30.0,
        30.5
    ],
    "bandwidths": [
        0.1,
        0.1,
        2.673184,
        6.942976,
        9.03056,
        14.355072,
        12.947712,
        11.469984,
        9.804608,
        14.918016,
        18.154944,
        15.293312,
        16.677216,
        13.674848,
        17.732736,
        23.127616,
        22.072096,
        8.537984,
        12.947712,
        16.911776,
        23.033792,
        15.738976,
        25.027552,
        26.763296,
        19.280832,
        17.545088,
        27.255872,
        29.155808,
        20.265984,
        12.971168,
        13.416832,
        8.286464,
        6.544224,
        4.773856,
        9.781152,
        12.78352,
        5.230688,
        5.465248,
        10.766304,
        11.728,
        10.953952,
        11.728,
        20.078336,
        18.694432,
        9.171296,
        15.035296,
        15.269856,
        18.483328,
        18.694432,
        23.197984,
        17.638912,
        20.101792,
        16.06736,
        13.651392,
        20.05488,
        20.453632,
        15.340224,
        7.114496,
        15.809344,
        17.24016,
        20.28944,
        1.05552
    ],
    "delays": [
        14.6525
    ],
    "loss": 0,
    "queue": 10,
    "delay_noise": 0
}