{
    "timestamps": [
        0.0,
        0.5,
        1.0,
        1.5,
        2.0,
        2.5,
        3.0,
        3.5,
        4.0,
        4.5,
        5.0,
        5.5,
        6.0,
        6.5,
        7.0,
        7.5,
        8.0,
        8.5,
        9.0,
        9.5,
        10.0,
        10.5,
        11.0,
        11.5,
        12.0,
        12.5,
        13.0,
        13.5,
        14.0,
        14.5,
        15.0,
        15.5,
        16.0,
        16.5,
        17.0,
        17.5,
        18.0,
        18.5,
        19.0,
        19.5,
        20.0,
        20.5,
        21.0,
        21.5,
        22.0,
        22.5,
        23.0,
        23.5,
        24.0,
        24.5,
        25.0,
        25.5,
        26.0,
        26.5,
        27.0,
        27.5,
        28.0,
        28.5,
        29.0,
        29.5,
        30.0,
        30.5
    ],
    "bandwidths": [
        0.1,
        0.447008,
        2.978912,
        7.27136,
        9.73424,
        10.32064,
        14.77728,
        14.77728,
        13.792128,
        13.932864,
        11.61072,
        21.954816,
        18.248768,
        18.553696,
        16.53648,
        23.315264,
        27.584256,
        20.87584,
        16.043904,
        12.830432,
        5.2776,
        9.03056,
        12.572416,
        11.25888,
        10.20336,
        6.4504,
        3.63568,
        5.548832,
        6.544224,
        12.619328,
        11.587264,
        13.979776,
        20.688192,
        17.47472,
        16.489568,
        13.13536,
        15.36368,
        11.37616,
        18.41296,
        18.7648,
        13.393376,
        18.389504,
        22.846144,
        20.265984,
        23.362176,
        19.421568,
        8.537984,
        10.392672,
        14.261248,
        7.97504,
        11.165056,
        10.977408,
        8.303424,
        9.194752,
        10.695936,
        11.915648,
        8.303424,
        6.09856,
        7.85776,
        7.107168,
        8.32688,
        0.211104
    ],
    "delays": [
        14.7355
    ],
    "loss": 0,
    "queue": 10,
    "delay_noise": 0
}