{
    "timestamps": [
        0.0,
        0.5,
        1.0,
        1.5,
        2.0,
        2.5,
        3.0,
        3.5,
        4.0,
        4.5,
        5.0,
        5.5,
        6.0,
        6.5,
        7.0,
        7.5,
        8.0,
        8.5,
        9.0,
        9.5,
        10.0,
        10.5,
        11.0,
        11.5,
        12.0,
        12.5,
        13.0,
        13.5,
        14.0,
        14.5,
        15.0,
        15.5,
        16.0,
        16.5,
        17.0,
        17.5,
        18.0,
        18.5,
        19.0,
        19.5,
        20.0,
        20.5,
        21.0,
        21.5,
        22.0,
        22.5,
        23.0,
        23.5,
        24.0,
        24.5,
        25.0,
        25.5,
        26.0,
        26.5,
        27.0,
        27.5,
        28.0,
        28.5,
        29.0,
        29.5,
        30.0
    ],
    "bandwidths": [
        0.1,
        0.278624,
        10.883824,
        15.452192,
        15.927296,
        13.12192,
        11.334624,
        12.89568,
        17.035872,
        10.882144,
        8.642368,
        7.963648,
        11.741856,
        15.587936,
        12.33008,
        21.062944,
        21.786912,
        21.967904,
        22.488256,
        22.691872,
        19.207776,
        20.406848,
        23.86832,
        26.945184,
        18.596928,
        17.397856,
        21.311808,
        24.185056,
        19.931744,
        11.017888,
        17.171616,
        22.804992,
        18.755296,
        23.890944,
        23.913568,
        23.07648,
        21.221312,
        18.55168,
        20.565216,
        22.28464,
        18.302816,
        20.47472,
        12.488448,
        9.185344,
        11.221504,
        15.452192,
        15.022336,
        16.787008,
        10.814272,
        20.791456,
        14.886592,
        14.524608,
        15.655808,
        13.076672,
        23.347968,
        21.130816,
        15.72368,
        9.750944,
        10.836896,
        13.370784,
        8.642368
    ],
    "delays": [
        14.5505
    ],
    "loss": 0,
    "queue": 10,
    "delay_noise": 0
}