{
    "timestamps": [
        0.0,
        0.5,
        1.0,
        1.5,
        2.0,
        2.5,
        3.0,
        3.5,
        4.0,
        4.5,
        5.0,
        5.5,
        6.0,
        6.5,
        7.0,
        7.5,
        8.0,
        8.5,
        9.0,
        9.5,
        10.0,
        10.5,
        11.0,
        11.5,
        12.0,
        12.5,
        13.0,
        13.5,
        14.0,
        14.5,
        15.0,
        15.5,
        16.0,
        16.5,
        17.0,
        17.5,
        18.0,
        18.5,
        19.0,
        19.5,
        20.0,
        20.5,
        21.0,
        21.5,
        22.0,
        22.5,
        23.0,
        23.5,
        24.0,
        24.5,
        25.0,
        25.5,
        26.0,
        26.5,
        27.0,
        27.5,
        28.0,
        28.5,
        29.0,
        29.5,
        30.0
    ],
    "bandwidths": [
        0.1,
        0.1,
        0.1,
        0.1,
        0.1,
        0.1,
        1.295264,
        5.746496,
        3.05424,
        3.913952,
        3.16736,
        3.755584,
        5.20352,
        2.443392,
        3.50672,
        2.71488,
        6.289472,
        4.683168,
        6.266848,
        3.325728,
        4.456928,
        6.425216,
        4.886784,
        4.07232,
        6.583584,
        4.615072,
        6.085856,
        4.343808,
        5.88224,
        6.312096,
        6.289472,
        3.235232,
        4.999904,
        5.158272,
        7.126272,
        6.834224,
        4.63792,
        6.493088,
        3.61984,
        8.099392,
        6.696704,
        10.316544,
        10.63328,
        7.511168,
        9.230592,
        4.275936,
        6.153728,
        11.379872,
        10.29392,
        9.456832,
        6.44784,
        7.760032,
        7.103648,
        2.398144,
        5.701248,
        4.049696,
        5.294016,
        4.230688,
        5.20352,
        6.176352,
        2.37552
    ],
    "delays": [
        14.606000000000002
    ],
    "loss": 0,
    "queue": 10,
    "delay_noise": 0
}