{
    "timestamps": [
        0.0,
        0.5,
        1.0,
        1.5,
        2.0,
        2.5,
        3.0,
        3.5,
        4.0,
        4.5,
        5.0,
        5.5,
        6.0,
        6.5,
        7.0,
        7.5,
        8.0,
        8.5,
        9.0,
        9.5,
        10.0,
        10.5,
        11.0,
        11.5,
        12.0,
        12.5,
        13.0,
        13.5,
        14.0,
        14.5,
        15.0,
        15.5,
        16.0,
        16.5,
        17.0,
        17.5,
        18.0,
        18.5,
        19.0,
        19.5,
        20.0,
        20.5,
        21.0,
        21.5,
        22.0,
        22.5,
        23.0,
        23.5,
        24.0,
        24.5,
        25.0,
        25.5,
        26.0,
        26.5,
        27.0,
        27.5,
        28.0,
        28.5,
        29.0,
        29.5,
        30.0
    ],
    "bandwidths": [
        0.1,
        0.278624,
        9.933568,
        8.37088,
        13.438656,
        8.122016,
        7.488544,
        7.262304,
        5.113024,
        8.574496,
        6.606208,
        9.705696,
        10.542784,
        8.416128,
        8.732864,
        10.339168,
        3.05424,
        3.529344,
        6.108192,
        5.407136,
        4.705792,
        4.796288,
        5.475008,
        4.954656,
        6.922608,
        5.294016,
        3.303104,
        2.827712,
        3.778208,
        3.597216,
        2.579136,
        3.823456,
        4.117568,
        3.28048,
        3.484096,
        7.307552,
        8.348256,
        8.235136,
        4.230688,
        6.538336,
        7.624288,
        8.167264,
        10.112928,
        9.773568,
        14.162624,
        22.759744,
        19.818624,
        20.859328,
        19.162528,
        12.986176,
        16.198784,
        16.198784,
        17.510976,
        12.467504,
        15.61056,
        13.46128,
        10.881712,
        4.592672,
        6.44784,
        6.243936,
        2.918496
    ],
    "delays": [
        14.562000000000001
    ],
    "loss": 0,
    "queue": 10,
    "delay_noise": 0
}