{
    "timestamps": [
        0.0,
        0.5,
        1.0,
        1.5,
        2.0,
        2.5,
        3.0,
        3.5,
        4.0,
        4.5,
        5.0,
        5.5,
        6.0,
        6.5,
        7.0,
        7.5,
        8.0,
        8.5,
        9.0,
        9.5,
        10.0,
        10.5,
        11.0,
        11.5,
        12.0,
        12.5,
        13.0,
        13.5,
        14.0,
        14.5,
        15.0,
        15.5,
        16.0,
        16.5,
        17.0,
        17.5,
        18.0,
        18.5,
        19.0,
        19.5,
        20.0,
        20.5,
        21.0,
        21.5,
        22.0,
        22.5,
        23.0,
        23.5,
        24.0,
        24.5,
        25.0,
        25.5,
        26.0,
        26.5,
        27.0,
        27.5,
        28.0,
        28.5,
        29.0,
        29.5,
        30.0,
        30.5
    ],
    "bandwidths": [
        0.1,
        4.394944,
        13.8,
        9.648,
        7.752,
        8.448,
        6.912,
        6.072,
        4.224,
        3.672,
        3.696,
        3.312,
        2.568,
        2.952,
        3.12,
        2.688,
        3.744,
        3.504,
        3.312,
        3.504,
        3.648,
        3.792,
        4.056,
        2.832,
        2.352,
        2.304,
        2.76,
        3.096,
        3.576,
        3.672,
        3.192,
        2.904,
        2.616,
        2.808,
        2.76,
        2.472,
        2.664,
        2.496,
        2.352,
        2.424,
        2.592,
        2.736,
        2.472,
        1.992,
        1.368,
        1.416,
        1.632,
        1.992,
        2.424,
        2.352,
        2.064,
        1.536,
        1.776,
        1.752,
        1.944,
        1.704,
        1.776,
        1.896,
        2.112,
        2.352,
        2.52,
        0.1
    ],
    "delays": [
        14.621500000000001
    ],
    "loss": 0,
    "queue": 10,
    "delay_noise": 0
}