{
    "timestamps": [
        0.0,
        0.5,
        1.0,
        1.5,
        2.0,
        2.5,
        3.0,
        3.5,
        4.0,
        4.5,
        5.0,
        5.5,
        6.0,
        6.5,
        7.0,
        7.5,
        8.0,
        8.5,
        9.0,
        9.5,
        10.0,
        10.5,
        11.0,
        11.5,
        12.0,
        12.5,
        13.0,
        13.5,
        14.0,
        14.5,
        15.0,
        15.5,
        16.0,
        16.5,
        17.0,
        17.5,
        18.0,
        18.5,
        19.0,
        19.5,
        20.0,
        20.5,
        21.0,
        21.5,
        22.0,
        22.5,
        23.0,
        23.5,
        24.0,
        24.5,
        25.0,
        25.5,
        26.0,
        26.5,
        27.0,
        27.5,
        28.0,
        28.5,
        29.0,
        29.5,
        30.0,
        30.5
    ],
    "bandwidths": [
        0.1,
        1.970944,
        17.928,
        15.408,
        12.456,
        7.176,
        5.616,
        10.32,
        12.696,
        8.64,
        6.672,
        6.216,
        5.76,
        8.448,
        8.04,
        7.104,
        6.216,
        6.504,
        11.376,
        12.096,
        10.68,
        11.232,
        13.512,
        12.6,
        15.456,
        20.568,
        17.472,
        16.392,
        5.472,
        9.528,
        13.536,
        12.048,
        9.072,
        6.552,
        7.512,
        6.072,
        7.8,
        5.808,
        6.48,
        6.528,
        6.72,
        9.696,
        9.792,
        12.864,
        15.336,
        16.056,
        5.136,
        11.712,
        5.232,
        3.144,
        4.488,
        5.904,
        4.128,
        6.0,
        5.712,
        4.896,
        4.032,
        4.824,
        6.984,
        5.736,
        6.72,
        0.288
    ],
    "delays": [
        17.494999999999997
    ],
    "loss": 0,
    "queue": 10,
    "delay_noise": 0
}