{
    "timestamps": [
        0.0,
        0.5,
        1.0,
        1.5,
        2.0,
        2.5,
        3.0,
        3.5,
        4.0,
        4.5,
        5.0,
        5.5,
        6.0,
        6.5,
        7.0,
        7.5,
        8.0,
        8.5,
        9.0,
        9.5,
        10.0,
        10.5,
        11.0,
        11.5,
        12.0,
        12.5,
        13.0,
        13.5,
        14.0,
        14.5,
        15.0,
        15.5,
        16.0,
        16.5,
        17.0,
        17.5,
        18.0,
        18.5,
        19.0,
        19.5,
        20.0,
        20.5,
        21.0,
        21.5,
        22.0,
        22.5,
        23.0,
        23.5,
        24.0,
        24.5,
        25.0,
        25.5,
        26.0,
        26.5,
        27.0,
        27.5,
        28.0,
        28.5,
        29.0,
        29.5,
        30.0,
        30.5
    ],
    "bandwidths": [
        0.1,
        6.074944,
        8.232,
        8.808,
        7.296,
        7.152,
        7.944,
        2.976,
        4.656,
        5.4,
        7.92,
        8.328,
        5.64,
        9.72,
        8.472,
        10.992,
        5.28,
        8.448,
        6.768,
        7.824,
        6.672,
        7.872,
        9.168,
        8.496,
        6.456,
        9.984,
        12.624,
        5.568,
        9.264,
        8.712,
        5.736,
        2.736,
        4.656,
        9.912,
        5.568,
        6.36,
        8.688,
        4.008,
        3.096,
        3.696,
        5.256,
        2.808,
        2.76,
        3.984,
        2.904,
        3.888,
        4.8,
        5.568,
        4.536,
        8.4,
        8.424,
        7.992,
        7.632,
        10.2,
        8.328,
        8.016,
        6.624,
        4.44,
        7.392,
        7.512,
        11.136,
        0.384
    ],
    "delays": [
        14.947500000000002
    ],
    "loss": 0,
    "queue": 10,
    "delay_noise": 0
}