{
    "timestamps": [
        0.0,
        0.5,
        1.0,
        1.5,
        2.0,
        2.5,
        3.0,
        3.5,
        4.0,
        4.5,
        5.0,
        5.5,
        6.0,
        6.5,
        7.0,
        7.5,
        8.0,
        8.5,
        9.0,
        9.5,
        10.0,
        10.5,
        11.0,
        11.5,
        12.0,
        12.5,
        13.0,
        13.5,
        14.0,
        14.5,
        15.0,
        15.5,
        16.0,
        16.5,
        17.0,
        17.5,
        18.0,
        18.5,
        19.0,
        19.5,
        20.0,
        20.5,
        21.0,
        21.5,
        22.0,
        22.5,
        23.0,
        23.5,
        24.0,
        24.5,
        25.0,
        25.5,
        26.0,
        26.5,
        27.0,
        27.5,
        28.0,
        28.5,
        29.0,
        29.5,
        30.0,
        30.5
    ],
    "bandwidths": [
        0.1,
        4.514944,
        7.896,
        6.72,
        5.472,
        5.616,
        13.512,
        15.648,
        12.648,
        9.552,
        14.472,
        8.88,
        9.552,
        7.8,
        3.816,
        5.4,
        9.144,
        11.592,
        13.152,
        9.6,
        8.04,
        4.968,
        9.432,
        12.816,
        11.472,
        5.496,
        3.264,
        5.208,
        10.272,
        3.84,
        8.592,
        6.984,
        5.616,
        5.64,
        2.808,
        4.632,
        3.624,
        1.824,
        4.176,
        5.448,
        5.856,
        4.8,
        7.104,
        4.632,
        10.944,
        4.872,
        6.336,
        9.36,
        6.288,
        4.968,
        9.72,
        5.664,
        5.664,
        6.576,
        8.376,
        7.728,
        8.664,
        9.264,
        5.688,
        7.632,
        14.016,
        0.24
    ],
    "delays": [
        14.881999999999998
    ],
    "loss": 0,
    "queue": 10,
    "delay_noise": 0
}