{
    "timestamps": [
        0.0,
        0.5,
        1.0,
        1.5,
        2.0,
        2.5,
        3.0,
        3.5,
        4.0,
        4.5,
        5.0,
        5.5,
        6.0,
        6.5,
        7.0,
        7.5,
        8.0,
        8.5,
        9.0,
        9.5,
        10.0,
        10.5,
        11.0,
        11.5,
        12.0,
        12.5,
        13.0,
        13.5,
        14.0,
        14.5,
        15.0,
        15.5,
        16.0,
        16.5,
        17.0,
        17.5,
        18.0,
        18.5,
        19.0,
        19.5,
        20.0,
        20.5,
        21.0,
        21.5,
        22.0,
        22.5,
        23.0,
        23.5,
        24.0,
        24.5,
        25.0,
        25.5,
        26.0,
        26.5,
        27.0,
        27.5,
        28.0,
        28.5,
        29.0,
        29.5,
        30.0,
        30.5
    ],
    "bandwidths": [
        0.1,
        0.353184,
        3.28384,
        6.356576,
        7.951584,
        10.109536,
        6.192384,
        10.67248,
        12.455136,
        10.109536,
        8.162688,
        6.145472,
        7.130624,
        5.066496,
        5.887456,
        7.50592,
        2.720896,
        3.557696,
        2.415968,
        4.433184,
        6.4504,
        4.315904,
        4.081344,
        5.817088,
        5.347968,
        4.433184,
        7.177536,
        6.122016,
        4.92576,
        4.060416,
        7.834304,
        8.350336,
        9.945344,
        8.725632,
        6.68496,
        4.22208,
        2.970112,
        7.717024,
        8.866368,
        13.909408,
        13.158816,
        15.340224,
        16.982144,
        15.36368,
        20.148704,
        19.421568,
        14.026688,
        13.581024,
        10.836672,
        11.02432,
        7.693568,
        12.664128,
        14.214336,
        14.495808,
        16.935232,
        17.920384,
        20.922752,
        7.200992,
        8.309056,
        11.446528,
        10.977408,
        0.187648
    ],
    "delays": [
        17.5935
    ],
    "loss": 0,
    "queue": 10,
    "delay_noise": 0
}