{
    "timestamps": [
        0.0,
        0.5,
        1.0,
        1.5,
        2.0,
        2.5,
        3.0,
        3.5,
        4.0,
        4.5,
        5.0,
        5.5,
        6.0,
        6.5,
        7.0,
        7.5,
        8.0,
        8.5,
        9.0,
        9.5,
        10.0,
        10.5,
        11.0,
        11.5,
        12.0,
        12.5,
        13.0,
        13.5,
        14.0,
        14.5,
        15.0,
        15.5,
        16.0,
        16.5,
        17.0,
        17.5,
        18.0,
        18.5,
        19.0,
        19.5,
        20.0,
        20.5,
        21.0,
        21.5,
        22.0,
        22.5,
        23.0,
        23.5,
        24.0,
        24.5,
        25.0,
        25.5,
        26.0,
        26.5,
        27.0,
        27.5,
        28.0,
        28.5,
        29.0,
        29.5,
        30.0,
        30.5
    ],
    "bandwidths": [
        0.1,
        0.212448,
        2.744352,
        5.98128,
        5.723264,
        6.966432,
        5.183776,
        1.87648,
        3.350688,
        3.75296,
        4.902304,
        6.497312,
        7.412096,
        9.077472,
        9.26512,
        7.670112,
        4.112992,
        5.51216,
        7.951584,
        7.693568,
        11.235424,
        13.4872,
        13.323008,
        8.139232,
        6.286208,
        7.670112,
        8.417632,
        8.514528,
        6.239296,
        9.945344,
        4.785024,
        5.465248,
        4.103264,
        5.089952,
        3.729504,
        4.151712,
        5.582528,
        4.714656,
        8.936736,
        3.846784,
        4.667744,
        4.949216,
        7.50592,
        9.3824,
        5.770176,
        14.847648,
        8.115776,
        6.21584,
        7.27136,
        9.429312,
        11.986016,
        9.804608,
        7.881216,
        6.755328,
        10.461376,
        14.401984,
        8.796,
        8.983648,
        14.589632,
        11.469984,
        9.194752,
        0.211104
    ],
    "delays": [
        14.741499999999998
    ],
    "loss": 0,
    "queue": 10,
    "delay_noise": 0
}