{
    "timestamps": [
        0.0,
        0.5,
        1.0,
        1.5,
        2.0,
        2.5,
        3.0,
        3.5,
        4.0,
        4.5,
        5.0,
        5.5,
        6.0,
        6.5,
        7.0,
        7.5,
        8.0,
        8.5,
        9.0,
        9.5,
        10.0,
        10.5,
        11.0,
        11.5,
        12.0,
        12.5,
        13.0,
        13.5,
        14.0,
        14.5,
        15.0,
        15.5,
        16.0,
        16.5,
        17.0,
        17.5,
        18.0,
        18.5,
        19.0,
        19.5,
        20.0,
        20.5,
        21.0,
        21.5,
        22.0,
        22.5,
        23.0,
        23.5,
        24.0,
        24.5,
        25.0,
        25.5,
        26.0,
        26.5,
        27.0,
        27.5,
        28.0,
        28.5,
        29.0,
        29.5,
        30.0,
        30.5
    ],
    "bandwidths": [
        0.1,
        0.329728,
        3.448032,
        5.465248,
        5.934368,
        8.420704,
        7.365184,
        6.755328,
        6.825696,
        6.051648,
        5.582528,
        4.350176,
        5.04304,
        4.198624,
        7.599744,
        5.019584,
        5.74672,
        5.2776,
        5.136864,
        5.04304,
        3.170304,
        4.902304,
        8.021952,
        5.066496,
        6.497312,
        10.649024,
        14.167424,
        15.504416,
        15.574784,
        12.337856,
        13.674848,
        8.866368,
        7.341728,
        7.630048,
        14.42544,
        9.218208,
        11.892192,
        7.013344,
        13.698304,
        18.319136,
        20.594368,
        17.12288,
        8.877568,
        13.205728,
        13.13536,
        11.96256,
        18.248768,
        20.359808,
        14.683456,
        12.267488,
        11.516896,
        14.824192,
        6.872608,
        6.112704,
        5.793632,
        7.881216,
        8.631808,
        11.305792,
        13.323008,
        16.395744,
        21.180768,
        0.82096
    ],
    "delays": [
        14.592
    ],
    "loss": 0,
    "queue": 10,
    "delay_noise": 0
}