{
    "timestamps": [
        0.0,
        0.5,
        1.0,
        1.5,
        2.0,
        2.5,
        3.0,
        3.5,
        4.0,
        4.5,
        5.0,
        5.5,
        6.0,
        6.5,
        7.0,
        7.5,
        8.0,
        8.5,
        9.0,
        9.5,
        10.0,
        10.5,
        11.0,
        11.5,
        12.0,
        12.5,
        13.0,
        13.5,
        14.0,
        14.5,
        15.0,
        15.5,
        16.0,
        16.5,
        17.0,
        17.5,
        18.0,
        18.5,
        19.0,
        19.5,
        20.0,
        20.5,
        21.0,
        21.5,
        22.0,
        22.5,
        23.0,
        23.5,
        24.0,
        24.5,
        25.0,
        25.5,
        26.0,
        26.5,
        27.0,
        27.5,
        28.0,
        28.5,
        29.0,
        29.5,
        30.0
    ],
    "bandwidths": [
        0.1,
        0.278624,
        5.34248,
        4.818912,
        4.208064,
        6.425216,
        5.452384,
        6.583584,
        12.262208,
        13.619648,
        8.325632,
        12.918304,
        7.036064,
        6.515712,
        8.755488,
        5.746496,
        5.99536,
        8.03152,
        14.81872,
        11.108384,
        11.945472,
        6.33472,
        5.520256,
        7.601664,
        11.42512,
        6.44784,
        10.52016,
        7.46592,
        8.82336,
        8.800736,
        8.461376,
        7.850528,
        6.470464,
        6.153728,
        5.836992,
        7.986272,
        6.719328,
        7.149184,
        5.180896,
        5.814368,
        5.633376,
        4.456928,
        2.963744,
        3.167072,
        4.796288,
        4.683168,
        4.479552,
        4.049696,
        6.538336,
        5.452384,
        3.325728,
        5.158272,
        11.741856,
        14.25312,
        12.126464,
        11.131008,
        9.72832,
        7.556416,
        7.330176,
        7.556416,
        6.855072
    ],
    "delays": [
        14.956
    ],
    "loss": 0,
    "queue": 10,
    "delay_noise": 0
}