{
    "timestamps": [
        0.0,
        0.5,
        1.0,
        1.5,
        2.0,
        2.5,
        3.0,
        3.5,
        4.0,
        4.5,
        5.0,
        5.5,
        6.0,
        6.5,
        7.0,
        7.5,
        8.0,
        8.5,
        9.0,
        9.5,
        10.0,
        10.5,
        11.0,
        11.5,
        12.0,
        12.5,
        13.0,
        13.5,
        14.0,
        14.5,
        15.0,
        15.5,
        16.0,
        16.5,
        17.0,
        17.5,
        18.0,
        18.5,
        19.0,
        19.5,
        20.0,
        20.5,
        21.0,
        21.5,
        22.0,
        22.5,
        23.0,
        23.5,
        24.0,
        24.5,
        25.0,
        25.5,
        26.0,
        26.5,
        27.0,
        27.5,
        28.0,
        28.5,
        29.0,
        29.5,
        30.0
    ],
    "bandwidths": [
        0.1,
        0.278624,
        6.969872,
        6.492816,
        6.719104,
        12.533696,
        8.574496,
        4.29856,
        6.131104,
        6.538336,
        6.67408,
        8.619744,
        6.040608,
        5.950112,
        9.366336,
        9.818816,
        9.592576,
        11.515616,
        13.370784,
        13.031424,
        8.325632,
        9.16272,
        5.791744,
        5.88224,
        6.515712,
        5.113024,
        5.248768,
        7.80528,
        8.122016,
        6.741664,
        5.950112,
        9.026976,
        8.008896,
        5.610752,
        6.379968,
        5.588128,
        14.8204,
        11.221504,
        9.818816,
        6.83216,
        9.818816,
        8.416128,
        7.963648,
        8.054144,
        8.212512,
        7.488544,
        6.855072,
        5.158272,
        5.339264,
        4.796288,
        6.404512,
        3.189696,
        4.275936,
        5.791744,
        4.004448,
        5.20352,
        7.12656,
        7.782656,
        5.339264,
        7.488544,
        1.945664
    ],
    "delays": [
        15.295
    ],
    "loss": 0,
    "queue": 10,
    "delay_noise": 0
}