{
    "timestamps": [
        0.0,
        0.5,
        1.0,
        1.5,
        2.0,
        2.5,
        3.0,
        3.5,
        4.0,
        4.5,
        5.0,
        5.5,
        6.0,
        6.5,
        7.0,
        7.5,
        8.0,
        8.5,
        9.0,
        9.5,
        10.0,
        10.5,
        11.0,
        11.5,
        12.0,
        12.5,
        13.0,
        13.5,
        14.0,
        14.5,
        15.0,
        15.5,
        16.0,
        16.5,
        17.0,
        17.5,
        18.0,
        18.5,
        19.0,
        19.5,
        20.0,
        20.5,
        21.0,
        21.5,
        22.0,
        22.5,
        23.0,
        23.5,
        24.0,
        24.5,
        25.0,
        25.5,
        26.0,
        26.5,
        27.0,
        27.5,
        28.0,
        28.5,
        29.0,
        29.5,
        30.0
    ],
    "bandwidths": [
        0.1,
        0.1,
        0.1,
        0.1,
        0.1,
        0.1,
        2.993744,
        13.031424,
        15.746304,
        15.520064,
        23.031232,
        18.823168,
        12.081216,
        5.723872,
        11.244128,
        10.06768,
        10.97264,
        9.140096,
        9.16272,
        6.515328,
        9.547328,
        10.565408,
        7.669536,
        6.7872,
        10.158176,
        11.945472,
        8.913856,
        11.900224,
        8.800736,
        7.850528,
        14.456736,
        13.619648,
        12.488448,
        14.660352,
        14.773472,
        10.7464,
        9.275552,
        13.619648,
        21.809536,
        15.746304,
        16.492896,
        16.4024,
        15.49744,
        17.148992,
        14.275744,
        13.755104,
        15.38432,
        9.185056,
        9.841008,
        12.239584,
        11.53824,
        13.506528,
        13.5744,
        12.601568,
        16.357152,
        9.38896,
        10.158176,
        12.850432,
        8.393504,
        8.280384,
        7.7144
    ],
    "delays": [
        15.099
    ],
    "loss": 0,
    "queue": 10,
    "delay_noise": 0
}