{
    "timestamps": [
        0.0,
        0.5,
        1.0,
        1.5,
        2.0,
        2.5,
        3.0,
        3.5,
        4.0,
        4.5,
        5.0,
        5.5,
        6.0,
        6.5,
        7.0,
        7.5,
        8.0,
        8.5,
        9.0,
        9.5,
        10.0,
        10.5,
        11.0,
        11.5,
        12.0,
        12.5,
        13.0,
        13.5,
        14.0,
        14.5,
        15.0,
        15.5,
        16.0,
        16.5,
        17.0,
        17.5,
        18.0,
        18.5,
        19.0,
        19.5,
        20.0,
        20.5,
        21.0,
        21.5,
        22.0,
        22.5,
        23.0,
        23.5,
        24.0,
        24.5,
        25.0,
        25.5,
        26.0,
        26.5,
        27.0,
        27.5,
        28.0,
        28.5,
        29.0,
        29.5,
        30.0,
        30.5
    ],
    "bandwidths": [
        0.1,
        2.474944,
        5.784,
        4.68,
        4.488,
        5.088,
        5.112,
        3.528,
        2.856,
        2.256,
        2.4,
        2.856,
        2.832,
        2.592,
        2.976,
        3.288,
        2.04,
        2.352,
        2.112,
        2.592,
        2.736,
        2.496,
        2.256,
        2.136,
        2.208,
        2.76,
        3.024,
        3.12,
        3.0,
        2.664,
        2.112,
        2.424,
        2.28,
        2.28,
        2.64,
        2.472,
        2.544,
        2.568,
        2.544,
        2.712,
        2.664,
        2.52,
        3.0,
        3.072,
        3.288,
        3.576,
        3.624,
        3.288,
        3.984,
        3.6,
        3.264,
        3.408,
        3.384,
        3.456,
        3.432,
        3.144,
        3.144,
        3.312,
        3.72,
        3.168,
        3.312,
        0.1
    ],
    "delays": [
        14.771999999999998
    ],
    "loss": 0,
    "queue": 10,
    "delay_noise": 0
}