{
    "timestamps": [
        0.0,
        0.5,
        1.0,
        1.5,
        2.0,
        2.5,
        3.0,
        3.5,
        4.0,
        4.5,
        5.0,
        5.5,
        6.0,
        6.5,
        7.0,
        7.5,
        8.0,
        8.5,
        9.0,
        9.5,
        10.0,
        10.5,
        11.0,
        11.5,
        12.0,
        12.5,
        13.0,
        13.5,
        14.0,
        14.5,
        15.0,
        15.5,
        16.0,
        16.5,
        17.0,
        17.5,
        18.0,
        18.5,
        19.0,
        19.5,
        20.0,
        20.5,
        21.0,
        21.5,
        22.0,
        22.5,
        23.0,
        23.5,
        24.0,
        24.5,
        25.0,
        25.5,
        26.0,
        26.5,
        27.0,
        27.5,
        28.0,
        28.5,
        29.0,
        29.5,
        30.0
    ],
    "bandwidths": [
        0.1,
        0.722944,
        8.184,
        69.96,
        97.512,
        69.553408,
        97.128,
        97.512,
        97.536,
        97.512,
        97.536,
        97.536,
        97.512,
        97.536,
        97.536,
        97.512,
        97.536,
        97.512,
        97.536,
        97.488,
        97.488,
        96.72,
        90.888,
        56.592,
        48.768,
        36.817408,
        28.2,
        28.704,
        61.032,
        48.6,
        48.744,
        52.752,
        57.384,
        48.768,
        39.696,
        54.12,
        48.768,
        48.768,
        48.696,
        48.696,
        48.624,
        48.384,
        45.456,
        33.552,
        32.496,
        32.52,
        32.496,
        32.64,
        32.64,
        32.496,
        32.52,
        32.496,
        32.52,
        31.68,
        32.52,
        19.344,
        17.976,
        32.352,
        16.536,
        29.064,
        28.536
    ],
    "delays": [
        69.148
    ],
    "loss": 0,
    "queue": 10,
    "delay_noise": 0
}