{
    "timestamps": [
        0.0,
        0.5,
        1.0,
        1.5,
        2.0,
        2.5,
        3.0,
        3.5,
        4.0,
        4.5,
        5.0,
        5.5,
        6.0,
        6.5,
        7.0,
        7.5,
        8.0,
        8.5,
        9.0,
        9.5,
        10.0,
        10.5,
        11.0,
        11.5,
        12.0,
        12.5,
        13.0,
        13.5,
        14.0,
        14.5,
        15.0,
        15.5,
        16.0,
        16.5,
        17.0,
        17.5,
        18.0,
        18.5,
        19.0,
        19.5,
        20.0,
        20.5,
        21.0,
        21.5,
        22.0,
        22.5,
        23.0,
        23.5,
        24.0,
        24.5,
        25.0,
        25.5,
        26.0,
        26.5,
        27.0,
        27.5,
        28.0,
        28.5,
        29.0,
        29.5,
        30.0
    ],
    "bandwidths": [
        0.1,
        0.722944,
        7.728,
        67.128,
        97.512,
        92.737408,
        97.224,
        97.536,
        97.536,
        97.248,
        97.512,
        97.536,
        97.536,
        97.536,
        97.512,
        97.512,
        97.512,
        97.536,
        97.512,
        97.488,
        97.512,
        96.792,
        90.216,
        54.912,
        48.769408,
        27.672,
        16.488,
        48.6,
        48.768,
        56.328,
        48.504,
        48.744,
        48.768,
        49.2,
        48.744,
        48.768,
        48.768,
        48.936,
        48.768,
        48.936,
        48.744,
        48.408,
        45.408,
        33.552,
        32.496,
        32.52,
        32.496,
        6.84,
        30.816,
        32.496,
        41.832,
        40.608,
        32.496,
        32.52,
        32.496,
        32.52,
        35.784,
        21.922752,
        26.318656,
        32.52,
        28.056
    ],
    "delays": [
        70.0995
    ],
    "loss": 0,
    "queue": 10,
    "delay_noise": 0
}