{
    "timestamps": [
        0.0,
        0.5,
        1.0,
        1.5,
        2.0,
        2.5,
        3.0,
        3.5,
        4.0,
        4.5,
        5.0,
        5.5,
        6.0,
        6.5,
        7.0,
        7.5,
        8.0,
        8.5,
        9.0,
        9.5,
        10.0,
        10.5,
        11.0,
        11.5,
        12.0,
        12.5,
        13.0,
        13.5,
        14.0,
        14.5,
        15.0,
        15.5,
        16.0,
        16.5,
        17.0,
        17.5,
        18.0,
        18.5,
        19.0,
        19.5,
        20.0,
        20.5,
        21.0,
        21.5,
        22.0,
        22.5,
        23.0,
        23.5,
        24.0,
        24.5,
        25.0,
        25.5,
        26.0,
        26.5,
        27.0,
        27.5,
        28.0,
        28.5,
        29.0,
        29.5,
        30.0
    ],
    "bandwidths": [
        0.1,
        0.958032,
        13.392,
        85.536,
        97.536,
        97.536,
        97.536,
        97.512,
        97.536,
        97.536,
        97.488,
        97.512,
        97.536,
        97.512,
        97.536,
        97.536,
        97.512,
        97.536,
        97.536,
        97.512,
        97.536,
        96.552,
        85.728,
        48.696,
        48.72,
        48.768,
        48.504,
        48.936,
        49.032,
        48.84,
        48.864,
        49.032,
        48.816,
        48.816,
        49.128,
        49.032,
        49.056,
        49.344,
        49.032,
        48.816,
        49.296,
        48.528,
        42.888,
        34.536,
        33.192,
        33.096,
        33.192,
        32.904,
        32.496,
        33.192,
        32.712,
        32.616,
        32.736,
        32.76,
        33.576,
        32.64,
        32.52,
        32.352,
        32.424,
        32.616,
        19.68
    ],
    "delays": [
        69.20100000000001
    ],
    "loss": 0,
    "queue": 10,
    "delay_noise": 0
}