{
    "timestamps": [
        0.0,
        0.5,
        1.0,
        1.5,
        2.0,
        2.5,
        3.0,
        3.5,
        4.0,
        4.5,
        5.0,
        5.5,
        6.0,
        6.5,
        7.0,
        7.5,
        8.0,
        8.5,
        9.0,
        9.5,
        10.0,
        10.5,
        11.0,
        11.5,
        12.0,
        12.5,
        13.0,
        13.5,
        14.0,
        14.5,
        15.0,
        15.5,
        16.0,
        16.5,
        17.0,
        17.5,
        18.0,
        18.5,
        19.0,
        19.5,
        20.0,
        20.5,
        21.0,
        21.5,
        22.0,
        22.5,
        23.0,
        23.5,
        24.0,
        24.5,
        25.0,
        25.5,
        26.0,
        26.5,
        27.0,
        27.5,
        28.0,
        28.5,
        29.0,
        29.5,
        30.0
    ],
    "bandwidths": [
        0.1,
        0.1,
        0.656768,
        1.40736,
        1.548096,
        2.720896,
        2.533248,
        4.034432,
        4.855392,
        4.151712,
        6.192384,
        5.183776,
        7.599744,
        7.576288,
        7.576288,
        9.757696,
        7.810848,
        11.1416,
        9.452768,
        11.892192,
        13.299552,
        10.484832,
        14.636544,
        11.516896,
        16.043904,
        15.809344,
        14.0736,
        18.1784,
        14.143968,
        19.515392,
        18.600608,
        17.451264,
        21.673344,
        16.747584,
        23.033792,
        21.086944,
        21.1104,
        25.144832,
        19.3512,
        26.458368,
        22.2832,
        25.942336,
        25.778144,
        24.6288,
        29.132352,
        24.300416,
        30.656992,
        25.613952,
        30.868096,
        28.217568,
        31.0792,
        30.84464,
        31.477952,
        32.932224,
        32.158176,
        34.034656,
        33.54208,
        34.738336,
        35.41856,
        35.465472,
        31.454496
    ],
    "delays": [
        69.18299999999999
    ],
    "loss": 0,
    "queue": 10,
    "delay_noise": 0
}