{
    "timestamps": [
        0.0,
        0.5,
        1.0,
        1.5,
        2.0,
        2.5,
        3.0,
        3.5,
        4.0,
        4.5,
        5.0,
        5.5,
        6.0,
        6.5,
        7.0,
        7.5,
        8.0,
        8.5,
        9.0,
        9.5,
        10.0,
        10.5,
        11.0,
        11.5,
        12.0,
        12.5,
        13.0,
        13.5,
        14.0,
        14.5,
        15.0,
        15.5,
        16.0,
        16.5,
        17.0,
        17.5,
        18.0,
        18.5,
        19.0,
        19.5,
        20.0,
        20.5,
        21.0,
        21.5,
        22.0,
        22.5,
        23.0,
        23.5,
        24.0,
        24.5,
        25.0,
        25.5,
        26.0,
        26.5,
        27.0,
        27.5,
        28.0,
        28.5,
        29.0,
        29.5,
        30.0
    ],
    "bandwidths": [
        0.1,
        0.1,
        0.656768,
        1.40736,
        1.548096,
        2.720896,
        2.533248,
        4.034432,
        4.855392,
        4.151712,
        6.192384,
        5.183776,
        7.599744,
        8.256512,
        6.91952,
        9.757696,
        7.810848,
        11.1416,
        10.250272,
        11.094688,
        13.323008,
        10.484832,
        14.636544,
        12.173664,
        15.387136,
        16.677216,
        13.25264,
        18.201856,
        14.167424,
        19.491936,
        19.843776,
        16.278464,
        21.673344,
        16.747584,
        23.033792,
        21.485696,
        20.711648,
        25.144832,
        19.3512,
        26.481824,
        21.532608,
        26.73984,
        24.417696,
        26.15344,
        28.02992,
        25.379392,
        30.703904,
        26.50528,
        29.976768,
        29.695296,
        29.343456,
        32.979136,
        29.812576,
        34.175392,
        31.853248,
        32.979136,
        35.88768,
        32.979136,
        37.459232,
        33.987744,
        32.01744
    ],
    "delays": [
        69.1815
    ],
    "loss": 0,
    "queue": 10,
    "delay_noise": 0
}