{
    "timestamps": [
        0.0,
        0.5,
        1.0,
        1.5,
        2.0,
        2.5,
        3.0,
        3.5,
        4.0,
        4.5,
        5.0,
        5.5,
        6.0,
        6.5,
        7.0,
        7.5,
        8.0,
        8.5,
        9.0,
        9.5,
        10.0,
        10.5,
        11.0,
        11.5,
        12.0,
        12.5,
        13.0,
        13.5,
        14.0,
        14.5,
        15.0,
        15.5,
        16.0,
        16.5,
        17.0,
        17.5,
        18.0,
        18.5,
        19.0,
        19.5,
        20.0,
        20.5,
        21.0,
        21.5,
        22.0,
        22.5,
        23.0,
        23.5,
        24.0,
        24.5,
        25.0,
        25.5,
        26.0,
        26.5,
        27.0,
        27.5,
        28.0,
        28.5,
        29.0,
        29.5,
        30.0
    ],
    "bandwidths": [
        0.1,
        0.1,
        0.656768,
        1.40736,
        1.548096,
        2.720896,
        3.471488,
        3.096192,
        4.855392,
        4.151712,
        6.192384,
        7.013344,
        5.770176,
        8.350336,
        7.15408,
        9.429312,
        10.508288,
        8.44416,
        11.915648,
        12.502048,
        10.250272,
        14.0736,
        11.047776,
        15.457504,
        16.231552,
        12.66624,
        17.615456,
        15.434048,
        17.24016,
        19.726496,
        15.340224,
        21.1104,
        20.64128,
        18.108032,
        23.174528,
        18.014208,
        24.39424,
        21.6968,
        23.127616,
        26.200352,
        22.353568,
        26.575648,
        25.754688,
        25.027552,
        30.094048,
        26.059616,
        28.452128,
        30.516256,
        26.833664,
        32.95568,
        29.390368,
        31.173024,
        34.503776,
        29.55456,
        35.629664,
        32.463104,
        34.269216,
        36.966656,
        33.4248,
        38.374016,
        30.680448
    ],
    "delays": [
        68.7085
    ],
    "loss": 0,
    "queue": 10,
    "delay_noise": 0
}