{
    "timestamps": [
        0.0,
        0.5,
        1.0,
        1.5,
        2.0,
        2.5,
        3.0,
        3.5,
        4.0,
        4.5,
        5.0,
        5.5,
        6.0,
        6.5,
        7.0,
        7.5,
        8.0,
        8.5,
        9.0,
        9.5,
        10.0,
        10.5,
        11.0,
        11.5,
        12.0,
        12.5,
        13.0,
        13.5,
        14.0,
        14.5,
        15.0,
        15.5,
        16.0,
        16.5,
        17.0,
        17.5,
        18.0,
        18.5,
        19.0,
        19.5,
        20.0,
        20.5,
        21.0,
        21.5,
        22.0,
        22.5,
        23.0,
        23.5,
        24.0,
        24.5,
        25.0,
        25.5,
        26.0,
        26.5,
        27.0,
        27.5,
        28.0,
        28.5,
        29.0,
        29.5,
        30.0
    ],
    "bandwidths": [
        0.1,
        0.256,
        4.366432,
        47.96288,
        86.559424,
        11.560864,
        7.895472,
        3.375024,
        0.1,
        0.1,
        0.1,
        18.992096,
        8.189888,
        75.56416,
        12.33008,
        9.27584,
        11.108384,
        9.117472,
        11.42512,
        93.143008,
        93.165632,
        94.025344,
        79.319744,
        58.415168,
        12.057984,
        12.013344,
        21.788656,
        67.351648,
        71.288224,
        67.351648,
        71.016736,
        68.414976,
        53.008032,
        39.637248,
        15.203328,
        36.334144,
        52.71392,
        50.904,
        54.093984,
        40.04448,
        33.008416,
        50.202656,
        48.98096,
        34.432816,
        21.901472,
        42.035392,
        42.19376,
        34.003872,
        28.800048,
        32.781888,
        26.198592,
        28.212128,
        28.234752,
        30.157792,
        29.275456,
        31.379488,
        31.153248,
        31.741472,
        31.650976,
        32.148704,
        24.026688
    ],
    "delays": [
        69.14099999999999
    ],
    "loss": 0,
    "queue": 10,
    "delay_noise": 0
}