{
    "timestamps": [
        0.0,
        0.5,
        1.0,
        1.5,
        2.0,
        2.5,
        3.0,
        3.5,
        4.0,
        4.5,
        5.0,
        5.5,
        6.0,
        6.5,
        7.0,
        7.5,
        8.0,
        8.5,
        9.0,
        9.5,
        10.0,
        10.5,
        11.0,
        11.5,
        12.0,
        12.5,
        13.0,
        13.5,
        14.0,
        14.5,
        15.0,
        15.5,
        16.0,
        16.5,
        17.0,
        17.5,
        18.0,
        18.5,
        19.0,
        19.5,
        20.0,
        20.5,
        21.0,
        21.5,
        22.0,
        22.5,
        23.0,
        23.5,
        24.0,
        24.5,
        25.0,
        25.5,
        26.0,
        26.5,
        27.0,
        27.5,
        28.0,
        28.5,
        29.0,
        29.5,
        30.0
    ],
    "bandwidths": [
        0.1,
        0.257584,
        3.574592,
        41.74128,
        86.875856,
        11.718928,
        8.913552,
        6.80952,
        2.095232,
        0.1,
        0.1,
        0.1,
        20.057456,
        11.08576,
        15.927296,
        81.265408,
        27.39736,
        10.823264,
        13.981632,
        37.21832,
        91.762944,
        92.124928,
        79.885344,
        62.464864,
        11.877296,
        13.483904,
        11.99072,
        68.89008,
        68.279232,
        68.731712,
        69.11632,
        44.795216,
        14.931232,
        28.800352,
        52.397184,
        38.370304,
        50.904,
        46.424448,
        28.234448,
        35.97216,
        39.546752,
        42.171136,
        40.406464,
        36.107904,
        25.564816,
        30.700768,
        31.22112,
        30.723392,
        31.469984,
        31.741472,
        31.854592,
        32.420192,
        32.623808,
        33.166784,
        33.574016,
        30.474528,
        31.967712,
        33.14416,
        32.91792,
        29.56928,
        21.786912
    ],
    "delays": [
        71.0925
    ],
    "loss": 0,
    "queue": 10,
    "delay_noise": 0
}