{
    "timestamps": [
        0.0,
        0.5,
        1.0,
        1.5,
        2.0,
        2.5,
        3.0,
        3.5,
        4.0,
        4.5,
        5.0,
        5.5,
        6.0,
        6.5,
        7.0,
        7.5,
        8.0,
        8.5,
        9.0,
        9.5,
        10.0,
        10.5,
        11.0,
        11.5,
        12.0,
        12.5,
        13.0,
        13.5,
        14.0,
        14.5,
        15.0,
        15.5,
        16.0,
        16.5,
        17.0,
        17.5,
        18.0,
        18.5,
        19.0,
        19.5,
        20.0,
        20.5,
        21.0,
        21.5,
        22.0,
        22.5,
        23.0,
        23.5,
        24.0,
        24.5,
        25.0,
        25.5,
        26.0,
        26.5,
        27.0,
        27.5,
        28.0,
        28.5,
        29.0,
        29.5,
        30.0
    ],
    "bandwidths": [
        0.1,
        0.256,
        4.208064,
        46.854304,
        86.378432,
        11.719232,
        7.827904,
        4.73064,
        0.1,
        0.1,
        0.1,
        18.946752,
        7.986272,
        73.18864,
        14.456736,
        8.529248,
        11.8776,
        9.207968,
        9.818816,
        54.41072,
        14.569856,
        81.695264,
        82.260864,
        65.38336,
        21.402304,
        16.017792,
        58.641408,
        68.233984,
        66.944416,
        70.02128,
        71.242976,
        70.745248,
        74.365088,
        55.836032,
        70.292768,
        39.411008,
        14.207568,
        19.90912,
        56.763616,
        54.772704,
        29.116784,
        26.4468,
        29.34304,
        33.664512,
        30.790976,
        31.492608,
        32.171328,
        31.605728,
        32.555936,
        32.46544,
        32.940544,
        33.302528,
        33.189408,
        34.071744,
        34.026496,
        34.61472,
        35.361312,
        34.343232,
        27.397376,
        26.69632,
        20.24848
    ],
    "delays": [
        69.138
    ],
    "loss": 0,
    "queue": 10,
    "delay_noise": 0
}