{
    "timestamps": [
        0.0,
        0.5,
        1.0,
        1.5,
        2.0,
        2.5,
        3.0,
        3.5,
        4.0,
        4.5,
        5.0,
        5.5,
        6.0,
        6.5,
        7.0,
        7.5,
        8.0,
        8.5,
        9.0,
        9.5,
        10.0,
        10.5,
        11.0,
        11.5,
        12.0,
        12.5,
        13.0,
        13.5,
        14.0,
        14.5,
        15.0,
        15.5,
        16.0,
        16.5,
        17.0,
        17.5,
        18.0,
        18.5,
        19.0,
        19.5,
        20.0,
        20.5,
        21.0,
        21.5,
        22.0,
        22.5,
        23.0,
        23.5,
        24.0,
        24.5,
        25.0,
        25.5,
        26.0,
        26.5,
        27.0,
        27.5,
        28.0,
        28.5,
        29.0,
        29.5,
        30.0
    ],
    "bandwidths": [
        0.1,
        3.458944,
        14.784,
        15.432,
        3.024,
        3.025408,
        3.984,
        6.696,
        5.448,
        7.104,
        6.48,
        6.024,
        5.52,
        5.928,
        6.312,
        5.952,
        6.192,
        5.304,
        4.944,
        5.808,
        6.0,
        3.768,
        5.184,
        7.272,
        8.808,
        10.536,
        13.728,
        14.688,
        16.104,
        14.448,
        14.688,
        16.44,
        16.8,
        15.456,
        15.144,
        14.88,
        13.992,
        14.808,
        15.912,
        15.192,
        12.576,
        13.248,
        7.44,
        15.336,
        10.32,
        13.224,
        10.8,
        14.424,
        11.712,
        14.328,
        15.12,
        13.68,
        9.84,
        10.56,
        15.12,
        11.016,
        11.712,
        13.848,
        16.152,
        14.472,
        9.192
    ],
    "delays": [
        30.493000000000002
    ],
    "loss": 0,
    "queue": 10,
    "delay_noise": 0
}