{
    "timestamps": [
        0.0,
        0.5,
        1.0,
        1.5,
        2.0,
        2.5,
        3.0,
        3.5,
        4.0,
        4.5,
        5.0,
        5.5,
        6.0,
        6.5,
        7.0,
        7.5,
        8.0,
        8.5,
        9.0,
        9.5,
        10.0,
        10.5,
        11.0,
        11.5,
        12.0,
        12.5,
        13.0,
        13.5,
        14.0,
        14.5,
        15.0,
        15.5,
        16.0,
        16.5,
        17.0,
        17.5,
        18.0,
        18.5,
        19.0,
        19.5,
        20.0,
        20.5,
        21.0,
        21.5,
        22.0,
        22.5,
        23.0,
        23.5,
        24.0,
        24.5,
        25.0,
        25.5,
        26.0,
        26.5,
        27.0,
        27.5,
        28.0,
        28.5,
        29.0,
        29.5,
        30.0
    ],
    "bandwidths": [
        0.1,
        4.946944,
        8.688,
        10.296,
        12.744,
        15.864,
        15.672,
        16.296,
        12.024,
        11.64,
        15.048,
        15.432,
        15.576,
        14.856,
        13.68,
        15.456,
        14.496,
        12.528,
        2.808,
        0.192,
        6.145408,
        15.072,
        15.216,
        14.976,
        8.688,
        15.456,
        11.76,
        15.6,
        16.368,
        16.176,
        16.128,
        15.0,
        15.648,
        13.296,
        14.736,
        15.216,
        16.416,
        13.704,
        9.504,
        8.496,
        11.28,
        13.872,
        16.08,
        10.2,
        11.28,
        16.296,
        15.336,
        15.984,
        15.84,
        15.96,
        15.288,
        14.736,
        16.44,
        16.56,
        14.352,
        15.864,
        15.624,
        15.048,
        12.384,
        15.216,
        15.648
    ],
    "delays": [
        29.4405
    ],
    "loss": 0,
    "queue": 10,
    "delay_noise": 0
}