{
    "timestamps": [
        0.0,
        0.5,
        1.0,
        1.5,
        2.0,
        2.5,
        3.0,
        3.5,
        4.0,
        4.5,
        5.0,
        5.5,
        6.0,
        6.5,
        7.0,
        7.5,
        8.0,
        8.5,
        9.0,
        9.5,
        10.0,
        10.5,
        11.0,
        11.5,
        12.0,
        12.5,
        13.0,
        13.5,
        14.0,
        14.5,
        15.0,
        15.5,
        16.0,
        16.5,
        17.0,
        17.5,
        18.0,
        18.5,
        19.0,
        19.5,
        20.0,
        20.5,
        21.0,
        21.5,
        22.0,
        22.5,
        23.0,
        23.5,
        24.0,
        24.5,
        25.0,
        25.5,
        26.0,
        26.5,
        27.0,
        27.5,
        28.0,
        28.5,
        29.0,
        29.5,
        30.0,
        30.5
    ],
    "bandwidths": [
        0.1,
        4.802944,
        11.544,
        9.192,
        9.096,
        7.392,
        8.928,
        7.008,
        4.848,
        7.848,
        7.416,
        5.16,
        5.856,
        8.376,
        8.208,
        5.304,
        7.032,
        9.408,
        7.2,
        7.92,
        8.088,
        7.152,
        9.12,
        8.16,
        6.504,
        2.952,
        4.992,
        6.672,
        5.52,
        4.92,
        6.072,
        6.912,
        8.784,
        5.472,
        6.048,
        7.416,
        5.184,
        8.472,
        4.92,
        6.072,
        6.768,
        4.824,
        7.776,
        7.056,
        8.904,
        8.304,
        9.792,
        11.184,
        6.624,
        4.848,
        6.168,
        9.744,
        9.6,
        11.928,
        11.112,
        9.456,
        11.472,
        13.08,
        14.52,
        10.08,
        10.128,
        0.48
    ],
    "delays": [
        30.411499999999997
    ],
    "loss": 0,
    "queue": 10,
    "delay_noise": 0
}