{
    "timestamps": [
        0.0,
        0.5,
        1.0,
        1.5,
        2.0,
        2.5,
        3.0,
        3.5,
        4.0,
        4.5,
        5.0,
        5.5,
        6.0,
        6.5,
        7.0,
        7.5,
        8.0,
        8.5,
        9.0,
        9.5,
        10.0,
        10.5,
        11.0,
        11.5,
        12.0,
        12.5,
        13.0,
        13.5,
        14.0,
        14.5,
        15.0,
        15.5,
        16.0,
        16.5,
        17.0,
        17.5,
        18.0,
        18.5,
        19.0,
        19.5,
        20.0,
        20.5,
        21.0,
        21.5,
        22.0,
        22.5,
        23.0,
        23.5,
        24.0,
        24.5,
        25.0,
        25.5,
        26.0,
        26.5,
        27.0,
        27.5,
        28.0,
        28.5,
        29.0,
        29.5,
        30.0,
        30.5
    ],
    "bandwidths": [
        0.1,
        3.674944,
        10.872,
        10.656,
        8.64,
        7.92,
        6.384,
        9.0,
        8.232,
        8.208,
        7.416,
        7.32,
        6.432,
        7.128,
        6.792,
        6.864,
        6.48,
        4.656,
        4.728,
        4.896,
        5.472,
        4.08,
        4.632,
        5.832,
        1.536,
        2.449408,
        6.024,
        6.336,
        7.536,
        7.44,
        8.472,
        8.208,
        7.656,
        6.792,
        8.088,
        8.592,
        9.672,
        9.768,
        10.392,
        10.08,
        11.928,
        12.48,
        10.752,
        12.984,
        14.808,
        15.312,
        13.896,
        11.544,
        16.848,
        17.016,
        15.096,
        10.944,
        10.872,
        7.536,
        3.912,
        2.928,
        4.68,
        5.448,
        5.736,
        5.76,
        5.664,
        0.264
    ],
    "delays": [
        31.748
    ],
    "loss": 0,
    "queue": 10,
    "delay_noise": 0
}