{
    "timestamps": [
        0.0,
        0.5,
        1.0,
        1.5,
        2.0,
        2.5,
        3.0,
        3.5,
        4.0,
        4.5,
        5.0,
        5.5,
        6.0,
        6.5,
        7.0,
        7.5,
        8.0,
        8.5,
        9.0,
        9.5,
        10.0,
        10.5,
        11.0,
        11.5,
        12.0,
        12.5,
        13.0,
        13.5,
        14.0,
        14.5,
        15.0,
        15.5,
        16.0,
        16.5,
        17.0,
        17.5,
        18.0,
        18.5,
        19.0,
        19.5,
        20.0,
        20.5,
        21.0,
        21.5,
        22.0,
        22.5,
        23.0,
        23.5,
        24.0,
        24.5,
        25.0,
        25.5,
        26.0,
        26.5,
        27.0,
        27.5,
        28.0,
        28.5,
        29.0,
        29.5,
        30.0
    ],
    "bandwidths": [
        0.1,
        0.868416,
        3.236928,
        5.230688,
        6.520768,
        7.951584,
        9.85152,
        11.868736,
        10.250272,
        6.876736,
        8.186144,
        10.250272,
        10.297184,
        12.502048,
        12.103296,
        13.72176,
        7.107168,
        7.247904,
        9.85152,
        10.015712,
        10.508288,
        11.49344,
        9.757696,
        15.152576,
        14.167424,
        15.36368,
        13.346464,
        14.800736,
        15.058752,
        13.25264,
        14.941472,
        14.42544,
        14.050144,
        15.8328,
        15.152576,
        13.815584,
        13.581024,
        11.774912,
        9.218208,
        11.282336,
        8.702176,
        9.007104,
        5.652896,
        7.300032,
        9.804608,
        9.452768,
        10.813216,
        9.874976,
        9.85152,
        6.051648,
        8.2096,
        9.312032,
        6.591136,
        10.250272,
        8.233056,
        9.593504,
        9.921888,
        9.73424,
        10.695936,
        14.566176,
        14.284704
    ],
    "delays": [
        27.8995
    ],
    "loss": 0,
    "queue": 10,
    "delay_noise": 0
}