{
    "timestamps": [
        0.0,
        0.5,
        1.0,
        1.5,
        2.0,
        2.5,
        3.0,
        3.5,
        4.0,
        4.5,
        5.0,
        5.5,
        6.0,
        6.5,
        7.0,
        7.5,
        8.0,
        8.5,
        9.0,
        9.5,
        10.0,
        10.5,
        11.0,
        11.5,
        12.0,
        12.5,
        13.0,
        13.5,
        14.0,
        14.5,
        15.0,
        15.5,
        16.0,
        16.5,
        17.0,
        17.5,
        18.0,
        18.5,
        19.0,
        19.5,
        20.0,
        20.5,
        21.0,
        21.5,
        22.0,
        22.5,
        23.0,
        23.5,
        24.0,
        24.5,
        25.0,
        25.5,
        26.0,
        26.5,
        27.0,
        27.5,
        28.0,
        28.5,
        29.0,
        29.5,
        30.0,
        30.5
    ],
    "bandwidths": [
        0.1,
        0.915328,
        3.143104,
        4.761568,
        7.247904,
        6.473856,
        7.224448,
        7.27136,
        8.91328,
        8.608352,
        9.100928,
        9.100928,
        7.38864,
        6.614592,
        8.373792,
        7.646656,
        6.778784,
        7.50592,
        7.341728,
        7.224448,
        5.652896,
        6.028192,
        4.33936,
        1.806112,
        1.548096,
        1.266624,
        2.69744,
        3.330752,
        2.767808,
        3.28384,
        3.893696,
        5.934368,
        6.661504,
        5.04304,
        5.676352,
        9.358944,
        10.531744,
        10.43792,
        10.273728,
        9.241664,
        9.898432,
        8.584896,
        12.408224,
        16.043904,
        15.903168,
        16.161184,
        14.941472,
        16.630304,
        16.606848,
        15.879712,
        11.399616,
        11.774912,
        14.706912,
        16.18464,
        15.410592,
        13.557568,
        15.879712,
        11.892192,
        13.205728,
        14.378528,
        15.199488,
        0.727136
    ],
    "delays": [
        26.0965
    ],
    "loss": 0,
    "queue": 10,
    "delay_noise": 0
}