{
    "timestamps": [
        0.0,
        0.5,
        1.0,
        1.5,
        2.0,
        2.5,
        3.0,
        3.5,
        4.0,
        4.5,
        5.0,
        5.5,
        6.0,
        6.5,
        7.0,
        7.5,
        8.0,
        8.5,
        9.0,
        9.5,
        10.0,
        10.5,
        11.0,
        11.5,
        12.0,
        12.5,
        13.0,
        13.5,
        14.0,
        14.5,
        15.0,
        15.5,
        16.0,
        16.5,
        17.0,
        17.5,
        18.0,
        18.5,
        19.0,
        19.5,
        20.0,
        20.5,
        21.0,
        21.5,
        22.0,
        22.5,
        23.0,
        23.5,
        24.0,
        24.5,
        25.0,
        25.5,
        26.0,
        26.5,
        27.0,
        27.5,
        28.0,
        28.5,
        29.0,
        29.5,
        30.0,
        30.5
    ],
    "bandwidths": [
        0.1,
        0.399296,
        1.665376,
        2.978912,
        3.87024,
        4.949216,
        2.322144,
        1.71904,
        2.767808,
        2.627072,
        3.190016,
        3.424576,
        2.932,
        1.266624,
        1.550848,
        2.204864,
        2.017216,
        1.99376,
        2.251776,
        2.673984,
        2.955456,
        3.448032,
        2.673984,
        1.87648,
        1.829568,
        1.853024,
        3.025824,
        2.322144,
        1.712288,
        2.064128,
        2.978912,
        3.682592,
        2.932,
        2.673984,
        1.40736,
        1.35536,
        2.275232,
        2.58016,
        3.330752,
        2.908544,
        4.45664,
        2.204864,
        1.430816,
        2.322144,
        2.603616,
        2.720896,
        3.236928,
        4.409728,
        3.799872,
        2.134496,
        1.970304,
        2.603616,
        2.603616,
        1.360448,
        1.430816,
        1.383904,
        1.712288,
        2.369056,
        3.307296,
        2.298688,
        4.151712,
        0.1
    ],
    "delays": [
        35.872
    ],
    "loss": 0,
    "queue": 10,
    "delay_noise": 0
}