{
    "timestamps": [
        0.0,
        0.5,
        1.0,
        1.5,
        2.0,
        2.5,
        3.0,
        3.5,
        4.0,
        4.5,
        5.0,
        5.5,
        6.0,
        6.5,
        7.0,
        7.5,
        8.0,
        8.5,
        9.0,
        9.5,
        10.0,
        10.5,
        11.0,
        11.5,
        12.0,
        12.5,
        13.0,
        13.5,
        14.0,
        14.5,
        15.0,
        15.5,
        16.0,
        16.5,
        17.0,
        17.5,
        18.0,
        18.5,
        19.0,
        19.5,
        20.0,
        20.5,
        21.0,
        21.5,
        22.0,
        22.5,
        23.0,
        23.5,
        24.0,
        24.5,
        25.0,
        25.5,
        26.0,
        26.5,
        27.0,
        27.5,
        28.0,
        28.5,
        29.0,
        29.5,
        30.0
    ],
    "bandwidths": [
        0.1,
        0.278624,
        6.358976,
        13.438656,
        13.642272,
        13.031424,
        8.484,
        8.280384,
        13.91376,
        13.5744,
        12.262208,
        12.624192,
        12.692064,
        11.673984,
        7.9184,
        5.656,
        8.868608,
        7.986272,
        8.551872,
        6.063232,
        6.244224,
        5.904864,
        7.12656,
        5.248768,
        9.094848,
        8.755488,
        6.628832,
        6.176352,
        7.284928,
        9.117472,
        10.248672,
        10.995264,
        10.814272,
        8.054144,
        6.945568,
        1.990912,
        3.257856,
        4.54704,
        2.669632,
        1.990912,
        2.986368,
        1.17616,
        1.764672,
        1.606304,
        2.329984,
        2.03616,
        2.081408,
        3.574592,
        4.07232,
        2.647008,
        3.642464,
        7.80528,
        8.393504,
        9.796192,
        11.628736,
        8.416128,
        12.692064,
        11.968096,
        11.492992,
        12.10384,
        11.108384
    ],
    "delays": [
        31.384
    ],
    "loss": 0,
    "queue": 10,
    "delay_noise": 0
}