{
    "timestamps": [
        0.0,
        0.5,
        1.0,
        1.5,
        2.0,
        2.5,
        3.0,
        3.5,
        4.0,
        4.5,
        5.0,
        5.5,
        6.0,
        6.5,
        7.0,
        7.5,
        8.0,
        8.5,
        9.0,
        9.5,
        10.0,
        10.5,
        11.0,
        11.5,
        12.0,
        12.5,
        13.0,
        13.5,
        14.0,
        14.5,
        15.0,
        15.5,
        16.0,
        16.5,
        17.0,
        17.5,
        18.0,
        18.5,
        19.0,
        19.5,
        20.0,
        20.5,
        21.0,
        21.5,
        22.0,
        22.5,
        23.0,
        23.5,
        24.0,
        24.5,
        25.0,
        25.5,
        26.0,
        26.5,
        27.0,
        27.5,
        28.0,
        28.5,
        29.0,
        29.5,
        30.0
    ],
    "bandwidths": [
        0.1,
        0.1,
        0.1,
        0.278624,
        3.825088,
        12.284832,
        14.162624,
        13.144544,
        14.185248,
        13.416032,
        14.388864,
        14.162624,
        10.995264,
        12.55632,
        11.809728,
        11.922848,
        12.624192,
        14.59248,
        11.131008,
        9.909312,
        12.397952,
        13.506528,
        14.094752,
        15.587936,
        13.845888,
        14.388864,
        14.25312,
        13.23504,
        12.714688,
        13.280288,
        14.343616,
        14.388864,
        13.23504,
        14.298368,
        13.845888,
        14.072128,
        14.004256,
        13.031424,
        13.189792,
        14.02688,
        12.194336,
        13.891136,
        13.642272,
        13.823264,
        14.977088,
        13.642272,
        13.823264,
        13.280288,
        14.207872,
        15.248576,
        12.578944,
        13.325536,
        14.660352,
        14.275744,
        13.664896,
        13.868512,
        14.117376,
        12.284832,
        14.388864,
        13.099296,
        9.366336
    ],
    "delays": [
        30.647000000000002
    ],
    "loss": 0,
    "queue": 10,
    "delay_noise": 0
}