{
    "timestamps": [
        0.0,
        0.5,
        1.0,
        1.5,
        2.0,
        2.5,
        3.0,
        3.5,
        4.0,
        4.5,
        5.0,
        5.5,
        6.0,
        6.5,
        7.0,
        7.5,
        8.0,
        8.5,
        9.0,
        9.5,
        10.0,
        10.5,
        11.0,
        11.5,
        12.0,
        12.5,
        13.0,
        13.5,
        14.0,
        14.5,
        15.0,
        15.5,
        16.0,
        16.5,
        17.0,
        17.5,
        18.0,
        18.5,
        19.0,
        19.5,
        20.0,
        20.5,
        21.0,
        21.5,
        22.0,
        22.5,
        23.0,
        23.5,
        24.0,
        24.5,
        25.0,
        25.5,
        26.0,
        26.5,
        27.0,
        27.5,
        28.0,
        28.5,
        29.0,
        29.5,
        30.0
    ],
    "bandwidths": [
        0.1,
        0.256,
        7.96528,
        9.434208,
        11.53824,
        14.094752,
        11.53824,
        12.307456,
        8.800736,
        9.99952,
        8.099104,
        11.131008,
        11.945472,
        16.425024,
        13.0088,
        12.307456,
        13.80064,
        9.434208,
        14.434112,
        15.72368,
        11.741856,
        11.244128,
        12.601568,
        15.361696,
        10.882144,
        11.63056,
        14.049504,
        12.035968,
        13.370784,
        9.117472,
        1.968288,
        3.61984,
        4.275936,
        4.773328,
        2.556512,
        3.50672,
        5.180896,
        3.891328,
        4.796288,
        5.633376,
        3.9592,
        3.868704,
        5.045152,
        3.936576,
        3.122112,
        3.936288,
        5.656,
        4.321184,
        5.294016,
        5.384512,
        5.42976,
        5.452384,
        5.113024,
        4.683168,
        4.41168,
        4.41168,
        5.565504,
        4.502176,
        4.683168,
        4.886784,
        2.37552
    ],
    "delays": [
        35.968
    ],
    "loss": 0,
    "queue": 10,
    "delay_noise": 0
}