{
    "timestamps": [
        0.0,
        0.5,
        1.0,
        1.5,
        2.0,
        2.5,
        3.0,
        3.5,
        4.0,
        4.5,
        5.0,
        5.5,
        6.0,
        6.5,
        7.0,
        7.5,
        8.0,
        8.5,
        9.0,
        9.5,
        10.0,
        10.5,
        11.0,
        11.5,
        12.0,
        12.5,
        13.0,
        13.5,
        14.0,
        14.5,
        15.0,
        15.5,
        16.0,
        16.5,
        17.0,
        17.5,
        18.0,
        18.5,
        19.0,
        19.5,
        20.0,
        20.5,
        21.0,
        21.5,
        22.0,
        22.5,
        23.0,
        23.5,
        24.0,
        24.5,
        25.0,
        25.5,
        26.0,
        26.5,
        27.0,
        27.5,
        28.0,
        28.5,
        29.0,
        29.5,
        30.0,
        30.5
    ],
    "bandwidths": [
        0.1,
        2.546944,
        5.112,
        5.16,
        4.584,
        4.608,
        4.944,
        4.68,
        4.728,
        4.968,
        5.016,
        5.112,
        5.088,
        5.064,
        5.304,
        5.088,
        5.016,
        5.28,
        4.704,
        4.776,
        4.392,
        4.344,
        4.848,
        4.968,
        4.848,
        4.728,
        4.92,
        4.992,
        4.392,
        4.872,
        5.04,
        5.136,
        4.992,
        5.088,
        4.896,
        4.416,
        4.56,
        4.752,
        4.728,
        4.608,
        4.488,
        4.512,
        4.392,
        4.464,
        4.176,
        4.536,
        4.728,
        4.584,
        3.816,
        4.176,
        4.224,
        4.608,
        4.752,
        4.704,
        4.68,
        4.728,
        4.824,
        4.872,
        4.752,
        4.56,
        4.368,
        0.12
    ],
    "delays": [
        34.135999999999996
    ],
    "loss": 0,
    "queue": 10,
    "delay_noise": 0
}