{
    "timestamps": [
        0.0,
        0.5,
        1.0,
        1.5,
        2.0,
        2.5,
        3.0,
        3.5,
        4.0,
        4.5,
        5.0,
        5.5,
        6.0,
        6.5,
        7.0,
        7.5,
        8.0,
        8.5,
        9.0,
        9.5,
        10.0,
        10.5,
        11.0,
        11.5,
        12.0,
        12.5,
        13.0,
        13.5,
        14.0,
        14.5,
        15.0,
        15.5,
        16.0,
        16.5,
        17.0,
        17.5,
        18.0,
        18.5,
        19.0,
        19.5,
        20.0,
        20.5,
        21.0,
        21.5,
        22.0,
        22.5,
        23.0,
        23.5,
        24.0,
        24.5,
        25.0,
        25.5,
        26.0,
        26.5,
        27.0,
        27.5,
        28.0,
        28.5,
        29.0,
        29.5,
        30.0
    ],
    "bandwidths": [
        0.1,
        4.778944,
        13.848,
        14.64,
        13.176,
        13.8,
        12.816,
        12.744,
        11.064,
        11.256,
        10.68,
        10.224,
        10.248,
        7.92,
        7.896,
        9.048,
        9.264,
        5.137408,
        5.04,
        6.408,
        5.064,
        6.24,
        5.88,
        5.448,
        5.304,
        4.824,
        4.416,
        3.936,
        3.864,
        3.648,
        3.432,
        2.784,
        3.6,
        3.288,
        2.976,
        2.928,
        3.072,
        3.264,
        3.648,
        3.145408,
        4.32,
        5.112,
        5.616,
        6.0,
        6.0,
        6.384,
        5.88,
        6.432,
        6.696,
        6.312,
        7.2,
        7.176,
        7.224,
        6.984,
        7.296,
        7.176,
        7.848,
        8.04,
        7.632,
        7.728,
        6.936
    ],
    "delays": [
        31.512
    ],
    "loss": 0,
    "queue": 10,
    "delay_noise": 0
}