{
    "timestamps": [
        0.0,
        0.5,
        1.0,
        1.5,
        2.0,
        2.5,
        3.0,
        3.5,
        4.0,
        4.5,
        5.0,
        5.5,
        6.0,
        6.5,
        7.0,
        7.5,
        8.0,
        8.5,
        9.0,
        9.5,
        10.0,
        10.5,
        11.0,
        11.5,
        12.0,
        12.5,
        13.0,
        13.5,
        14.0,
        14.5,
        15.0,
        15.5,
        16.0,
        16.5,
        17.0,
        17.5,
        18.0,
        18.5,
        19.0,
        19.5,
        20.0,
        20.5,
        21.0,
        21.5,
        22.0,
        22.5,
        23.0,
        23.5,
        24.0,
        24.5,
        25.0,
        25.5,
        26.0,
        26.5,
        27.0,
        27.5,
        28.0,
        28.5,
        29.0,
        29.5,
        30.0
    ],
    "bandwidths": [
        0.1,
        0.212448,
        0.914784,
        1.05552,
        1.149344,
        1.149344,
        1.29008,
        1.29008,
        1.336992,
        1.430816,
        1.360448,
        1.219712,
        1.336992,
        1.196256,
        1.196256,
        1.336992,
        1.05552,
        1.336992,
        1.1728,
        1.149344,
        1.29008,
        1.1728,
        1.05552,
        0.844416,
        0.680224,
        0.5864,
        0.539488,
        0.422208,
        0.492576,
        0.328384,
        0.187648,
        0.11728,
        0.1,
        0.1,
        0.1,
        0.1,
        0.1,
        0.1,
        0.258016,
        0.258016,
        0.281472,
        0.23456,
        0.164192,
        0.140736,
        0.1,
        0.1,
        0.1,
        0.11648,
        0.211104,
        0.140736,
        0.281472,
        0.281472,
        0.304928,
        0.211104,
        0.211104,
        0.281472,
        0.23456,
        0.35184,
        0.281472,
        0.328384,
        0.398752
    ],
    "delays": [
        45.482499999999995
    ],
    "loss": 0,
    "queue": 10,
    "delay_noise": 0,
    "T_s": 0
}