{
    "timestamps": [
        0.0,
        0.5,
        1.0,
        1.5,
        2.0,
        2.5,
        3.0,
        3.5,
        4.0,
        4.5,
        5.0,
        5.5,
        6.0,
        6.5,
        7.0,
        7.5,
        8.0,
        8.5,
        9.0,
        9.5,
        10.0,
        10.5,
        11.0,
        11.5,
        12.0,
        12.5,
        13.0,
        13.5,
        14.0,
        14.5,
        15.0,
        15.5,
        16.0,
        16.5,
        17.0,
        17.5,
        18.0,
        18.5,
        19.0,
        19.5,
        20.0,
        20.5,
        21.0,
        21.5,
        22.0,
        22.5,
        23.0,
        23.5,
        24.0,
        24.5,
        25.0,
        25.5,
        26.0,
        26.5,
        27.0,
        27.5,
        28.0,
        28.5,
        29.0,
        29.5,
        30.0
    ],
    "bandwidths": [
        0.1,
        0.400096,
        1.40736,
        1.665376,
        1.430816,
        1.454272,
        1.501184,
        1.477728,
        1.313536,
        1.266624,
        1.40736,
        1.383904,
        1.383904,
        1.219712,
        1.313536,
        1.196256,
        0.891328,
        0.985152,
        1.1728,
        0.914784,
        1.078976,
        1.149344,
        0.867872,
        0.797504,
        0.750592,
        0.680224,
        0.633312,
        0.70368,
        0.46912,
        0.492576,
        0.422208,
        0.562944,
        0.46912,
        0.562944,
        0.727136,
        0.656768,
        0.445664,
        0.633312,
        0.656768,
        0.70368,
        0.82096,
        0.891328,
        0.5864,
        0.23456,
        0.164192,
        0.140736,
        0.1,
        0.1,
        0.1,
        0.1,
        0.1,
        0.1,
        0.1,
        0.1,
        0.23376,
        0.281472,
        0.304928,
        0.11728,
        0.187648,
        0.11728,
        0.1
    ],
    "delays": [
        35.7265
    ],
    "loss": 0,
    "queue": 10,
    "delay_noise": 0,
    "T_s": 0
}