{
    "timestamps": [
        0.0,
        0.5,
        1.0,
        1.5,
        2.0,
        2.5,
        3.0,
        3.5,
        4.0,
        4.5,
        5.0,
        5.5,
        6.0,
        6.5,
        7.0,
        7.5,
        8.0,
        8.5,
        9.0,
        9.5,
        10.0,
        10.5,
        11.0,
        11.5,
        12.0,
        12.5,
        13.0,
        13.5,
        14.0,
        14.5,
        15.0,
        15.5,
        16.0,
        16.5,
        17.0,
        17.5,
        18.0,
        18.5,
        19.0,
        19.5,
        20.0,
        20.5,
        21.0,
        21.5,
        22.0,
        22.5,
        23.0,
        23.5,
        24.0,
        24.5,
        25.0,
        25.5,
        26.0,
        26.5,
        27.0,
        27.5,
        28.0,
        28.5,
        29.0,
        29.5,
        30.0
    ],
    "bandwidths": [
        0.1,
        0.256,
        0.883968,
        1.22304,
        1.243792,
        1.289648,
        1.289344,
        1.244048,
        1.243824,
        1.176448,
        1.312192,
        1.017808,
        1.108304,
        1.108576,
        1.199072,
        1.063328,
        1.221696,
        1.244048,
        1.063328,
        1.040432,
        1.085952,
        1.063328,
        0.972832,
        0.85944,
        0.52008,
        0.337936,
        0.363136,
        0.610304,
        0.520352,
        0.475104,
        0.497728,
        0.407232,
        0.58768,
        0.542976,
        0.588224,
        0.633472,
        0.656096,
        0.520352,
        0.610848,
        0.5656,
        0.542976,
        0.52008,
        0.5656,
        0.542704,
        0.22624,
        0.29384,
        0.384064,
        0.294112,
        0.180992,
        0.225696,
        0.318112,
        0.248592,
        0.248592,
        0.203616,
        0.203616,
        0.225968,
        0.294112,
        0.294112,
        0.407232,
        0.384608,
        0.271488
    ],
    "delays": [
        37.022
    ],
    "loss": 0,
    "queue": 10,
    "delay_noise": 0,
    "T_s": 0
}