{
    "timestamps": [
        0.0,
        0.5,
        1.0,
        1.5,
        2.0,
        2.5,
        3.0,
        3.5,
        4.0,
        4.5,
        5.0,
        5.5,
        6.0,
        6.5,
        7.0,
        7.5,
        8.0,
        8.5,
        9.0,
        9.5,
        10.0,
        10.5,
        11.0,
        11.5,
        12.0,
        12.5,
        13.0,
        13.5,
        14.0,
        14.5,
        15.0,
        15.5,
        16.0,
        16.5,
        17.0,
        17.5,
        18.0,
        18.5,
        19.0,
        19.5,
        20.0,
        20.5,
        21.0,
        21.5,
        22.0,
        22.5,
        23.0,
        23.5,
        24.0,
        24.5,
        25.0,
        25.5,
        26.0,
        26.5,
        27.0,
        27.5,
        28.0,
        28.5,
        29.0,
        29.5,
        30.0
    ],
    "bandwidths": [
        0.1,
        0.256,
        1.042336,
        1.040448,
        1.130944,
        1.085696,
        1.221696,
        1.402688,
        1.108576,
        1.24432,
        1.289568,
        1.312192,
        1.1312,
        1.085952,
        1.221696,
        1.380064,
        1.334816,
        1.402688,
        1.221696,
        1.040704,
        1.063056,
        1.266656,
        1.01808,
        0.838736,
        0.655824,
        0.452144,
        0.519488,
        0.429312,
        0.429584,
        0.520352,
        0.5656,
        0.701344,
        0.497728,
        0.475104,
        0.383968,
        0.474832,
        0.542704,
        0.5656,
        0.542976,
        0.499424,
        0.452208,
        0.5656,
        0.542976,
        0.497728,
        0.52008,
        0.248864,
        0.29248,
        0.384608,
        0.361072,
        0.339088,
        0.361984,
        0.384608,
        0.318384,
        0.135744,
        0.362768,
        0.33936,
        0.33936,
        0.29384,
        0.361712,
        0.339088,
        0.203616
    ],
    "delays": [
        38.817499999999995
    ],
    "loss": 0,
    "queue": 10,
    "delay_noise": 0,
    "T_s": 0
}