{
    "timestamps": [
        0.0,
        0.5,
        1.0,
        1.5,
        2.0,
        2.5,
        3.0,
        3.5,
        4.0,
        4.5,
        5.0,
        5.5,
        6.0,
        6.5,
        7.0,
        7.5,
        8.0,
        8.5,
        9.0,
        9.5,
        10.0,
        10.5,
        11.0,
        11.5,
        12.0,
        12.5,
        13.0,
        13.5,
        14.0,
        14.5,
        15.0,
        15.5,
        16.0,
        16.5,
        17.0,
        17.5,
        18.0,
        18.5,
        19.0,
        19.5,
        20.0,
        20.5,
        21.0,
        21.5,
        22.0,
        22.5,
        23.0,
        23.5,
        24.0,
        24.5,
        25.0,
        25.5,
        26.0,
        26.5,
        27.0,
        27.5,
        28.0,
        28.5,
        29.0,
        29.5,
        30.0
    ],
    "bandwidths": [
        0.1,
        0.210752,
        1.110208,
        1.425312,
        1.175856,
        1.17472,
        1.446256,
        1.221696,
        1.356672,
        1.35744,
        1.447664,
        1.312192,
        1.085952,
        1.176176,
        1.199072,
        1.1312,
        1.402688,
        1.1312,
        1.199072,
        1.01808,
        1.289296,
        1.24432,
        0.927584,
        0.927312,
        0.723968,
        0.497728,
        0.429584,
        0.587312,
        0.610848,
        0.723968,
        0.6332,
        0.656096,
        0.542976,
        0.567024,
        0.5656,
        0.701344,
        0.656096,
        0.656096,
        0.656096,
        0.633472,
        0.610848,
        0.723968,
        0.701344,
        0.610848,
        0.475104,
        0.316736,
        0.383424,
        0.203344,
        0.337952,
        0.384608,
        0.248864,
        0.316192,
        0.474832,
        0.407232,
        0.361984,
        0.316464,
        0.497728,
        0.497728,
        0.475104,
        0.45248,
        0.361712
    ],
    "delays": [
        31.8445
    ],
    "loss": 0,
    "queue": 10,
    "delay_noise": 0,
    "T_s": 0
}