{
    "timestamps": [
        0.0,
        0.5,
        1.0,
        1.5,
        2.0,
        2.5,
        3.0,
        3.5,
        4.0,
        4.5,
        5.0,
        5.5,
        6.0,
        6.5,
        7.0,
        7.5,
        8.0,
        8.5,
        9.0,
        9.5,
        10.0,
        10.5,
        11.0,
        11.5,
        12.0,
        12.5,
        13.0,
        13.5,
        14.0,
        14.5,
        15.0,
        15.5,
        16.0,
        16.5,
        17.0,
        17.5,
        18.0,
        18.5,
        19.0,
        19.5,
        20.0,
        20.5,
        21.0,
        21.5,
        22.0,
        22.5,
        23.0,
        23.5,
        24.0,
        24.5,
        25.0,
        25.5,
        26.0,
        26.5,
        27.0,
        27.5,
        28.0,
        28.5,
        29.0,
        29.5,
        30.0
    ],
    "bandwidths": [
        0.1,
        2.738944,
        26.472,
        21.96,
        23.16,
        29.472,
        14.184,
        16.392,
        28.944,
        18.48,
        20.328,
        18.432,
        18.936,
        14.688,
        14.352,
        16.512,
        15.168,
        17.76,
        23.088,
        25.2,
        12.648,
        18.144,
        13.152,
        18.864,
        22.32,
        19.656,
        17.256,
        22.728,
        27.744,
        18.072,
        20.568,
        22.824,
        30.576,
        30.192,
        24.384,
        19.32,
        20.16,
        13.656,
        17.88,
        6.456,
        11.784,
        22.752,
        23.208,
        24.624,
        24.312,
        22.32,
        16.392,
        16.728,
        14.976,
        17.4,
        17.472,
        19.176,
        21.456,
        15.144,
        12.672,
        21.312,
        19.8,
        20.352,
        24.216,
        22.44,
        26.136
    ],
    "delays": [
        17.813000000000002
    ],
    "loss": 0,
    "queue": 10,
    "delay_noise": 0
}