{
    "timestamps": [
        0.0,
        0.5,
        1.0,
        1.5,
        2.0,
        2.5,
        3.0,
        3.5,
        4.0,
        4.5,
        5.0,
        5.5,
        6.0,
        6.5,
        7.0,
        7.5,
        8.0,
        8.5,
        9.0,
        9.5,
        10.0,
        10.5,
        11.0,
        11.5,
        12.0,
        12.5,
        13.0,
        13.5,
        14.0,
        14.5,
        15.0,
        15.5,
        16.0,
        16.5,
        17.0,
        17.5,
        18.0,
        18.5,
        19.0,
        19.5,
        20.0,
        20.5,
        21.0,
        21.5,
        22.0,
        22.5,
        23.0,
        23.5,
        24.0,
        24.5,
        25.0,
        25.5,
        26.0,
        26.5,
        27.0,
        27.5,
        28.0,
        28.5,
        29.0,
        29.5,
        30.0,
        30.5
    ],
    "bandwidths": [
        0.1,
        0.891872,
        4.550464,
        7.482464,
        10.297184,
        10.836672,
        11.094688,
        14.331616,
        19.679584,
        16.583392,
        15.621696,
        19.11664,
        18.811712,
        14.097056,
        8.420704,
        5.91376,
        14.54272,
        11.986016,
        4.644288,
        3.945056,
        7.50592,
        8.32688,
        9.054016,
        13.229184,
        18.014208,
        14.472352,
        14.871104,
        11.634176,
        16.700672,
        9.14784,
        3.002368,
        4.386272,
        4.620832,
        3.823328,
        4.714656,
        6.497312,
        3.940608,
        6.591136,
        4.855392,
        10.039168,
        11.868736,
        9.100928,
        11.634176,
        7.130624,
        7.810848,
        10.109536,
        12.54896,
        7.130624,
        9.593504,
        8.936736,
        9.85152,
        10.273728,
        6.661504,
        7.839744,
        10.695936,
        7.810848,
        11.37616,
        9.358944,
        7.365184,
        8.397248,
        8.749088,
        0.1
    ],
    "delays": [
        17.47
    ],
    "loss": 0,
    "queue": 10,
    "delay_noise": 0
}