{
    "timestamps": [
        0.0,
        0.5,
        1.0,
        1.5,
        2.0,
        2.5,
        3.0,
        3.5,
        4.0,
        4.5,
        5.0,
        5.5,
        6.0,
        6.5,
        7.0,
        7.5,
        8.0,
        8.5,
        9.0,
        9.5,
        10.0,
        10.5,
        11.0,
        11.5,
        12.0,
        12.5,
        13.0,
        13.5,
        14.0,
        14.5,
        15.0,
        15.5,
        16.0,
        16.5,
        17.0,
        17.5,
        18.0,
        18.5,
        19.0,
        19.5,
        20.0,
        20.5,
        21.0,
        21.5,
        22.0,
        22.5,
        23.0,
        23.5,
        24.0,
        24.5,
        25.0,
        25.5,
        26.0,
        26.5,
        27.0,
        27.5,
        28.0,
        28.5,
        29.0,
        29.5,
        30.0,
        30.5
    ],
    "bandwidths": [
        0.1,
        0.329728,
        2.3456,
        4.034432,
        4.175168,
        6.708416,
        8.772544,
        8.631808,
        11.728,
        12.384768,
        11.352704,
        7.928128,
        4.268992,
        5.453664,
        7.247904,
        6.262752,
        9.73424,
        15.527872,
        13.111904,
        19.069728,
        17.803104,
        16.935232,
        23.901664,
        24.089312,
        18.905536,
        9.898432,
        15.990656,
        16.348832,
        9.85152,
        18.975904,
        12.924256,
        21.438784,
        20.05488,
        22.75232,
        15.176032,
        13.862496,
        21.321504,
        26.528736,
        18.7648,
        21.532608,
        19.210464,
        19.609216,
        11.305792,
        18.743264,
        12.3144,
        15.2464,
        18.694432,
        23.714016,
        21.884448,
        20.430176,
        14.42544,
        21.860992,
        25.191744,
        27.302784,
        28.334848,
        28.639776,
        27.115136,
        26.481824,
        23.315264,
        24.792992,
        24.722624,
        0.516032
    ],
    "delays": [
        14.7885
    ],
    "loss": 0,
    "queue": 10,
    "delay_noise": 0
}