{
    "timestamps": [
        0.0,
        0.5,
        1.0,
        1.5,
        2.0,
        2.5,
        3.0,
        3.5,
        4.0,
        4.5,
        5.0,
        5.5,
        6.0,
        6.5,
        7.0,
        7.5,
        8.0,
        8.5,
        9.0,
        9.5,
        10.0,
        10.5,
        11.0,
        11.5,
        12.0,
        12.5,
        13.0,
        13.5,
        14.0,
        14.5,
        15.0,
        15.5,
        16.0,
        16.5,
        17.0,
        17.5,
        18.0,
        18.5,
        19.0,
        19.5,
        20.0,
        20.5,
        21.0,
        21.5,
        22.0,
        22.5,
        23.0,
        23.5,
        24.0,
        24.5,
        25.0,
        25.5,
        26.0,
        26.5,
        27.0,
        27.5,
        28.0,
        28.5,
        29.0,
        29.5,
        30.0,
        30.5
    ],
    "bandwidths": [
        0.1,
        0.211648,
        1.946848,
        6.520768,
        10.32064,
        13.299552,
        15.36368,
        15.973536,
        13.674848,
        21.204224,
        17.967296,
        11.892192,
        17.732736,
        20.547456,
        13.627936,
        15.36368,
        11.61072,
        8.311488,
        15.176032,
        6.303008,
        11.516896,
        13.25264,
        11.188512,
        16.161184,
        11.094688,
        3.945184,
        7.552832,
        6.942976,
        9.218208,
        7.810848,
        6.591136,
        9.710784,
        7.552832,
        12.384768,
        12.009472,
        9.85152,
        10.508288,
        12.478592,
        11.399616,
        12.924256,
        13.768672,
        19.749952,
        14.613088,
        11.774912,
        10.43792,
        11.868736,
        11.094688,
        11.165056,
        13.95632,
        12.244032,
        11.798368,
        10.009376,
        11.399616,
        9.992256,
        11.02432,
        9.26512,
        7.717024,
        10.977408,
        12.66624,
        6.544224,
        9.921888,
        0.328384
    ],
    "delays": [
        14.6875
    ],
    "loss": 0,
    "queue": 10,
    "delay_noise": 0
}