{
    "timestamps": [
        0.0,
        0.5,
        1.0,
        1.5,
        2.0,
        2.5,
        3.0,
        3.5,
        4.0,
        4.5,
        5.0,
        5.5,
        6.0,
        6.5,
        7.0,
        7.5,
        8.0,
        8.5,
        9.0,
        9.5,
        10.0,
        10.5,
        11.0,
        11.5,
        12.0,
        12.5,
        13.0,
        13.5,
        14.0,
        14.5,
        15.0,
        15.5,
        16.0,
        16.5,
        17.0,
        17.5,
        18.0,
        18.5,
        19.0,
        19.5,
        20.0,
        20.5,
        21.0,
        21.5,
        22.0,
        22.5,
        23.0,
        23.5,
        24.0,
        24.5,
        25.0,
        25.5,
        26.0,
        26.5,
        27.0,
        27.5,
        28.0,
        28.5,
        29.0,
        29.5,
        30.0
    ],
    "bandwidths": [
        0.1,
        0.256,
        9.822032,
        11.19888,
        13.5744,
        9.16272,
        4.253312,
        5.0904,
        11.472144,
        5.678624,
        7.194144,
        17.30736,
        11.334624,
        7.9184,
        6.741952,
        15.361696,
        7.081024,
        8.506624,
        4.41168,
        5.361888,
        5.814368,
        6.312096,
        7.3528,
        7.488544,
        5.565504,
        3.438848,
        6.085568,
        7.284928,
        6.945568,
        8.529248,
        5.113024,
        9.0496,
        6.968192,
        6.538336,
        4.004448,
        6.017984,
        4.321184,
        4.705792,
        3.61984,
        4.818912,
        4.592672,
        5.88224,
        6.44784,
        5.0904,
        5.226144,
        7.149184,
        4.909408,
        4.389056,
        8.484,
        4.63792,
        4.773664,
        5.135648,
        6.515712,
        3.665088,
        3.981824,
        4.570048,
        4.321184,
        3.05424,
        4.909408,
        7.262304,
        5.950112
    ],
    "delays": [
        17.433
    ],
    "loss": 0,
    "queue": 10,
    "delay_noise": 0
}