{
    "timestamps": [
        0.0,
        0.5,
        1.0,
        1.5,
        2.0,
        2.5,
        3.0,
        3.5,
        4.0,
        4.5,
        5.0,
        5.5,
        6.0,
        6.5,
        7.0,
        7.5,
        8.0,
        8.5,
        9.0,
        9.5,
        10.0,
        10.5,
        11.0,
        11.5,
        12.0,
        12.5,
        13.0,
        13.5,
        14.0,
        14.5,
        15.0,
        15.5,
        16.0,
        16.5,
        17.0,
        17.5,
        18.0,
        18.5,
        19.0,
        19.5,
        20.0,
        20.5,
        21.0,
        21.5,
        22.0,
        22.5,
        23.0,
        23.5,
        24.0,
        24.5,
        25.0,
        25.5,
        26.0,
        26.5,
        27.0,
        27.5,
        28.0,
        28.5,
        29.0,
        29.5,
        30.0
    ],
    "bandwidths": [
        0.1,
        0.278624,
        16.63032,
        25.836608,
        23.1896,
        28.709856,
        20.70096,
        15.203328,
        25.587744,
        22.895488,
        19.999616,
        19.705504,
        10.29392,
        17.329984,
        18.302816,
        19.841248,
        9.094848,
        7.533792,
        6.312096,
        7.488544,
        8.280384,
        12.082992,
        16.040416,
        21.243936,
        24.524416,
        13.370784,
        6.605776,
        6.606208,
        13.0088,
        15.474816,
        8.778112,
        12.692064,
        10.090304,
        5.610752,
        9.84144,
        6.425216,
        10.97264,
        13.868512,
        14.999712,
        11.492992,
        8.868608,
        8.574496,
        9.343712,
        9.569952,
        8.03152,
        6.312096,
        5.271392,
        6.289472,
        1.92304,
        4.478976,
        6.176352,
        3.031616,
        4.524416,
        5.723872,
        3.891328,
        2.624384,
        3.416224,
        2.963744,
        6.493088,
        4.909408,
        1.92304
    ],
    "delays": [
        14.778500000000001
    ],
    "loss": 0,
    "queue": 10,
    "delay_noise": 0
}