{
    "timestamps": [
        0.0,
        0.5,
        1.0,
        1.5,
        2.0,
        2.5,
        3.0,
        3.5,
        4.0,
        4.5,
        5.0,
        5.5,
        6.0,
        6.5,
        7.0,
        7.5,
        8.0,
        8.5,
        9.0,
        9.5,
        10.0,
        10.5,
        11.0,
        11.5,
        12.0,
        12.5,
        13.0,
        13.5,
        14.0,
        14.5,
        15.0,
        15.5,
        16.0,
        16.5,
        17.0,
        17.5,
        18.0,
        18.5,
        19.0,
        19.5,
        20.0,
        20.5,
        21.0,
        21.5,
        22.0,
        22.5,
        23.0,
        23.5,
        24.0,
        24.5,
        25.0,
        25.5,
        26.0,
        26.5,
        27.0,
        27.5,
        28.0,
        28.5,
        29.0,
        29.5,
        30.0
    ],
    "bandwidths": [
        0.1,
        0.1,
        0.1,
        0.1,
        0.1,
        0.1,
        1.317888,
        17.239488,
        14.999712,
        14.773472,
        9.683072,
        12.89568,
        23.777824,
        26.447456,
        18.732672,
        15.701056,
        15.972544,
        10.090304,
        12.013344,
        10.723776,
        5.701248,
        8.325632,
        17.103744,
        16.357152,
        25.655616,
        26.786816,
        19.00416,
        20.542592,
        24.795904,
        22.465632,
        22.691872,
        24.298176,
        22.556128,
        23.008608,
        24.049312,
        30.135168,
        31.130624,
        26.47008,
        31.130624,
        23.121728,
        10.814272,
        12.805184,
        13.529152,
        16.085664,
        16.560768,
        19.796,
        25.542496,
        22.804992,
        11.470368,
        23.890944,
        21.83216,
        17.239488,
        22.96336,
        19.072032,
        16.425024,
        16.017792,
        13.981632,
        10.451904,
        11.063136,
        12.397952,
        11.244128
    ],
    "delays": [
        14.467500000000001
    ],
    "loss": 0,
    "queue": 10,
    "delay_noise": 0
}