{
    "timestamps": [
        0.0,
        0.5,
        1.0,
        1.5,
        2.0,
        2.5,
        3.0,
        3.5,
        4.0,
        4.5,
        5.0,
        5.5,
        6.0,
        6.5,
        7.0,
        7.5,
        8.0,
        8.5,
        9.0,
        9.5,
        10.0,
        10.5,
        11.0,
        11.5,
        12.0,
        12.5,
        13.0,
        13.5,
        14.0,
        14.5,
        15.0,
        15.5,
        16.0,
        16.5,
        17.0,
        17.5,
        18.0,
        18.5,
        19.0,
        19.5,
        20.0,
        20.5,
        21.0,
        21.5,
        22.0,
        22.5,
        23.0,
        23.5,
        24.0,
        24.5,
        25.0,
        25.5,
        26.0,
        26.5,
        27.0,
        27.5,
        28.0,
        28.5,
        29.0,
        29.5,
        30.0,
        30.5
    ],
    "bandwidths": [
        0.1,
        9.098944,
        9.648,
        11.88,
        8.4,
        8.976,
        12.336,
        11.088,
        13.776,
        13.344,
        9.432,
        8.304,
        9.384,
        10.272,
        6.792,
        9.84,
        11.16,
        8.136,
        7.608,
        11.232,
        7.656,
        9.36,
        10.872,
        10.416,
        7.032,
        6.096,
        5.712,
        4.8,
        4.32,
        4.296,
        3.624,
        3.24,
        2.88,
        2.448,
        2.064,
        1.68,
        1.128,
        0.912,
        1.032,
        0.984,
        1.272,
        1.32,
        1.152,
        1.224,
        1.056,
        1.272,
        1.344,
        1.32,
        0.96,
        1.152,
        1.032,
        0.84,
        0.888,
        1.08,
        1.008,
        1.104,
        1.008,
        0.912,
        1.008,
        0.912,
        0.912,
        0.1
    ],
    "delays": [
        14.790000000000001
    ],
    "loss": 0,
    "queue": 10,
    "delay_noise": 0
}