{
    "timestamps": [
        0.0,
        0.5,
        1.0,
        1.5,
        2.0,
        2.5,
        3.0,
        3.5,
        4.0,
        4.5,
        5.0,
        5.5,
        6.0,
        6.5,
        7.0,
        7.5,
        8.0,
        8.5,
        9.0,
        9.5,
        10.0,
        10.5,
        11.0,
        11.5,
        12.0,
        12.5,
        13.0,
        13.5,
        14.0,
        14.5,
        15.0,
        15.5,
        16.0,
        16.5,
        17.0,
        17.5,
        18.0,
        18.5,
        19.0,
        19.5,
        20.0,
        20.5,
        21.0,
        21.5,
        22.0,
        22.5,
        23.0,
        23.5,
        24.0,
        24.5,
        25.0,
        25.5,
        26.0,
        26.5,
        27.0,
        27.5,
        28.0,
        28.5,
        29.0,
        29.5,
        30.0
    ],
    "bandwidths": [
        0.1,
        0.842944,
        17.64,
        14.568,
        8.88,
        5.712,
        7.8,
        6.024,
        6.312,
        12.552,
        11.304,
        3.6,
        3.504,
        3.864,
        2.904,
        2.544,
        2.832,
        2.472,
        2.904,
        3.912,
        3.768,
        4.512,
        4.32,
        3.6,
        3.648,
        4.296,
        3.24,
        2.328,
        2.448,
        2.52,
        2.352,
        2.064,
        1.992,
        2.52,
        2.304,
        1.8,
        1.344,
        1.224,
        1.392,
        1.824,
        1.824,
        1.776,
        1.8,
        1.56,
        1.776,
        2.496,
        2.256,
        1.92,
        2.16,
        2.088,
        2.424,
        2.856,
        3.36,
        3.456,
        3.312,
        3.36,
        3.984,
        3.6,
        3.84,
        3.432,
        2.976
    ],
    "delays": [
        14.452000000000002
    ],
    "loss": 0,
    "queue": 10,
    "delay_noise": 0
}