{
    "timestamps": [
        0.0,
        0.5,
        1.0,
        1.5,
        2.0,
        2.5,
        3.0,
        3.5,
        4.0,
        4.5,
        5.0,
        5.5,
        6.0,
        6.5,
        7.0,
        7.5,
        8.0,
        8.5,
        9.0,
        9.5,
        10.0,
        10.5,
        11.0,
        11.5,
        12.0,
        12.5,
        13.0,
        13.5,
        14.0,
        14.5,
        15.0,
        15.5,
        16.0,
        16.5,
        17.0,
        17.5,
        18.0,
        18.5,
        19.0,
        19.5,
        20.0,
        20.5,
        21.0,
        21.5,
        22.0,
        22.5,
        23.0,
        23.5,
        24.0,
        24.5,
        25.0,
        25.5,
        26.0,
        26.5,
        27.0,
        27.5,
        28.0,
        28.5,
        29.0,
        29.5,
        30.0,
        30.5
    ],
    "bandwidths": [
        0.1,
        0.242944,
        0.888,
        2.16,
        2.112,
        2.232,
        2.328,
        1.776,
        1.968,
        2.232,
        2.136,
        2.208,
        2.16,
        2.256,
        2.328,
        2.304,
        2.28,
        2.352,
        2.256,
        2.328,
        2.208,
        2.064,
        0.84,
        0.888,
        1.296,
        1.464,
        1.488,
        1.296,
        1.464,
        1.368,
        1.176,
        1.584,
        1.512,
        1.536,
        1.368,
        1.344,
        1.704,
        1.632,
        1.512,
        1.584,
        1.656,
        1.296,
        1.272,
        1.224,
        1.128,
        0.408,
        1.008,
        0.888,
        1.2,
        0.984,
        1.08,
        0.912,
        1.056,
        1.032,
        1.224,
        1.224,
        1.152,
        0.984,
        0.912,
        0.864,
        1.008,
        0.192
    ],
    "delays": [
        110.22800000000001
    ],
    "loss": 0,
    "queue": 10,
    "delay_noise": 0,
    "T_s": 0
}