{
    "timestamps": [
        0.0,
        0.5,
        1.0,
        1.5,
        2.0,
        2.5,
        3.0,
        3.5,
        4.0,
        4.5,
        5.0,
        5.5,
        6.0,
        6.5,
        7.0,
        7.5,
        8.0,
        8.5,
        9.0,
        9.5,
        10.0,
        10.5,
        11.0,
        11.5,
        12.0,
        12.5,
        13.0,
        13.5,
        14.0,
        14.5,
        15.0,
        15.5,
        16.0,
        16.5,
        17.0,
        17.5,
        18.0,
        18.5,
        19.0,
        19.5,
        20.0,
        20.5,
        21.0,
        21.5,
        22.0,
        22.5,
        23.0,
        23.5,
        24.0,
        24.5,
        25.0,
        25.5,
        26.0,
        26.5,
        27.0,
        27.5,
        28.0,
        28.5,
        29.0,
        29.5,
        30.0,
        30.5
    ],
    "bandwidths": [
        0.1,
        0.1,
        0.1,
        0.1,
        0.187648,
        0.328384,
        0.562944,
        0.70368,
        0.93824,
        1.078976,
        1.360448,
        1.430816,
        1.571552,
        1.712288,
        1.946848,
        2.040672,
        2.181408,
        2.298688,
        2.087584,
        2.181408,
        2.204864,
        1.829568,
        2.134496,
        2.064128,
        1.735744,
        1.899936,
        2.017216,
        2.064128,
        1.87648,
        1.712288,
        1.99376,
        1.430816,
        1.87648,
        1.735744,
        1.64192,
        1.618464,
        1.618464,
        1.618464,
        1.501184,
        1.477728,
        1.7592,
        1.032064,
        1.360448,
        1.219712,
        0.750592,
        1.149344,
        1.219712,
        1.336992,
        0.914784,
        1.243168,
        1.383904,
        1.1728,
        1.266624,
        1.219712,
        1.1728,
        0.844416,
        1.219712,
        1.125888,
        0.867872,
        1.219712,
        1.243168,
        0.258016
    ],
    "delays": [
        111.4375
    ],
    "loss": 0,
    "queue": 10,
    "delay_noise": 0,
    "T_s": 0
}