{
    "timestamps": [
        0.0,
        0.5,
        1.0,
        1.5,
        2.0,
        2.5,
        3.0,
        3.5,
        4.0,
        4.5,
        5.0,
        5.5,
        6.0,
        6.5,
        7.0,
        7.5,
        8.0,
        8.5,
        9.0,
        9.5,
        10.0,
        10.5,
        11.0,
        11.5,
        12.0,
        12.5,
        13.0,
        13.5,
        14.0,
        14.5,
        15.0,
        15.5,
        16.0,
        16.5,
        17.0,
        17.5,
        18.0,
        18.5,
        19.0,
        19.5,
        20.0,
        20.5,
        21.0,
        21.5,
        22.0,
        22.5,
        23.0,
        23.5,
        24.0,
        24.5,
        25.0,
        25.5,
        26.0,
        26.5,
        27.0,
        27.5,
        28.0,
        28.5,
        29.0
    ],
    "bandwidths": [
        0.1,
        0.1,
        0.252624,
        1.561056,
        1.990912,
        1.628928,
        2.03616,
        2.126656,
        2.03616,
        2.03616,
        1.561056,
        1.583408,
        1.606304,
        2.171904,
        2.013536,
        2.194528,
        2.126656,
        2.058784,
        0.950208,
        1.47056,
        1.334816,
        1.990912,
        1.877792,
        1.58368,
        1.447936,
        1.153824,
        0.769216,
        0.837088,
        1.108576,
        0.972832,
        1.719424,
        1.198784,
        1.24432,
        1.153824,
        0.79184,
        0.972832,
        1.063328,
        1.199072,
        1.35744,
        1.380064,
        1.176448,
        1.24432,
        0.972832,
        1.176448,
        1.24432,
        1.266944,
        0.746592,
        0.542976,
        0.67872,
        1.01808,
        0.995456,
        0.882336,
        1.01808,
        0.837088,
        1.063328,
        1.085952,
        1.040704,
        0.950208,
        0.203616
    ],
    "delays": [
        120.17699999999999
    ],
    "loss": 0,
    "queue": 10,
    "delay_noise": 0,
    "T_s": 0
}