{
    "timestamps": [
        0.0,
        0.5,
        1.0,
        1.5,
        2.0,
        2.5,
        3.0,
        3.5,
        4.0,
        4.5,
        5.0,
        5.5,
        6.0,
        6.5,
        7.0,
        7.5,
        8.0,
        8.5,
        9.0,
        9.5,
        10.0,
        10.5,
        11.0,
        11.5,
        12.0,
        12.5,
        13.0,
        13.5,
        14.0,
        14.5,
        15.0,
        15.5,
        16.0,
        16.5,
        17.0,
        17.5,
        18.0,
        18.5,
        19.0,
        19.5,
        20.0,
        20.5,
        21.0,
        21.5,
        22.0,
        22.5,
        23.0,
        23.5,
        24.0,
        24.5,
        25.0,
        25.5,
        26.0,
        26.5,
        27.0,
        27.5,
        28.0,
        28.5,
        29.0
    ],
    "bandwidths": [
        0.1,
        0.1,
        0.254256,
        1.766256,
        2.194528,
        2.217152,
        2.013536,
        1.877792,
        2.14928,
        2.171904,
        2.171904,
        2.03616,
        1.990912,
        1.990912,
        1.742048,
        1.832544,
        2.03616,
        2.03616,
        2.352896,
        1.945376,
        2.217152,
        2.171904,
        1.764672,
        2.081408,
        1.221696,
        1.560768,
        1.425312,
        1.425312,
        1.6968,
        1.538432,
        1.425312,
        1.402688,
        1.380064,
        1.515808,
        1.674176,
        1.47056,
        1.515808,
        1.515808,
        1.651552,
        1.402688,
        1.515808,
        1.35744,
        1.334816,
        1.35744,
        1.312192,
        0.882336,
        1.35744,
        0.837088,
        1.176448,
        1.085952,
        1.085952,
        1.108576,
        1.040704,
        1.063328,
        1.040704,
        0.972832,
        1.01808,
        1.063328,
        0.271488
    ],
    "delays": [
        117.8925
    ],
    "loss": 0,
    "queue": 10,
    "delay_noise": 0,
    "T_s": 0
}