{
    "timestamps": [
        0.0,
        0.5,
        1.0,
        1.5,
        2.0,
        2.5,
        3.0,
        3.5,
        4.0,
        4.5,
        5.0,
        5.5,
        6.0,
        6.5,
        7.0,
        7.5,
        8.0,
        8.5,
        9.0,
        9.5,
        10.0,
        10.5,
        11.0,
        11.5,
        12.0,
        12.5,
        13.0,
        13.5,
        14.0,
        14.5,
        15.0,
        15.5,
        16.0,
        16.5,
        17.0,
        17.5,
        18.0,
        18.5,
        19.0,
        19.5,
        20.0,
        20.5,
        21.0,
        21.5,
        22.0,
        22.5,
        23.0,
        23.5,
        24.0,
        24.5,
        25.0,
        25.5,
        26.0,
        26.5,
        27.0,
        27.5,
        28.0,
        28.5
    ],
    "bandwidths": [
        0.1,
        0.1,
        0.254256,
        1.630512,
        2.171904,
        2.239776,
        2.37552,
        2.126656,
        2.194528,
        2.285024,
        2.398144,
        2.420768,
        2.37552,
        2.239776,
        2.285024,
        2.239776,
        2.37552,
        2.307648,
        2.330272,
        2.37552,
        2.058784,
        2.058784,
        1.425312,
        1.968288,
        1.085952,
        1.764672,
        1.606304,
        1.425312,
        1.289568,
        1.312192,
        1.538432,
        1.425312,
        1.425312,
        1.221696,
        1.312192,
        1.334816,
        1.402688,
        1.312192,
        1.447936,
        1.447936,
        1.561056,
        1.493184,
        1.425312,
        1.425312,
        1.35744,
        0.950208,
        1.085952,
        0.67872,
        0.542976,
        0.814464,
        0.746592,
        1.01808,
        0.67872,
        0.927584,
        1.063328,
        0.972832,
        0.882336,
        0.814464
    ],
    "delays": [
        113.28800000000001
    ],
    "loss": 0,
    "queue": 10,
    "delay_noise": 0,
    "T_s": 0
}