{
    "timestamps": [
        0.0,
        0.5,
        1.0,
        1.5,
        2.0,
        2.5,
        3.0,
        3.5,
        4.0,
        4.5,
        5.0,
        5.5,
        6.0,
        6.5,
        7.0,
        7.5,
        8.0,
        8.5,
        9.0,
        9.5,
        10.0,
        10.5,
        11.0,
        11.5,
        12.0,
        12.5,
        13.0,
        13.5,
        14.0,
        14.5,
        15.0,
        15.5,
        16.0,
        16.5,
        17.0,
        17.5,
        18.0,
        18.5,
        19.0,
        19.5,
        20.0,
        20.5,
        21.0,
        21.5,
        22.0,
        22.5,
        23.0,
        23.5,
        24.0,
        24.5,
        25.0,
        25.5,
        26.0,
        26.5,
        27.0,
        27.5,
        28.0,
        28.5,
        29.0,
        29.5,
        30.0
    ],
    "bandwidths": [
        0.1,
        0.722944,
        5.976,
        53.928,
        97.608,
        84.721408,
        97.536,
        97.176,
        97.8,
        97.512,
        97.536,
        97.512,
        97.536,
        97.512,
        97.536,
        97.536,
        97.512,
        97.44,
        97.536,
        97.512,
        97.536,
        96.792,
        91.56,
        59.304,
        48.768,
        43.585408,
        44.952,
        8.232,
        48.744,
        48.768,
        49.295872,
        48.769536,
        48.768,
        48.912,
        48.744,
        49.128,
        48.984,
        48.744,
        48.72,
        48.816,
        48.768,
        48.408,
        45.912,
        34.488,
        32.496,
        32.52,
        34.44,
        30.529408,
        0.192,
        22.272,
        32.496,
        32.496,
        32.52,
        32.52,
        33.792,
        32.496,
        32.088,
        32.976,
        32.424,
        32.568,
        24.672
    ],
    "delays": [
        75.64
    ],
    "loss": 0,
    "queue": 10,
    "delay_noise": 0,
    "T_s": 0
}