{
    "timestamps": [
        0.0,
        0.5,
        1.0,
        1.5,
        2.0,
        2.5,
        3.0,
        3.5,
        4.0,
        4.5,
        5.0,
        5.5,
        6.0,
        6.5,
        7.0,
        7.5,
        8.0,
        8.5,
        9.0,
        9.5,
        10.0,
        10.5,
        11.0,
        11.5,
        12.0,
        12.5,
        13.0,
        13.5,
        14.0,
        14.5,
        15.0,
        15.5,
        16.0,
        16.5,
        17.0,
        17.5,
        18.0,
        18.5,
        19.0,
        19.5,
        20.0,
        20.5,
        21.0,
        21.5,
        22.0,
        22.5,
        23.0,
        23.5,
        24.0,
        24.5,
        25.0,
        25.5,
        26.0,
        26.5,
        27.0,
        27.5,
        28.0,
        28.5,
        29.0,
        29.5,
        30.0
    ],
    "bandwidths": [
        0.1,
        0.722944,
        5.928,
        53.784,
        97.488,
        84.217408,
        97.536,
        97.344,
        97.512,
        97.536,
        97.368,
        97.56,
        96.912,
        97.128,
        97.536,
        97.536,
        97.248,
        97.584,
        97.512,
        97.536,
        97.512,
        96.792,
        92.016,
        60.408,
        48.769408,
        36.12,
        4.344,
        48.744,
        48.768,
        56.272128,
        41.12128,
        48.768,
        57.0,
        67.273408,
        48.768,
        48.768,
        48.817408,
        48.768,
        48.768,
        51.121408,
        48.336,
        48.456,
        46.128,
        34.704,
        32.496,
        32.52,
        32.496,
        32.52,
        32.712,
        32.497408,
        32.832,
        31.68,
        32.52,
        32.52,
        32.472,
        32.52,
        30.672,
        4.848,
        32.544,
        32.496,
        26.496
    ],
    "delays": [
        75.625
    ],
    "loss": 0,
    "queue": 10,
    "delay_noise": 0,
    "T_s": 0
}