{
    "timestamps": [
        0.0,
        0.5,
        1.0,
        1.5,
        2.0,
        2.5,
        3.0,
        3.5,
        4.0,
        4.5,
        5.0,
        5.5,
        6.0,
        6.5,
        7.0,
        7.5,
        8.0,
        8.5,
        9.0,
        9.5,
        10.0,
        10.5,
        11.0,
        11.5,
        12.0,
        12.5,
        13.0,
        13.5,
        14.0,
        14.5,
        15.0,
        15.5,
        16.0,
        16.5,
        17.0,
        17.5,
        18.0,
        18.5,
        19.0,
        19.5,
        20.0,
        20.5,
        21.0,
        21.5,
        22.0,
        22.5,
        23.0,
        23.5,
        24.0,
        24.5,
        25.0,
        25.5,
        26.0,
        26.5,
        27.0,
        27.5,
        28.0,
        28.5,
        29.0,
        29.5,
        30.0
    ],
    "bandwidths": [
        0.1,
        0.722944,
        7.176,
        62.328,
        97.512,
        97.032,
        69.552,
        71.952,
        73.776,
        76.152,
        77.64,
        78.6,
        79.896,
        81.24,
        80.928,
        82.776,
        82.656,
        81.816,
        83.232,
        83.232,
        82.824,
        82.584,
        82.848,
        56.616,
        44.424,
        29.208,
        30.672,
        31.56,
        31.872,
        33.384,
        33.552,
        21.936,
        17.328,
        18.048,
        19.176,
        19.416,
        19.584,
        20.112,
        20.16,
        20.304,
        20.208,
        20.256,
        18.72,
        14.736,
        16.08,
        17.136,
        18.096,
        18.96,
        19.488,
        19.392,
        19.968,
        20.256,
        20.16,
        20.016,
        19.728,
        14.688,
        15.936,
        16.608,
        12.624,
        13.296,
        10.896
    ],
    "delays": [
        75.65450000000001
    ],
    "loss": 0,
    "queue": 10,
    "delay_noise": 0,
    "T_s": 0
}