{
    "timestamps": [
        0.0,
        0.5,
        1.0,
        1.5,
        2.0,
        2.5,
        3.0,
        3.5,
        4.0,
        4.5,
        5.0,
        5.5,
        6.0,
        6.5,
        7.0,
        7.5,
        8.0,
        8.5,
        9.0,
        9.5,
        10.0,
        10.5,
        11.0,
        11.5,
        12.0,
        12.5,
        13.0,
        13.5,
        14.0,
        14.5,
        15.0,
        15.5,
        16.0,
        16.5,
        17.0,
        17.5,
        18.0,
        18.5,
        19.0,
        19.5,
        20.0,
        20.5,
        21.0,
        21.5,
        22.0,
        22.5,
        23.0,
        23.5,
        24.0,
        24.5,
        25.0,
        25.5,
        26.0,
        26.5,
        27.0,
        27.5,
        28.0,
        28.5,
        29.0,
        29.5,
        30.0
    ],
    "bandwidths": [
        0.1,
        0.1,
        0.656768,
        0.985152,
        1.40736,
        1.829568,
        3.096192,
        2.81472,
        3.260384,
        5.066496,
        4.292448,
        4.714656,
        5.207232,
        7.599744,
        6.192384,
        6.68496,
        9.570048,
        7.670112,
        8.162688,
        8.936736,
        11.751456,
        9.640416,
        10.062624,
        14.0736,
        11.118144,
        11.540352,
        12.853888,
        15.785888,
        13.01808,
        13.440288,
        18.577152,
        14.495808,
        14.918016,
        17.099424,
        19.398112,
        16.395744,
        16.817952,
        23.10416,
        17.873472,
        18.29568,
        21.626432,
        22.705408,
        19.70304,
        20.383264,
        27.396608,
        21.180768,
        21.602976,
        26.317632,
        25.8016,
        23.080704,
        24.488064,
        31.008832,
        24.488064,
        13.909408,
        6.460096,
        9.288576,
        7.459008,
        7.951584,
        11.071232,
        9.124384,
        6.21584
    ],
    "delays": [
        75.66550000000001
    ],
    "loss": 0,
    "queue": 10,
    "delay_noise": 0,
    "T_s": 0
}