{
    "timestamps": [
        0.0,
        0.5,
        1.0,
        1.5,
        2.0,
        2.5,
        3.0,
        3.5,
        4.0,
        4.5,
        5.0,
        5.5,
        6.0,
        6.5,
        7.0,
        7.5,
        8.0,
        8.5,
        9.0,
        9.5,
        10.0,
        10.5,
        11.0,
        11.5,
        12.0,
        12.5,
        13.0,
        13.5,
        14.0,
        14.5,
        15.0,
        15.5,
        16.0,
        16.5,
        17.0,
        17.5,
        18.0,
        18.5,
        19.0,
        19.5,
        20.0,
        20.5,
        21.0,
        21.5,
        22.0,
        22.5,
        23.0,
        23.5,
        24.0,
        24.5,
        25.0,
        25.5,
        26.0,
        26.5,
        27.0,
        27.5,
        28.0,
        28.5,
        29.0,
        29.5,
        30.0
    ],
    "bandwidths": [
        0.1,
        0.1,
        0.680224,
        0.985152,
        1.40736,
        1.829568,
        3.096192,
        2.81472,
        3.260384,
        5.066496,
        4.292448,
        4.714656,
        5.230688,
        7.576288,
        6.192384,
        6.68496,
        9.570048,
        7.670112,
        8.162688,
        9.14784,
        11.540352,
        9.640416,
        10.062624,
        14.0736,
        11.118144,
        11.540352,
        12.947712,
        15.645152,
        13.01808,
        13.440288,
        18.577152,
        14.495808,
        14.918016,
        17.427808,
        19.046272,
        16.395744,
        16.817952,
        23.080704,
        17.803104,
        18.29568,
        21.556064,
        22.775776,
        19.70304,
        20.195616,
        27.466976,
        21.251136,
        21.602976,
        25.379392,
        26.692928,
        23.080704,
        23.526368,
        30.211328,
        26.247264,
        24.910272,
        26.083072,
        33.565536,
        26.50528,
        26.73984,
        29.484192,
        34.550688,
        19.257376
    ],
    "delays": [
        75.7125
    ],
    "loss": 0,
    "queue": 10,
    "delay_noise": 0,
    "T_s": 0
}