{
    "timestamps": [
        0.0,
        0.5,
        1.0,
        1.5,
        2.0,
        2.5,
        3.0,
        3.5,
        4.0,
        4.5,
        5.0,
        5.5,
        6.0,
        6.5,
        7.0,
        7.5,
        8.0,
        8.5,
        9.0,
        9.5,
        10.0,
        10.5,
        11.0,
        11.5,
        12.0,
        12.5,
        13.0,
        13.5,
        14.0,
        14.5,
        15.0,
        15.5,
        16.0,
        16.5,
        17.0,
        17.5,
        18.0,
        18.5,
        19.0,
        19.5,
        20.0,
        20.5,
        21.0,
        21.5,
        22.0,
        22.5,
        23.0,
        23.5,
        24.0,
        24.5,
        25.0,
        25.5,
        26.0,
        26.5,
        27.0,
        27.5,
        28.0,
        28.5,
        29.0,
        29.5,
        30.0
    ],
    "bandwidths": [
        0.1,
        0.1,
        0.656768,
        0.985152,
        1.40736,
        1.829568,
        3.096192,
        2.81472,
        3.260384,
        5.066496,
        4.292448,
        4.714656,
        5.371424,
        7.435552,
        6.192384,
        6.68496,
        9.570048,
        7.693568,
        8.162688,
        9.452768,
        11.25888,
        9.640416,
        10.062624,
        14.097056,
        11.118144,
        11.540352,
        13.534112,
        15.105664,
        13.01808,
        13.440288,
        18.624064,
        14.495808,
        14.918016,
        17.568544,
        18.952448,
        16.395744,
        16.817952,
        23.10416,
        17.873472,
        18.29568,
        21.133856,
        23.197984,
        19.749952,
        20.195616,
        27.584256,
        21.180768,
        21.602976,
        24.910272,
        27.279328,
        23.080704,
        17.384288,
        13.36992,
        15.551328,
        13.158816,
        13.581024,
        18.7648,
        14.613088,
        15.058752,
        17.12288,
        19.656128,
        11.071232
    ],
    "delays": [
        75.6215
    ],
    "loss": 0,
    "queue": 10,
    "delay_noise": 0,
    "T_s": 0
}