{
    "timestamps": [
        0.0,
        0.5,
        1.0,
        1.5,
        2.0,
        2.5,
        3.0,
        3.5,
        4.0,
        4.5,
        5.0,
        5.5,
        6.0,
        6.5,
        7.0,
        7.5,
        8.0,
        8.5,
        9.0,
        9.5,
        10.0,
        10.5,
        11.0,
        11.5,
        12.0,
        12.5,
        13.0,
        13.5,
        14.0,
        14.5,
        15.0,
        15.5,
        16.0,
        16.5,
        17.0,
        17.5,
        18.0,
        18.5,
        19.0,
        19.5,
        20.0,
        20.5,
        21.0,
        21.5,
        22.0,
        22.5,
        23.0,
        23.5,
        24.0,
        24.5,
        25.0,
        25.5,
        26.0,
        26.5,
        27.0,
        27.5,
        28.0,
        28.5,
        29.0,
        29.5,
        30.0
    ],
    "bandwidths": [
        0.1,
        0.304064,
        3.191568,
        35.160944,
        78.849328,
        11.449392,
        7.94272,
        6.33472,
        9.051248,
        7.556416,
        2.256048,
        0.1,
        3.51376,
        19.90912,
        65.680864,
        11.153632,
        10.612304,
        9.547328,
        9.6152,
        26.132416,
        86.5208,
        84.051456,
        85.320096,
        63.623456,
        12.514368,
        17.805088,
        46.628064,
        19.298272,
        13.755392,
        38.91328,
        28.394464,
        51.514848,
        52.057824,
        53.641504,
        53.370016,
        53.596256,
        54.161856,
        42.130928,
        53.484832,
        45.90544,
        39.47888,
        51.537472,
        51.333856,
        28.257376,
        32.646432,
        23.55128,
        34.139616,
        33.688816,
        33.258912,
        30.157792,
        32.736928,
        33.3704,
        34.04912,
        34.320608,
        34.931456,
        34.682592,
        35.202944,
        30.927008,
        32.105136,
        32.736928,
        22.533504
    ],
    "delays": [
        75.619
    ],
    "loss": 0,
    "queue": 10,
    "delay_noise": 0,
    "T_s": 0
}