{
    "timestamps": [
        0.0,
        0.5,
        1.0,
        1.5,
        2.0,
        2.5,
        3.0,
        3.5,
        4.0,
        4.5,
        5.0,
        5.5,
        6.0,
        6.5,
        7.0,
        7.5,
        8.0,
        8.5,
        9.0,
        9.5,
        10.0,
        10.5,
        11.0,
        11.5,
        12.0,
        12.5,
        13.0,
        13.5,
        14.0,
        14.5,
        15.0,
        15.5,
        16.0,
        16.5,
        17.0,
        17.5,
        18.0,
        18.5,
        19.0,
        19.5,
        20.0,
        20.5,
        21.0,
        21.5,
        22.0,
        22.5,
        23.0,
        23.5,
        24.0,
        24.5,
        25.0,
        25.5,
        26.0,
        26.5,
        27.0,
        27.5,
        28.0,
        28.5,
        29.0,
        29.5,
        30.0
    ],
    "bandwidths": [
        0.1,
        0.304064,
        3.14632,
        34.546848,
        95.72544,
        16.449296,
        8.689264,
        3.19424,
        0.1,
        0.1,
        1.435872,
        8.189888,
        8.393504,
        74.478208,
        12.17336,
        7.280656,
        11.130704,
        10.158176,
        41.471536,
        85.046912,
        33.575056,
        16.153536,
        51.810608,
        65.136144,
        25.859232,
        12.556016,
        13.34816,
        54.52384,
        60.362528,
        66.403088,
        66.538832,
        41.356368,
        14.116768,
        24.139808,
        52.036896,
        55.27208,
        39.570784,
        17.329984,
        34.524224,
        42.150208,
        45.8136,
        46.537568,
        46.83168,
        45.044384,
        27.84984,
        27.82752,
        36.696128,
        37.533216,
        34.117728,
        25.293632,
        31.040128,
        31.831968,
        32.759552,
        32.782176,
        32.488064,
        29.094464,
        27.736736,
        26.424832,
        23.86832,
        24.049312,
        16.33616
    ],
    "delays": [
        75.60849999999999
    ],
    "loss": 0,
    "queue": 10,
    "delay_noise": 0,
    "T_s": 0
}