{
    "timestamps": [
        0.0,
        0.5,
        1.0,
        1.5,
        2.0,
        2.5,
        3.0,
        3.5,
        4.0,
        4.5,
        5.0,
        5.5,
        6.0,
        6.5,
        7.0,
        7.5,
        8.0,
        8.5,
        9.0,
        9.5,
        10.0,
        10.5,
        11.0,
        11.5,
        12.0,
        12.5,
        13.0,
        13.5,
        14.0,
        14.5,
        15.0,
        15.5,
        16.0,
        16.5,
        17.0,
        17.5,
        18.0,
        18.5,
        19.0,
        19.5,
        20.0,
        20.5,
        21.0,
        21.5,
        22.0,
        22.5,
        23.0,
        23.5,
        24.0,
        24.5,
        25.0,
        25.5,
        26.0,
        26.5,
        27.0,
        27.5,
        28.0,
        28.5,
        29.0,
        29.5,
        30.0
    ],
    "bandwidths": [
        0.1,
        0.304064,
        3.14632,
        34.297984,
        96.106752,
        16.243728,
        8.303008,
        3.647104,
        0.1,
        0.1,
        2.431328,
        8.14464,
        7.986272,
        75.296064,
        12.559616,
        5.61176,
        14.999712,
        14.02688,
        73.146672,
        12.511072,
        13.078112,
        12.035968,
        40.519584,
        38.102112,
        12.692064,
        33.14416,
        58.958144,
        67.623136,
        68.936976,
        68.574992,
        65.477376,
        63.733456,
        30.361408,
        15.904672,
        26.426624,
        51.131936,
        54.48024,
        54.66128,
        38.102096,
        38.438176,
        19.840944,
        40.905888,
        41.96752,
        35.994784,
        24.02608,
        30.497152,
        30.860768,
        31.539488,
        32.01464,
        32.307072,
        31.831968,
        32.736928,
        32.942176,
        33.234656,
        33.281536,
        33.438272,
        34.184864,
        34.16224,
        34.569472,
        34.682592,
        23.19128
    ],
    "delays": [
        75.632
    ],
    "loss": 0,
    "queue": 10,
    "delay_noise": 0,
    "T_s": 0
}