{
    "timestamps": [
        0.0,
        0.5,
        1.0,
        1.5,
        2.0,
        2.5,
        3.0,
        3.5,
        4.0,
        4.5,
        5.0,
        5.5,
        6.0,
        6.5,
        7.0,
        7.5,
        8.0,
        8.5,
        9.0,
        9.5,
        10.0,
        10.5,
        11.0,
        11.5,
        12.0,
        12.5,
        13.0,
        13.5,
        14.0,
        14.5,
        15.0,
        15.5,
        16.0,
        16.5,
        17.0,
        17.5,
        18.0,
        18.5,
        19.0,
        19.5,
        20.0,
        20.5,
        21.0,
        21.5,
        22.0,
        22.5,
        23.0,
        23.5,
        24.0,
        24.5,
        25.0,
        25.5,
        26.0,
        26.5,
        27.0,
        27.5,
        28.0,
        28.5,
        29.0,
        29.5,
        30.0
    ],
    "bandwidths": [
        0.1,
        0.722944,
        7.08,
        61.056,
        97.152,
        56.304,
        49.56,
        49.776,
        49.584,
        50.376,
        50.712,
        50.88,
        50.472,
        51.144,
        51.84,
        51.576,
        51.792,
        51.912,
        52.896,
        52.656,
        52.752,
        52.944,
        53.544,
        35.208,
        13.296,
        13.776,
        14.112,
        14.064,
        14.256,
        8.928,
        7.392,
        7.632,
        7.872,
        7.968,
        8.496,
        8.736,
        8.88,
        8.976,
        9.456,
        9.792,
        9.792,
        10.104,
        10.536,
        10.752,
        10.608,
        11.232,
        11.568,
        11.688,
        5.832,
        6.192,
        6.432,
        6.576,
        6.96,
        7.2,
        7.392,
        7.536,
        8.016,
        8.304,
        8.256,
        8.688,
        5.328
    ],
    "delays": [
        76.14349999999999
    ],
    "loss": 0,
    "queue": 10,
    "delay_noise": 0,
    "T_s": 0
}